country,state,city,station,last_update,latitude,longitude,pollutant_id,pollutant_min,pollutant_max,pollutant_avg
India,Andhra_Pradesh,Machilipatnam,"Srinivas Nagar Colony, Machilipatnam - APPCB",11-03-2026 15:00,16.186555,81.13219,CO,17,27,24
India,Andhra_Pradesh,Machilipatnam,"Srinivas Nagar Colony, Machilipatnam - APPCB",11-03-2026 15:00,16.186555,81.13219,OZONE,11,27,21
India,Andhra_Pradesh,Rajamahendravaram,"Anand Kala Kshetram, Rajamahendravaram - APPCB",11-03-2026 15:00,16.9872867,81.7363176,PM10,49,123,85
India,Andhra_Pradesh,Rajamahendravaram,"Anand Kala Kshetram, Rajamahendravaram - APPCB",11-03-2026 15:00,16.9872867,81.7363176,SO2,4,27,8
India,Andhra_Pradesh,Rajamahendravaram,"Anand Kala Kshetram, Rajamahendravaram - APPCB",11-03-2026 15:00,16.9872867,81.7363176,CO,10,48,25
India,Andhra_Pradesh,Tirumala,"Toll Gate, Tirumala - APPCB",11-03-2026 15:00,13.67,79.35,PM10,25,64,43
India,Andhra_Pradesh,Tirumala,"Toll Gate, Tirumala - APPCB",11-03-2026 15:00,13.67,79.35,NO2,64,104,81
India,Andhra_Pradesh,Tirumala,"Toll Gate, Tirumala - APPCB",11-03-2026 15:00,13.67,79.35,CO,13,34,19
India,Andhra_Pradesh,Tirupati,"Vaikuntapuram, Tirupati - APPCB",11-03-2026 15:00,13.615387,79.40923,SO2,10,20,13
India,Andhra_Pradesh,Vijayawada,"HB Colony, Vijayawada - APPCB",11-03-2026 15:00,16.536107,80.594233,OZONE,14,22,17
India,Assam,Nagaon,"Christianpatty, Nagaon - PCBA",11-03-2026 15:00,26.349082,92.68449,CO,8,23,21
India,Assam,Nalbari,"Bata Chowk, Nalbari - PCBA",11-03-2026 15:00,26.446912,91.439057,PM10,91,128,104
India,Assam,Nalbari,"Bata Chowk, Nalbari - PCBA",11-03-2026 15:00,26.446912,91.439057,CO,20,22,21
India,Assam,Silchar,"Tarapur, Silchar - PCBA",11-03-2026 15:00,24.82827,92.79525,SO2,4,8,6
India,Assam,Silchar,"Tarapur, Silchar - PCBA",11-03-2026 15:00,24.82827,92.79525,OZONE,2,5,3
India,Assam,Sivasagar,"Girls College, Sivasagar - PCBA",11-03-2026 15:00,26.987634,94.636574,NH3,6,16,9
India,Assam,Sivasagar,"Girls College, Sivasagar - PCBA",11-03-2026 15:00,26.987634,94.636574,CO,28,103,42
India,Bihar,Araria,"Kharahiya Basti, Araria - BSPCB",11-03-2026 15:00,26.146529,87.454184,PM10,38,151,83
India,Assam,Byrnihat,"Central Academy for SFS, Byrnihat - PCBA",11-03-2026 15:00,26.071318,91.87488,OZONE,13,46,31
India,Assam,Guwahati,"IITG, Guwahati - PCBA",11-03-2026 15:00,26.2028636,91.70046436,PM2.5,NA,NA,NA
India,Assam,Guwahati,"IITG, Guwahati - PCBA",11-03-2026 15:00,26.2028636,91.70046436,CO,10,22,13
India,Assam,Guwahati,"LGBI Airport, Guwahati - PCBA",11-03-2026 15:00,26.10887,91.589544,OZONE,10,15,13
India,Assam,Guwahati,"Pan Bazaar, Guwahati - PCBA",11-03-2026 15:00,26.1875,91.744194,PM10,74,471,172
India,Assam,Guwahati,"Pan Bazaar, Guwahati - PCBA",11-03-2026 15:00,26.1875,91.744194,SO2,52,90,69
India,Assam,Guwahati,"Railway Colony, Guwahati - PCBA",11-03-2026 15:00,26.181742,91.78063,SO2,22,24,23
India,Andhra_Pradesh,Vijayawada,"Rajiv Gandhi Park, Vijayawada - APPCB",11-03-2026 15:00,16.509717,80.612222,NO2,16,34,25
India,Andhra_Pradesh,Visakhapatnam,"GVM Corporation, Visakhapatnam - APPCB",11-03-2026 15:00,17.72,83.3,NH3,3,4,3
India,Andhra_Pradesh,Visakhapatnam,"GVM Corporation, Visakhapatnam - APPCB",11-03-2026 15:00,17.72,83.3,OZONE,4,38,26
India,Assam,Byrnihat,"Central Academy for SFS, Byrnihat - PCBA",11-03-2026 15:00,26.071318,91.87488,NO2,6,9,8
India,Assam,Byrnihat,"Central Academy for SFS, Byrnihat - PCBA",11-03-2026 15:00,26.071318,91.87488,NH3,4,4,4
India,Bihar,Arrah,"New DM Office, Arrah - BSPCB",11-03-2026 15:00,25.5626095,84.663264,OZONE,4,59,17
India,Bihar,Aurangabad,"Gurdeo Nagar, Aurangabad - BSPCB",11-03-2026 15:00,24.75746,84.366208,NH3,1,2,1
India,Bihar,Begusarai,"Lohiyanagar, Begusarai - BSPCB",11-03-2026 15:00,25.42742023,86.13886079,PM10,54,143,91
India,Bihar,Begusarai,"Lohiyanagar, Begusarai - BSPCB",11-03-2026 15:00,25.42742023,86.13886079,SO2,21,27,24
India,Bihar,Bettiah,"Kamalnath Nagar, Bettiah - BSPCB",11-03-2026 15:00,26.80365,84.51954,NH3,1,1,1
India,Bihar,Chhapra,"Darshan Nagar, Chhapra - BSPCB",11-03-2026 15:00,25.7808257,84.7446768,NO2,3,4,4
India,Bihar,Gaya,"Collectorate, Gaya - BSPCB",11-03-2026 15:00,24.7955,84.9994,NO2,8,10,9
India,Bihar,Gaya,"Collectorate, Gaya - BSPCB",11-03-2026 15:00,24.7955,84.9994,OZONE,17,19,18
India,Bihar,Hajipur,"Industrial Area, Hajipur - BSPCB",11-03-2026 15:00,25.697189,85.2459,PM2.5,98,262,198
India,Bihar,Katihar,"Mirchaibari, Katihar - BSPCB",11-03-2026 15:00,25.560083,87.553265,PM2.5,37,98,68
India,Bihar,Bhagalpur,"Mayaganj, Bhagalpur - BSPCB",11-03-2026 15:00,25.265194,87.012947,PM10,20,53,35
India,Bihar,Bihar Sharif,"D M Colony, Bihar Sharif - BSPCB",11-03-2026 15:00,25.204762,85.51496,OZONE,2,2,2
India,Bihar,Buxar,"Charitra Van, Buxar - BSPCB",11-03-2026 15:00,25.56752,83.966379,PM2.5,65,163,113
India,Bihar,Buxar,"Charitra Van, Buxar - BSPCB",11-03-2026 15:00,25.56752,83.966379,NH3,3,3,3
India,Andhra_Pradesh,Anantapur,"Gulzarpet, Anantapur - APPCB",11-03-2026 15:00,14.675886,77.593027,PM10,50,100,70
India,Andhra_Pradesh,Anantapur,"Gulzarpet, Anantapur - APPCB",11-03-2026 15:00,14.675886,77.593027,CO,18,34,30
India,Andhra_Pradesh,Anantapur,"Gulzarpet, Anantapur - APPCB",11-03-2026 15:00,14.675886,77.593027,OZONE,32,32,32
India,Andhra_Pradesh,Eluru,"District Court, Eluru - APPCB",11-03-2026 15:00,16.711754,81.092095,NO2,NA,NA,NA
India,Andhra_Pradesh,Amaravati,"Secretariat, Amaravati - APPCB",11-03-2026 15:00,16.5150833,80.5181667,PM2.5,12,71,49
India,Andhra_Pradesh,Amaravati,"Secretariat, Amaravati - APPCB",11-03-2026 15:00,16.5150833,80.5181667,CO,10,36,14
India,Andhra_Pradesh,Machilipatnam,"Srinivas Nagar Colony, Machilipatnam - APPCB",11-03-2026 15:00,16.186555,81.13219,PM2.5,NA,NA,NA
India,Chhattisgarh,Bilaspur,"Mangala, Bilaspur - NTPC",11-03-2026 15:00,22.08815,82.13737,PM2.5,56,128,78
India,Chhattisgarh,Bilaspur,"Mangala, Bilaspur - NTPC",11-03-2026 15:00,22.08815,82.13737,NO2,18,140,44
India,Chhattisgarh,Chhal,"Nawapara SECL Colony, Chhal - CECB",11-03-2026 15:00,22.118125,83.140608,NH3,4,4,4
India,Chhattisgarh,Korba,"Rampur, Korba - CECB",11-03-2026 15:00,22.368195,82.746431,NH3,1,1,1
India,Chhattisgarh,Korba,"Rampur, Korba - CECB",11-03-2026 15:00,22.368195,82.746431,CO,15,49,27
India,Chhattisgarh,Korba,"Urja Nagar, Korba - CECB",11-03-2026 15:00,22.348441,82.549611,SO2,8,63,32
India,Chhattisgarh,Korba,"Urja Nagar, Korba - CECB",11-03-2026 15:00,22.348441,82.549611,CO,15,34,30
India,Chhattisgarh,Korba,"Urja Nagar, Korba - CECB",11-03-2026 15:00,22.348441,82.549611,OZONE,2,4,3
India,Chhattisgarh,Kunjemura,"OP Jindal School, Kunjemura - CECB",11-03-2026 15:00,22.12665,83.483212,PM10,74,401,170
India,Chhattisgarh,Kunjemura,"OP Jindal School, Kunjemura - CECB",11-03-2026 15:00,22.12665,83.483212,OZONE,3,60,36
India,Chhattisgarh,Milupara,"Govt. Higher Secondary School, Milupara - CECB",11-03-2026 15:00,22.1910172,83.5197009,PM2.5,82,143,109
India,Bihar,Muzaffarpur,"MIT-Daudpur Kothi, Muzaffarpur - BSPCB",11-03-2026 15:00,26.1403345,85.3650192,PM10,63,75,71
India,Bihar,Muzaffarpur,"MIT-Daudpur Kothi, Muzaffarpur - BSPCB",11-03-2026 15:00,26.1403345,85.3650192,NH3,1,2,2
India,Bihar,Muzaffarpur,"MIT-Daudpur Kothi, Muzaffarpur - BSPCB",11-03-2026 15:00,26.1403345,85.3650192,SO2,6,16,9
India,Bihar,Patna,"DRM Office Danapur, Patna - BSPCB",11-03-2026 15:00,25.586562,85.043586,PM2.5,49,106,79
India,Bihar,Patna,"DRM Office Danapur, Patna - BSPCB",11-03-2026 15:00,25.586562,85.043586,NH3,10,12,11
India,Bihar,Patna,"Govt. High School Shikarpur, Patna - BSPCB",11-03-2026 15:00,25.592539,85.227158,PM10,117,157,142
India,Bihar,Patna,"IGSC Planetarium Complex, Patna - BSPCB",11-03-2026 15:00,25.610369,85.132568,NO2,1,2,2
India,Bihar,Patna,"IGSC Planetarium Complex, Patna - BSPCB",11-03-2026 15:00,25.610369,85.132568,CO,6,40,17
India,Bihar,Patna,"IGSC Planetarium Complex, Patna - BSPCB",11-03-2026 15:00,25.610369,85.132568,OZONE,47,49,48
India,Bihar,Patna,"Muradpur, Patna - BSPCB",11-03-2026 15:00,25.619651,85.147382,PM2.5,151,305,213
India,Bihar,Katihar,"Mirchaibari, Katihar - BSPCB",11-03-2026 15:00,25.560083,87.553265,OZONE,5,46,17
India,Bihar,Kishanganj,"SDM Office_Khagra, Kishanganj - BSPCB",11-03-2026 15:00,26.0881305,87.93840336,PM2.5,25,153,59
India,Bihar,Kishanganj,"SDM Office_Khagra, Kishanganj - BSPCB",11-03-2026 15:00,26.0881305,87.93840336,OZONE,31,34,32
India,Bihar,Manguraha,"Forest Rest House, Manguraha - BSPCB",11-03-2026 15:00,27.308328,84.531742,PM10,96,161,125
India,Bihar,Manguraha,"Forest Rest House, Manguraha - BSPCB",11-03-2026 15:00,27.308328,84.531742,NO2,1,4,2
India,Bihar,Motihari,"Gandak Colony, Motihari - BSPCB",11-03-2026 15:00,26.63086,84.90051,OZONE,2,5,4
India,Bihar,Munger,"Town Hall, Munger - BSPCB",11-03-2026 15:00,25.376776,86.471523,NO2,4,5,5
India,Delhi,Delhi,"Alipur, Delhi - DPCC",11-03-2026 15:00,28.815329,77.15301,CO,16,96,37
India,Delhi,Delhi,"Ashok Vihar, Delhi - DPCC",11-03-2026 15:00,28.695381,77.181665,SO2,24,57,39
India,Delhi,Delhi,"Ashok Vihar, Delhi - DPCC",11-03-2026 15:00,28.695381,77.181665,OZONE,1,91,54
India,Delhi,Delhi,"Aya Nagar, Delhi - IMD",11-03-2026 15:00,28.4706914,77.1099364,PM2.5,68,342,192
India,Delhi,Delhi,"Aya Nagar, Delhi - IMD",11-03-2026 15:00,28.4706914,77.1099364,PM10,120,404,212
India,Delhi,Delhi,"Aya Nagar, Delhi - IMD",11-03-2026 15:00,28.4706914,77.1099364,NO2,6,84,39
India,Delhi,Delhi,"Aya Nagar, Delhi - IMD",11-03-2026 15:00,28.4706914,77.1099364,CO,2,104,40
India,Chandigarh,Chandigarh,"Sector 22, Chandigarh - CPCC",11-03-2026 15:00,30.735567,76.775714,PM10,34,117,86
India,Chandigarh,Chandigarh,"Sector-25, Chandigarh - CPCC",11-03-2026 15:00,30.751462,76.762879,SO2,4,10,6
India,Chhattisgarh,Bhilai,"Civic Center, Bhilai - Bhilai Steel Plant",11-03-2026 15:00,21.185571,81.343175,CO,27,34,30
India,Chhattisgarh,Bhilai,"Hathkhoj, Bhilai - CECB",11-03-2026 15:00,21.224231,81.40835,PM2.5,10,77,48
India,Chhattisgarh,Bhilai,"Hathkhoj, Bhilai - CECB",11-03-2026 15:00,21.224231,81.40835,NO2,16,96,60
India,Bihar,Purnia,"Mariam Nagar, Purnia - BSPCB",11-03-2026 15:00,25.366336,87.117468,NO2,5,6,6
India,Bihar,Rajgir,"Dangi Tola, Rajgir - BSPCB",11-03-2026 15:00,25.0328,85.41948,PM2.5,NA,NA,NA
India,Bihar,Rajgir,"Dangi Tola, Rajgir - BSPCB",11-03-2026 15:00,25.0328,85.41948,PM10,NA,NA,NA
India,Bihar,Rajgir,"Dangi Tola, Rajgir - BSPCB",11-03-2026 15:00,25.0328,85.41948,NH3,NA,NA,NA
India,Bihar,Rajgir,"Dangi Tola, Rajgir - BSPCB",11-03-2026 15:00,25.0328,85.41948,SO2,NA,NA,NA
India,Bihar,Saharsa,"Police Line, Saharsa - BSPCB",11-03-2026 15:00,25.892357,86.590325,PM2.5,56,365,201
India,Bihar,Patna,"Muradpur, Patna - BSPCB",11-03-2026 15:00,25.619651,85.147382,CO,38,136,123
India,Bihar,Patna,"Rajbansi Nagar, Patna - BSPCB",11-03-2026 15:00,25.599486,85.113666,SO2,4,14,8
India,Bihar,Patna,"Rajbansi Nagar, Patna - BSPCB",11-03-2026 15:00,25.599486,85.113666,CO,13,115,42
India,Bihar,Patna,"Rajbansi Nagar, Patna - BSPCB",11-03-2026 15:00,25.599486,85.113666,OZONE,26,34,31
India,Delhi,Delhi,"CRRI Mathura Road, Delhi - IMD",11-03-2026 15:00,28.5512005,77.2735737,CO,27,90,52
India,Delhi,Delhi,"Commonwealth Sports Complex, Delhi - DPCC",11-03-2026 15:00,28.615828,77.271992,PM2.5,69,349,236
India,Chhattisgarh,Raipur,"AIIMS, Raipur - CECB",11-03-2026 15:00,21.258815,81.578979,PM10,44,151,94
India,Chhattisgarh,Raipur,"Bhatagaon New ISBT, Raipur - CECB",11-03-2026 15:00,21.219665,81.630094,NH3,2,2,2
India,Delhi,Delhi,"Nehru Nagar, Delhi - DPCC",11-03-2026 15:00,28.56789,77.250515,OZONE,1,183,98
India,Delhi,Delhi,"New Moti Bagh, Delhi - MHUA",11-03-2026 15:00,28.57834,77.184,NO2,8,9,9
India,Delhi,Delhi,"New Moti Bagh, Delhi - MHUA",11-03-2026 15:00,28.57834,77.184,CO,16,130,71
India,Delhi,Delhi,"Okhla Phase-2, Delhi - DPCC",11-03-2026 15:00,28.530785,77.271255,NH3,11,18,13
India,Delhi,Delhi,"Patparganj, Delhi - DPCC",11-03-2026 15:00,28.623763,77.287209,PM10,161,326,232
India,Delhi,Delhi,"Patparganj, Delhi - DPCC",11-03-2026 15:00,28.623763,77.287209,CO,32,139,70
India,Delhi,Delhi,"Patparganj, Delhi - DPCC",11-03-2026 15:00,28.623763,77.287209,OZONE,2,213,184
India,Delhi,Delhi,"Punjabi Bagh, Delhi - DPCC",11-03-2026 15:00,28.674045,77.131023,PM10,119,381,210
India,Delhi,Delhi,"Punjabi Bagh, Delhi - DPCC",11-03-2026 15:00,28.674045,77.131023,NH3,5,9,7
India,Delhi,Delhi,"NSUT Jaffarpur, Delhi - DPCC",11-03-2026 15:00,28.594004,76.909423,PM10,89,261,171
India,Delhi,Delhi,"NSUT Jaffarpur, Delhi - DPCC",11-03-2026 15:00,28.594004,76.909423,OZONE,8,120,86
India,Delhi,Delhi,"Najafgarh, Delhi - DPCC",11-03-2026 15:00,28.570173,76.933762,PM2.5,63,273,157
India,Delhi,Delhi,"Najafgarh, Delhi - DPCC",11-03-2026 15:00,28.570173,76.933762,PM10,88,169,135
India,Delhi,Delhi,"Najafgarh, Delhi - DPCC",11-03-2026 15:00,28.570173,76.933762,NO2,3,103,65
India,Delhi,Delhi,"Najafgarh, Delhi - DPCC",11-03-2026 15:00,28.570173,76.933762,NH3,4,18,11
India,Delhi,Delhi,"Najafgarh, Delhi - DPCC",11-03-2026 15:00,28.570173,76.933762,CO,18,109,35
India,Delhi,Delhi,"Narela, Delhi - DPCC",11-03-2026 15:00,28.822836,77.101981,NO2,11,63,33
India,Delhi,Delhi,"Nehru Nagar, Delhi - DPCC",11-03-2026 15:00,28.56789,77.250515,PM10,126,388,222
India,Delhi,Delhi,"Jawaharlal Nehru Stadium, Delhi - DPCC",11-03-2026 15:00,28.58028,77.233829,SO2,3,32,12
India,Delhi,Delhi,"Lodhi Road, Delhi - IMD",11-03-2026 15:00,28.5918245,77.2273074,CO,32,89,54
India,Delhi,Delhi,"Mandir Marg, Delhi - DPCC",11-03-2026 15:00,28.636429,77.201067,PM2.5,203,373,296
India,Delhi,Delhi,"Mundka, Delhi - DPCC",11-03-2026 15:00,28.684678,77.076574,NH3,6,15,10
India,Delhi,Delhi,"Mundka, Delhi - DPCC",11-03-2026 15:00,28.684678,77.076574,SO2,28,44,36
India,Delhi,Delhi,"NSIT Dwarka, Delhi - CPCB",11-03-2026 15:00,28.60909,77.0325413,PM10,119,434,226
India,Delhi,Delhi,"IGI Airport (T3), Delhi - IMD",11-03-2026 15:00,28.5627763,77.1180053,OZONE,4,94,50
India,Delhi,Delhi,"IHBAS, Dilshad Garden, Delhi - CPCB",11-03-2026 15:00,28.6811736,77.3025234,PM2.5,45,328,230
India,Delhi,Delhi,"IHBAS, Dilshad Garden, Delhi - CPCB",11-03-2026 15:00,28.6811736,77.3025234,PM10,117,196,161
India,Delhi,Delhi,"IHBAS, Dilshad Garden, Delhi - CPCB",11-03-2026 15:00,28.6811736,77.3025234,OZONE,23,39,26
India,Delhi,Delhi,"ITO, Delhi - CPCB",11-03-2026 15:00,28.628624,77.24106,PM10,76,152,124
India,Delhi,Delhi,"ITO, Delhi - CPCB",11-03-2026 15:00,28.628624,77.24106,SO2,12,34,23
India,Delhi,Delhi,"Punjabi Bagh, Delhi - DPCC",11-03-2026 15:00,28.674045,77.131023,CO,30,110,83
India,Delhi,Delhi,"Pusa, Delhi - DPCC",11-03-2026 15:00,28.639652,77.146275,PM10,145,406,185
India,Delhi,Delhi,"R K Puram, Delhi - DPCC",11-03-2026 15:00,28.563262,77.186937,SO2,4,108,38
India,Delhi,Delhi,"R K Puram, Delhi - DPCC",11-03-2026 15:00,28.563262,77.186937,OZONE,6,169,80
India,Delhi,Delhi,"Shadipur, Delhi - CPCB",11-03-2026 15:00,28.6514781,77.1473105,NO2,42,245,92
India,Delhi,Delhi,"Sonia Vihar, Delhi - DPCC",11-03-2026 15:00,28.710508,77.249485,PM10,135,278,184
India,Delhi,Delhi,"Sonia Vihar, Delhi - DPCC",11-03-2026 15:00,28.710508,77.249485,NH3,6,10,8
India,Delhi,Delhi,"Sri Aurobindo Marg, Delhi - DPCC",11-03-2026 15:00,28.531346,77.190156,PM2.5,83,310,181
India,Delhi,Delhi,"Sri Aurobindo Marg, Delhi - DPCC",11-03-2026 15:00,28.531346,77.190156,CO,8,92,38
India,Delhi,Delhi,"DTU, Delhi - CPCB",11-03-2026 15:00,28.7500499,77.1112615,PM2.5,70,358,218
India,Delhi,Delhi,"Dr. Karni Singh Shooting Range, Delhi - DPCC",11-03-2026 15:00,28.498571,77.26484,NO2,4,54,24
India,Delhi,Delhi,"Jawaharlal Nehru Stadium, Delhi - DPCC",11-03-2026 15:00,28.58028,77.233829,PM10,117,342,215
India,Delhi,Delhi,"Jawaharlal Nehru Stadium, Delhi - DPCC",11-03-2026 15:00,28.58028,77.233829,NO2,20,137,82
India,Delhi,Delhi,"Jahangirpuri, Delhi - DPCC",11-03-2026 15:00,28.73282,77.170633,NO2,39,102,65
India,Delhi,Delhi,"Jahangirpuri, Delhi - DPCC",11-03-2026 15:00,28.73282,77.170633,OZONE,3,48,20
India,Haryana,Bhiwani,"H.B. Colony, Bhiwani - HSPCB",11-03-2026 15:00,28.806223,76.141105,NH3,3,3,3
India,Haryana,Charkhi Dadri,"Mini Secretariat, Charkhi Dadri - HSPCB",11-03-2026 15:00,28.593883,76.270653,PM2.5,89,110,99
India,Haryana,Charkhi Dadri,"Mini Secretariat, Charkhi Dadri - HSPCB",11-03-2026 15:00,28.593883,76.270653,OZONE,12,17,15
India,Haryana,Dharuhera,"Municipal Corporation Office, Dharuhera -  HSPCB",11-03-2026 15:00,28.2068,76.7997,NH3,10,28,21
India,Haryana,Faridabad,"New Industrial Town, Faridabad - HSPCB",11-03-2026 15:00,28.39072,77.30059,NO2,23,26,25
India,Haryana,Faridabad,"Sector 11, Faridabad - HSPCB",11-03-2026 15:00,28.376058,77.315741,PM2.5,51,500,357
India,Haryana,Faridabad,"Sector 11, Faridabad - HSPCB",11-03-2026 15:00,28.376058,77.315741,NH3,10,10,10
India,Haryana,Faridabad,"Sector 11, Faridabad - HSPCB",11-03-2026 15:00,28.376058,77.315741,OZONE,14,16,15
India,Haryana,Faridabad,"Sector 30, Faridabad - HSPCB",11-03-2026 15:00,28.4417,77.3217,NO2,36,40,38
India,Haryana,Fatehabad,"Huda Sector, Fatehabad - HSPCB",11-03-2026 15:00,29.503664,75.467934,PM2.5,13,315,67
India,Haryana,Fatehabad,"Huda Sector, Fatehabad - HSPCB",11-03-2026 15:00,29.503664,75.467934,PM10,19,300,78
India,Haryana,Fatehabad,"Huda Sector, Fatehabad - HSPCB",11-03-2026 15:00,29.503664,75.467934,NO2,18,20,19
India,Haryana,Fatehabad,"Huda Sector, Fatehabad - HSPCB",11-03-2026 15:00,29.503664,75.467934,NH3,13,15,14
India,Haryana,Gurugram,"NISE Gwal Pahari, Gurugram - IMD",11-03-2026 15:00,28.422681,77.148944,NO2,8,37,22
India,Haryana,Gurugram,"Sector-51, Gurugram - HSPCB",11-03-2026 15:00,28.4227,77.0667,PM2.5,140,500,378
India,Haryana,Gurugram,"Sector-51, Gurugram - HSPCB",11-03-2026 15:00,28.4227,77.0667,NH3,6,10,8
India,Haryana,Gurugram,"Teri Gram, Gurugram - HSPCB",11-03-2026 15:00,28.4275,77.1465,PM2.5,NA,NA,NA
India,Haryana,Gurugram,"Teri Gram, Gurugram - HSPCB",11-03-2026 15:00,28.4275,77.1465,CO,NA,NA,NA
India,Haryana,Gurugram,"Vikas Sadan, Gurugram - HSPCB",11-03-2026 15:00,28.4501238,77.0263051,OZONE,4,31,22
India,Gujarat,Bhavnagar,"Vidhyanagar, Bhavnagar - Nexteng Enviro",11-03-2026 15:00,21.755417,72.139056,NH3,4,7,6
India,Gujarat,Bhavnagar,"Vidhyanagar, Bhavnagar - Nexteng Enviro",11-03-2026 15:00,21.755417,72.139056,CO,48,68,52
India,Gujarat,Gandhinagar,"GIFT City, Gandhinagar - IITM",11-03-2026 15:00,23.163798,72.677768,CO,44,93,56
India,Gujarat,Gandhinagar,"IIPHG Lekawada, Gandhinagar - IITM",11-03-2026 15:00,23.243639,72.68994,NO2,8,39,19
India,Gujarat,Gandhinagar,"Sector-10, Gandhinagar - GPCB",11-03-2026 15:00,23.221714,72.654328,PM2.5,57,193,118
India,Gujarat,Gandhinagar,"Sector-10, Gandhinagar - GPCB",11-03-2026 15:00,23.221714,72.654328,CO,31,49,39
India,Gujarat,Mehsana,"Sadanand Nagar, Mehsana - Nexteng Enviro",11-03-2026 15:00,23.59315,72.372792,PM10,59,125,93
India,Delhi,Delhi,"Wazirpur, Delhi - DPCC",11-03-2026 15:00,28.699793,77.165453,NO2,81,182,132
India,Delhi,Delhi,"Wazirpur, Delhi - DPCC",11-03-2026 15:00,28.699793,77.165453,NH3,6,16,14
India,Delhi,Delhi,"Wazirpur, Delhi - DPCC",11-03-2026 15:00,28.699793,77.165453,CO,34,134,62
India,Gujarat,Ahmedabad,"Chandkheda, Ahmedabad - IITM",11-03-2026 15:00,23.107969,72.574648,PM10,73,238,126
India,Gujarat,Ahmedabad,"Chandkheda, Ahmedabad - IITM",11-03-2026 15:00,23.107969,72.574648,CO,4,70,23
India,Gujarat,Ahmedabad,"Gyaspur, Ahmedabad - IITM",11-03-2026 15:00,22.977134,72.553024,PM2.5,53,296,126
India,Gujarat,Ahmedabad,"Gyaspur, Ahmedabad - IITM",11-03-2026 15:00,22.977134,72.553024,NO2,34,178,85
India,Gujarat,Ahmedabad,"Gyaspur, Ahmedabad - IITM",11-03-2026 15:00,22.977134,72.553024,SO2,53,128,103
India,Gujarat,Mehsana,"Sadanand Nagar, Mehsana - Nexteng Enviro",11-03-2026 15:00,23.59315,72.372792,CO,28,76,43
India,Gujarat,Mehsana,"Sadanand Nagar, Mehsana - Nexteng Enviro",11-03-2026 15:00,23.59315,72.372792,OZONE,9,20,13
India,Gujarat,Nandesari,"GIDC, Nandesari - Nandesari Ind. Association",11-03-2026 15:00,22.410802,73.097923,PM2.5,NA,NA,NA
India,Gujarat,Surat,"Katargam, Surat - Nexteng Enviro",11-03-2026 15:00,21.217779,72.834787,CO,34,60,50
India,Gujarat,Surat,"Katargam, Surat - Nexteng Enviro",11-03-2026 15:00,21.217779,72.834787,OZONE,7,9,9
India,Gujarat,Vadodara,"Bapunagar, Vadodara - Nexteng Enviro",11-03-2026 15:00,22.320153,73.216285,OZONE,3,11,7
India,Gujarat,Vatva,"Phase-4 GIDC, Vatva - GPCB",11-03-2026 15:00,22.969611,72.6435,PM10,57,271,126
India,Haryana,Ambala,"Patti Mehar, Ambala - HSPCB",11-03-2026 15:00,30.379589,76.778328,PM2.5,109,207,147
India,Haryana,Ambala,"Patti Mehar, Ambala - HSPCB",11-03-2026 15:00,30.379589,76.778328,SO2,12,12,12
India,Haryana,Bahadurgarh,"Arya Nagar, Bahadurgarh - HSPCB",11-03-2026 15:00,28.6701,76.9254,PM2.5,70,337,241
India,Haryana,Ballabgarh,"Nathu Colony, Ballabgarh - HSPCB",11-03-2026 15:00,28.3419248,77.319699,SO2,2,6,4
India,Gujarat,Ahmedabad,"Maninagar, Ahmedabad - GPCB",11-03-2026 15:00,23.002657,72.591912,PM2.5,44,443,118
India,Gujarat,Ahmedabad,"Maninagar, Ahmedabad - GPCB",11-03-2026 15:00,23.002657,72.591912,NO2,83,93,89
India,Gujarat,Ahmedabad,"Raikhad, Ahmedabad - IITM",11-03-2026 15:00,23.020509,72.579261,CO,1,84,12
India,Gujarat,Ahmedabad,"Rakhial, Ahmedabad - IITM",11-03-2026 15:00,23.016834,72.625775,NH3,9,34,17
India,Gujarat,Ahmedabad,"SAC ISRO Satellite, Ahmedabad - IITM",11-03-2026 15:00,23.023389,72.515201,NO2,2,41,14
India,Gujarat,Ankleshwar,"GIDC, Ankleshwar - GPCB",11-03-2026 15:00,21.613267,73.010555,PM2.5,68,231,156
India,Haryana,Hisar,"Urban Estate-II, Hisar - HSPCB",11-03-2026 15:00,29.14056,75.744941,OZONE,15,140,69
India,Haryana,Kurukshetra,"Sector-7, Kurukshetra - HSPCB",11-03-2026 15:00,29.966942,76.875879,PM10,140,224,176
India,Himachal Pradesh,Baddi,"HIMUDA Complex Phase-1, Baddi - HPPCB",11-03-2026 15:00,30.943887,76.801991,PM10,87,256,162
India,Himachal Pradesh,Baddi,"HIMUDA Complex Phase-1, Baddi - HPPCB",11-03-2026 15:00,30.943887,76.801991,NH3,4,8,6
India,Himachal Pradesh,Baddi,"HIMUDA Complex Phase-1, Baddi - HPPCB",11-03-2026 15:00,30.943887,76.801991,SO2,18,106,38
India,Himachal Pradesh,Baddi,"HIMUDA Complex Phase-1, Baddi - HPPCB",11-03-2026 15:00,30.943887,76.801991,CO,43,102,52
India,Jammu_and_Kashmir,Srinagar,"Khunmoh, Srinagar - JKPCC",11-03-2026 15:00,34.06313,74.96017,SO2,3,5,4
India,Jammu_and_Kashmir,Srinagar,"Rajbagh, Srinagar - JKPCC",11-03-2026 15:00,34.066206,74.81982,SO2,3,4,4
India,Jharkhand,Dhanbad,"Sardar Patel Nagar, Dhanbad - JSPCB",11-03-2026 15:00,23.80569,86.44268,SO2,2,30,27
India,Jharkhand,Dhanbad,"Sardar Patel Nagar, Dhanbad - JSPCB",11-03-2026 15:00,23.80569,86.44268,CO,3,27,15
India,Karnataka,Bagalkot,"Vidayagiri, Bagalkot - KSPCB",11-03-2026 15:00,16.172806,75.659694,PM2.5,34,36,35
India,Karnataka,Bagalkot,"Vidayagiri, Bagalkot - KSPCB",11-03-2026 15:00,16.172806,75.659694,PM10,46,46,46
India,Karnataka,Bagalkot,"Vidayagiri, Bagalkot - KSPCB",11-03-2026 15:00,16.172806,75.659694,SO2,7,7,7
India,Karnataka,Yadgir,"Collector Office, Yadgir - KSPCB",11-03-2026 15:00,16.7602,77.1428,PM10,36,106,75
India,Kerala,Eloor,"Udyogamandal, Eloor - Kerala PCB",11-03-2026 15:00,10.073232,76.302765,PM2.5,26,32,29
India,Kerala,Eloor,"Udyogamandal, Eloor - Kerala PCB",11-03-2026 15:00,10.073232,76.302765,PM10,71,82,75
India,Kerala,Eloor,"Udyogamandal, Eloor - Kerala PCB",11-03-2026 15:00,10.073232,76.302765,SO2,1,1,1
India,Kerala,Kannur,"Thavakkara, Kannur - Kerala PCB",11-03-2026 15:00,11.875,75.3732,PM2.5,61,77,72
India,Kerala,Kannur,"Thavakkara, Kannur - Kerala PCB",11-03-2026 15:00,11.875,75.3732,SO2,1,15,6
India,Kerala,Kannur,"Thavakkara, Kannur - Kerala PCB",11-03-2026 15:00,11.875,75.3732,CO,14,22,20
India,Kerala,Kannur,"Thavakkara, Kannur - Kerala PCB",11-03-2026 15:00,11.875,75.3732,OZONE,27,31,29
India,Kerala,Thiruvananthapuram,"Kariavattom, Thiruvananthapuram - Kerala PCB",11-03-2026 15:00,8.5637,76.8865,SO2,1,22,8
India,Karnataka,Bengaluru,"Sanegurava Halli, Bengaluru - KSPCB",11-03-2026 15:00,12.990328,77.5431385,CO,20,35,28
India,Karnataka,Bengaluru,"Shivapura_Peenya, Bengaluru - KSPCB",11-03-2026 15:00,13.0246342,77.5080115,OZONE,26,26,26
India,Karnataka,Bengaluru,"Silk Board, Bengaluru - KSPCB",11-03-2026 15:00,12.917348,77.622813,PM2.5,NA,NA,NA
India,Karnataka,Bengaluru,"Silk Board, Bengaluru - KSPCB",11-03-2026 15:00,12.917348,77.622813,CO,22,115,30
India,Karnataka,Chamarajanagar,"Urban, Chamarajanagar - KSPCB",11-03-2026 15:00,11.55358,76.55521,PM2.5,26,40,29
India,Karnataka,Chikkaballapur,"Chikkaballapur Rural, Chikkaballapur - KSPCB",11-03-2026 15:00,13.428828,77.731418,CO,2,20,17
India,Karnataka,Chikkamagaluru,"Kalyana Nagara, Chikkamagaluru - KSPCB",11-03-2026 15:00,13.328028,75.797056,NO2,19,25,20
India,Karnataka,Dharwad,"Kalabhavan, Dharwad - KSPCB",11-03-2026 15:00,15.459706,75.008381,NH3,6,6,6
India,Karnataka,Hubballi,"Lingaraj Nagar, Hubballi - KSPCB",11-03-2026 15:00,15.3714823,75.1160168,NH3,1,1,1
India,Karnataka,Kalaburagi,"Mahatma Basaveswar Colony, Kalaburgi - KSPCB",11-03-2026 15:00,17.336318,76.847397,NH3,2,3,3
India,Karnataka,Kalaburagi,"Mahatma Basaveswar Colony, Kalaburgi - KSPCB",11-03-2026 15:00,17.336318,76.847397,SO2,2,5,3
India,Karnataka,Madikeri,"Stuart Hill, Madikeri - KSPCB",11-03-2026 15:00,12.415911,75.73505,OZONE,1,6,3
India,Karnataka,Ramanagara,"Vijay Nagar, Ramanagara - KSPCB",11-03-2026 15:00,12.733409,77.298051,NO2,7,26,11
India,Karnataka,Ramanagara,"Vijay Nagar, Ramanagara - KSPCB",11-03-2026 15:00,12.733409,77.298051,NH3,3,5,4
India,Karnataka,Bengaluru,"Hombegowda Nagar, Bengaluru - KSPCB",11-03-2026 15:00,12.938539,77.5901,OZONE,3,79,38
India,Karnataka,Bengaluru,"Jayanagar 5th Block, Bengaluru - KSPCB",11-03-2026 15:00,12.920984,77.584908,PM2.5,38,92,60
India,Karnataka,Bengaluru,"Jigani, Bengaluru - KSPCB",11-03-2026 15:00,12.7816279,77.6299145,PM10,43,119,87
India,Karnataka,Bengaluru,"Jigani, Bengaluru - KSPCB",11-03-2026 15:00,12.7816279,77.6299145,OZONE,27,29,28
India,Karnataka,Bengaluru,"Peenya, Bengaluru - CPCB",11-03-2026 15:00,13.0270199,77.494094,NO2,23,33,27
India,Karnataka,Bengaluru,"Sanegurava Halli, Bengaluru - KSPCB",11-03-2026 15:00,12.990328,77.5431385,NO2,17,18,18
India,Karnataka,Bengaluru,"Sanegurava Halli, Bengaluru - KSPCB",11-03-2026 15:00,12.990328,77.5431385,SO2,6,6,6
India,Haryana,Panipat,"Sector-18, Panipat - HSPCB",11-03-2026 15:00,29.432304,76.972765,NH3,2,3,2
India,Haryana,Rohtak,"MD University, Rohtak - HSPCB",11-03-2026 15:00,28.52123,76.37138,NO2,NA,NA,NA
India,Haryana,Sonipat,"Murthal, Sonipat - HSPCB",11-03-2026 15:00,29.0272,77.0621,PM2.5,55,265,136
India,Haryana,Sonipat,"Murthal, Sonipat - HSPCB",11-03-2026 15:00,29.0272,77.0621,NO2,12,13,12
India,Haryana,Sonipat,"Murthal, Sonipat - HSPCB",11-03-2026 15:00,29.0272,77.0621,SO2,3,17,7
India,Haryana,Yamuna Nagar,"Gobind Pura, Yamuna Nagar - HSPCB",11-03-2026 15:00,30.1480566,77.2893471,NO2,11,21,16
India,Haryana,Yamuna Nagar,"Gobind Pura, Yamuna Nagar - HSPCB",11-03-2026 15:00,30.1480566,77.2893471,NH3,1,6,4
India,Haryana,Kurukshetra,"Sector-7, Kurukshetra - HSPCB",11-03-2026 15:00,29.966942,76.875879,NO2,4,4,4
India,Haryana,Mandikhera,"General Hospital, Mandikhera(Nuh) - HSPCB",11-03-2026 15:00,27.9002,76.9938,PM2.5,55,116,88
India,Haryana,Manesar,"Sector-2 IMT, Manesar - HSPCB",11-03-2026 15:00,28.360699,76.93609,SO2,3,13,9
India,Haryana,Narnaul,"Shastri Nagar, Narnaul - HSPCB",11-03-2026 15:00,28.060249,76.113115,CO,10,34,24
India,Haryana,Panchgaon,"Amity University, Panchgaon - IITM",11-03-2026 15:00,28.3153,76.9143,OZONE,2,106,68
India,Karnataka,Bengaluru,"BWSSB Kadabesanahalli, Bengaluru - CPCB",11-03-2026 15:00,12.9352049,77.6814488,PM10,78,500,202
India,Karnataka,Bengaluru,"BWSSB Kadabesanahalli, Bengaluru - CPCB",11-03-2026 15:00,12.9352049,77.6814488,SO2,2,6,4
India,Karnataka,Bengaluru,"Hebbal, Bengaluru - KSPCB",11-03-2026 15:00,13.029152,77.585901,SO2,10,18,14
India,Karnataka,Shivamogga,"Vinoba Nagara, Shivamogga - KSPCB",11-03-2026 15:00,13.94,75.555917,PM10,47,62,50
India,Karnataka,Vijayapura,"Ibrahimpur, Vijayapura - KSPCB",11-03-2026 15:00,16.802639,75.722694,PM2.5,30,31,30
India,Karnataka,Vijayapura,"Ibrahimpur, Vijayapura - KSPCB",11-03-2026 15:00,16.802639,75.722694,SO2,3,6,3
India,Madhya Pradesh,Satna,"Bandhavgar Colony, Satna - Birla Cement",11-03-2026 15:00,24.58434363,80.8549414,SO2,20,28,21
India,Madhya Pradesh,Ujjain,"Mahashweta Nagar, Ujjain - MPPCB",11-03-2026 15:00,23.1633321,75.800225,PM2.5,8,137,62
India,Madhya Pradesh,Ujjain,"Mahashweta Nagar, Ujjain - MPPCB",11-03-2026 15:00,23.1633321,75.800225,NH3,8,13,12
India,Maharashtra,Akola,"Ramdaspeth, Akola - MPCB",11-03-2026 15:00,20.719516,77.000253,NO2,5,121,41
India,Maharashtra,Akola,"Ramdaspeth, Akola - MPCB",11-03-2026 15:00,20.719516,77.000253,CO,16,80,18
India,Maharashtra,Akola,"Ramdaspeth, Akola - MPCB",11-03-2026 15:00,20.719516,77.000253,OZONE,2,77,57
India,Maharashtra,Ambernath,"Chinchpada, Ambernath - MPCB",11-03-2026 15:00,19.215784,73.199781,NO2,20,143,80
India,Maharashtra,Ambernath,"Chinchpada, Ambernath - MPCB",11-03-2026 15:00,19.215784,73.199781,NH3,1,4,2
India,Maharashtra,Ambernath,"Chinchpada, Ambernath - MPCB",11-03-2026 15:00,19.215784,73.199781,SO2,10,102,43
India,Maharashtra,Ambernath,"Chinchpada, Ambernath - MPCB",11-03-2026 15:00,19.215784,73.199781,CO,18,118,84
India,Maharashtra,Amravati,"Shivneri Colony, Amravati - MPCB",11-03-2026 15:00,20.9402359,77.7895248,PM2.5,38,89,60
India,Madhya Pradesh,Katni,"Gole Bazar, Katni - MPPCB",11-03-2026 15:00,23.50016,80.23284,NH3,5,8,7
India,Madhya Pradesh,Katni,"Gole Bazar, Katni - MPPCB",11-03-2026 15:00,23.50016,80.23284,SO2,12,127,54
India,Madhya Pradesh,Mandideep,"Sector-D Industrial Area, Mandideep - MPPCB",11-03-2026 15:00,23.10844,77.511428,PM2.5,100,500,338
India,Madhya Pradesh,Mandideep,"Sector-D Industrial Area, Mandideep - MPPCB",11-03-2026 15:00,23.10844,77.511428,SO2,22,111,58
India,Madhya Pradesh,Mandideep,"Sector-D Industrial Area, Mandideep - MPPCB",11-03-2026 15:00,23.10844,77.511428,CO,14,103,41
India,Madhya Pradesh,Mandideep,"Sector-D Industrial Area, Mandideep - MPPCB",11-03-2026 15:00,23.10844,77.511428,OZONE,9,104,68
India,Madhya Pradesh,Sagar,"Civil Lines, Sagar - MPPCB",11-03-2026 15:00,23.838586,78.759431,PM2.5,9,107,34
India,Madhya Pradesh,Sagar,"Civil Lines, Sagar - MPPCB",11-03-2026 15:00,23.838586,78.759431,OZONE,57,171,110
India,Madhya Pradesh,Jabalpur,"Gupteshwar, Jabalpur - JMC",11-03-2026 15:00,23.142888,79.916147,OZONE,1,137,82
India,Madhya Pradesh,Jabalpur,"Marhatal, Jabalpur - MPPCB",11-03-2026 15:00,23.168606,79.932247,CO,31,166,47
India,Madhya Pradesh,Jabalpur,"Marhatal, Jabalpur - MPPCB",11-03-2026 15:00,23.168606,79.932247,OZONE,64,85,70
India,Madhya Pradesh,Jabalpur,"Suhagi, Jabalpur - JMC",11-03-2026 15:00,23.218135,79.95777,SO2,7,15,10
India,Madhya Pradesh,Katni,"Gole Bazar, Katni - MPPCB",11-03-2026 15:00,23.50016,80.23284,PM2.5,20,157,76
India,Madhya Pradesh,Katni,"Gole Bazar, Katni - MPPCB",11-03-2026 15:00,23.50016,80.23284,PM10,46,214,120
India,Madhya Pradesh,Bhopal,"Idgah Hills, Bhopal - MPPCB",11-03-2026 15:00,23.264759,77.381568,PM10,52,173,101
India,Madhya Pradesh,Bhopal,"Paryavaran Parisar, Bhopal - MPPCB",11-03-2026 15:00,23.210494,77.425409,NO2,34,136,79
India,Madhya Pradesh,Bhopal,"T T Nagar, Bhopal - MPPCB",11-03-2026 15:00,23.233584,77.400574,CO,22,106,41
India,Madhya Pradesh,Damoh,"Shrivastav Colony, Damoh - MPPCB",11-03-2026 15:00,23.81748678,79.446246,PM10,67,172,106
India,Madhya Pradesh,Dewas,"Bhopal Chauraha, Dewas - MPPCB",11-03-2026 15:00,22.9682591,76.064118,PM10,34,131,78
India,Maharashtra,Beed,"Bir, Beed - MPCB",11-03-2026 15:00,18.988474,75.753873,CO,19,116,39
India,Maharashtra,Belapur,"CBD Belapur, Belapur - MPCB",11-03-2026 15:00,19.0243902,73.0406721,NO2,48,58,52
India,Maharashtra,Bhiwandi,"Gokul Nagar, Bhiwandi - MPCB",11-03-2026 15:00,19.309073,73.057223,PM2.5,49,295,130
India,Maharashtra,Boisar,"Khaira, Boisar - MPCB",11-03-2026 15:00,19.786089,72.757971,NH3,8,18,11
India,Maharashtra,Boisar,"Khaira, Boisar - MPCB",11-03-2026 15:00,19.786089,72.757971,OZONE,6,154,58
India,Maharashtra,Amravati,"Shivneri Colony, Amravati - MPCB",11-03-2026 15:00,20.9402359,77.7895248,PM10,46,107,74
India,Maharashtra,Amravati,"Shivneri Colony, Amravati - MPCB",11-03-2026 15:00,20.9402359,77.7895248,OZONE,19,107,79
India,Maharashtra,Amravati,"Shri Shivaji Science College, Amravati - MPCB",11-03-2026 15:00,20.939198,77.765701,PM2.5,74,162,111
India,Maharashtra,Aurangabad,"More Chowk Waluj, Aurangabad - MPCB",11-03-2026 15:00,19.8389439,75.244448,OZONE,4,111,73
India,Madhya Pradesh,Indore,"Regional Park, Indore - IMC",11-03-2026 15:00,22.678,75.8559,NH3,1,3,2
India,Madhya Pradesh,Indore,"Residency Area, Indore - IMC",11-03-2026 15:00,22.7084,75.8815,PM2.5,15,216,57
India,Madhya Pradesh,Indore,"Residency Area, Indore - IMC",11-03-2026 15:00,22.7084,75.8815,SO2,3,5,4
India,Madhya Pradesh,Gwalior,"City Center, Gwalior - MPPCB",11-03-2026 15:00,26.203442,78.193251,PM10,NA,NA,NA
India,Madhya Pradesh,Gwalior,"Maharaj Bada, Gwalior - MPPCB",11-03-2026 15:00,26.200388,78.147714,PM2.5,23,310,140
India,Madhya Pradesh,Sagar,"Deen Dayal Nagar, Sagar - MPPCB",11-03-2026 15:00,23.8640158,78.80289321,NO2,4,86,32
India,Madhya Pradesh,Sagar,"Deen Dayal Nagar, Sagar - MPPCB",11-03-2026 15:00,23.8640158,78.80289321,SO2,2,8,4
India,Maharashtra,Nagpur,"Ambazari, Nagpur - MPCB",11-03-2026 15:00,21.121801,79.04952,CO,17,98,37
India,Maharashtra,Nagpur,"Ambazari, Nagpur - MPCB",11-03-2026 15:00,21.121801,79.04952,OZONE,6,121,84
India,Maharashtra,Nagpur,"Mahal, Nagpur - MPCB",11-03-2026 15:00,21.14472,79.107595,PM2.5,54,250,139
India,Maharashtra,Nagpur,"Mahal, Nagpur - MPCB",11-03-2026 15:00,21.14472,79.107595,PM10,51,171,124
India,Maharashtra,Nagpur,"Mahal, Nagpur - MPCB",11-03-2026 15:00,21.14472,79.107595,NH3,9,20,11
India,Maharashtra,Nagpur,"Mahal, Nagpur - MPCB",11-03-2026 15:00,21.14472,79.107595,SO2,23,117,86
India,Maharashtra,Nagpur,"Mahal, Nagpur - MPCB",11-03-2026 15:00,21.14472,79.107595,CO,15,122,39
India,Maharashtra,Nagpur,"Opp GPO Civil Lines, Nagpur - MPCB",11-03-2026 15:00,21.152875,79.0517531,NO2,13,57,29
India,Maharashtra,Nagpur,"Opp GPO Civil Lines, Nagpur - MPCB",11-03-2026 15:00,21.152875,79.0517531,CO,12,106,33
India,Maharashtra,Nagpur,"Opp GPO Civil Lines, Nagpur - MPCB",11-03-2026 15:00,21.152875,79.0517531,OZONE,2,49,28
India,Maharashtra,Nagpur,"Ram Nagar, Nagpur - MPCB",11-03-2026 15:00,21.143383,79.048912,SO2,11,132,46
India,Maharashtra,Nagpur,"Ram Nagar, Nagpur - MPCB",11-03-2026 15:00,21.143383,79.048912,OZONE,5,97,68
India,Maharashtra,Nanded,"Sneh Nagar, Nanded - MPCB",11-03-2026 15:00,19.173852,77.296291,PM10,63,127,102
India,Maharashtra,Nanded,"Sneh Nagar, Nanded - MPCB",11-03-2026 15:00,19.173852,77.296291,NH3,3,5,4
India,Maharashtra,Chandrapur,"Chauhan Colony, Chandrapur - MPCB",11-03-2026 15:00,19.9629,79.298714,SO2,16,35,26
India,Maharashtra,Chandrapur,"Chauhan Colony, Chandrapur - MPCB",11-03-2026 15:00,19.9629,79.298714,OZONE,12,23,17
India,Maharashtra,Chandrapur,"MIDC Khutala, Chandrapur - MPCB",11-03-2026 15:00,19.9775302,79.2337086,NO2,12,21,17
India,Maharashtra,Dhule,"Deopur, Dhule - MPCB",11-03-2026 15:00,20.918946,74.776388,SO2,2,17,8
India,Maharashtra,Dombivli,"Kalu Nagar, Dombivli - MPCB",11-03-2026 15:00,19.2268427,73.0788456,NO2,22,121,79
India,Maharashtra,Hingoli,"Ashta Vinayak Nagar, Hingoli - MPCB",11-03-2026 15:00,19.710842,77.151824,NO2,10,84,29
India,Maharashtra,Hingoli,"Ashta Vinayak Nagar, Hingoli - MPCB",11-03-2026 15:00,19.710842,77.151824,CO,15,65,27
India,Maharashtra,Jalgaon,"Prabhat Colony, Jalgaon - MPCB",11-03-2026 15:00,21.001264,75.565602,PM2.5,46,217,105
India,Maharashtra,Jalgaon,"Prabhat Colony, Jalgaon - MPCB",11-03-2026 15:00,21.001264,75.565602,PM10,84,143,114
India,Maharashtra,Latur,"Sawe Wadi, Latur - MPCB",11-03-2026 15:00,18.39963,76.57452,CO,17,80,27
India,Maharashtra,Latur,"Sawe Wadi, Latur - MPCB",11-03-2026 15:00,18.39963,76.57452,OZONE,5,39,22
India,Maharashtra,Mahad,"Kamble Tarf Birwadi, Mahad - MPCB",11-03-2026 15:00,18.1023399,73.4783687,PM10,75,184,120
India,Maharashtra,Mahad,"Kamble Tarf Birwadi, Mahad - MPCB",11-03-2026 15:00,18.1023399,73.4783687,SO2,12,46,33
India,Maharashtra,Malegaon,"Mahesh Nagar, Malegaon - MPCB",11-03-2026 15:00,20.555712,74.529236,NO2,NA,NA,NA
India,Maharashtra,Mumbai,"Bandra Kurla Complex, Mumbai - IITM",11-03-2026 15:00,19.053536,72.84643,SO2,1,12,3
India,Maharashtra,Nanded,"Sneh Nagar, Nanded - MPCB",11-03-2026 15:00,19.173852,77.296291,CO,18,26,23
India,Maharashtra,Nashik,"Gangapur Road, Nashik - MPCB",11-03-2026 15:00,20.0073285,73.7762427,PM2.5,22,281,111
India,Maharashtra,Nashik,"Gangapur Road, Nashik - MPCB",11-03-2026 15:00,20.0073285,73.7762427,NO2,5,5,5
India,Maharashtra,Nashik,"MIDC Ambad, Nashik - MPCB",11-03-2026 15:00,19.95022,73.73148,SO2,17,44,27
India,Maharashtra,Nashik,"MIDC Ambad, Nashik - MPCB",11-03-2026 15:00,19.95022,73.73148,OZONE,7,96,58
India,Maharashtra,Nashik,"Pandav Nagari, Nashik - MPCB",11-03-2026 15:00,19.9591346,73.7788008,CO,12,92,19
India,Maharashtra,Mumbai,"Mulund West, Mumbai - MPCB",11-03-2026 15:00,19.175,72.9419,NO2,16,29,20
India,Maharashtra,Mumbai,"Mulund West, Mumbai - MPCB",11-03-2026 15:00,19.175,72.9419,SO2,NA,NA,NA
India,Maharashtra,Mumbai,"Sewri, Mumbai - BMC",11-03-2026 15:00,19.000084,72.85673,SO2,1,18,7
India,Maharashtra,Mumbai,"Siddharth Nagar-Worli, Mumbai - IITM",11-03-2026 15:00,19.000083,72.813993,PM2.5,83,151,111
India,Maharashtra,Mumbai,"Siddharth Nagar-Worli, Mumbai - IITM",11-03-2026 15:00,19.000083,72.813993,NH3,3,3,3
India,Maharashtra,Mumbai,"Vile Parle West, Mumbai - MPCB",11-03-2026 15:00,19.10861,72.83622,CO,26,28,26
India,Maharashtra,Mumbai,"Khindipada-Bhandup West, Mumbai - IITM",11-03-2026 15:00,19.1653323,72.922099,PM10,87,183,114
India,Maharashtra,Mumbai,"Malad West, Mumbai - IITM",11-03-2026 15:00,19.19709,72.82204,CO,14,98,53
India,Maharashtra,Mumbai,"Mindspace-Malad West, Mumbai - MPCB",11-03-2026 15:00,19.1878657,72.8304069,PM2.5,36,100,73
India,Maharashtra,Mumbai,"Mindspace-Malad West, Mumbai - MPCB",11-03-2026 15:00,19.1878657,72.8304069,PM10,32,433,123
India,Maharashtra,Mumbai,"Mindspace-Malad West, Mumbai - MPCB",11-03-2026 15:00,19.1878657,72.8304069,CO,22,70,37
India,Maharashtra,Mumbai,"Deonar, Mumbai - IITM",11-03-2026 15:00,19.04946,72.923,CO,34,106,51
India,Maharashtra,Mumbai,"Ghatkopar, Mumbai - BMC",11-03-2026 15:00,19.083694,72.920967,NH3,8,8,8
India,Maharashtra,Mumbai,"Kandivali West, Mumbai - BMC",11-03-2026 15:00,19.215859,72.831718,PM10,77,125,99
India,Maharashtra,Mumbai,"Kherwadi_Bandra East, Mumbai - MPCB",11-03-2026 15:00,19.0632143,72.8456324,PM10,81,138,115
India,Maharashtra,Mumbai,"Bandra Kurla Complex, Mumbai - MPCB",11-03-2026 15:00,19.065931,72.862131,PM10,96,171,124
India,Maharashtra,Mumbai,"Bandra Kurla Complex, Mumbai - MPCB",11-03-2026 15:00,19.065931,72.862131,OZONE,63,77,73
India,Maharashtra,Mumbai,"Borivali East, Mumbai - MPCB",11-03-2026 15:00,19.2243333,72.8658113,PM2.5,35,62,50
India,Maharashtra,Mumbai,"Borivali East, Mumbai - MPCB",11-03-2026 15:00,19.2243333,72.8658113,SO2,12,18,16
India,Maharashtra,Jalgaon,"Prabhat Colony, Jalgaon - MPCB",11-03-2026 15:00,21.001264,75.565602,NH3,2,3,3
India,Maharashtra,Kalyan,"Pimpleshwar Mandir, Kalyan - MPCB",11-03-2026 15:00,19.192056,72.9585188,SO2,7,36,21
India,Maharashtra,Kalyan,"Pimpleshwar Mandir, Kalyan - MPCB",11-03-2026 15:00,19.192056,72.9585188,OZONE,1,79,45
India,Maharashtra,Pune,"Bhumkar Nagar, Pune - IITM",11-03-2026 15:00,18.60577,73.749976,PM10,NA,NA,NA
India,Maharashtra,Pune,"Dhankawadi, Pune - IITM",11-03-2026 15:00,18.459883,73.852193,PM2.5,47,270,98
India,Maharashtra,Pune,"Dhankawadi, Pune - IITM",11-03-2026 15:00,18.459883,73.852193,NO2,8,111,52
India,Maharashtra,Pune,"Hadapsar, Pune - IITM",11-03-2026 15:00,18.501793,73.927532,PM2.5,20,322,179
India,Maharashtra,Pune,"Katraj Dairy, Pune - MPCB",11-03-2026 15:00,18.45445,73.854155,PM2.5,NA,NA,NA
India,Maharashtra,Pune,"Katraj Dairy, Pune - MPCB",11-03-2026 15:00,18.45445,73.854155,CO,NA,NA,NA
India,Maharashtra,Pune,"Mhada Colony, Pune - IITM",11-03-2026 15:00,18.57304,73.927715,NO2,25,166,90
India,Maharashtra,Pune,"Panchawati_Pashan, Pune - IITM",11-03-2026 15:00,18.536457,73.805454,NO2,5,51,25
India,Maharashtra,Pune,"Revenue Colony-Shivajinagar, Pune - IITM",11-03-2026 15:00,18.530085,73.849598,PM2.5,45,251,135
India,Maharashtra,Thane,"Kasarvadavali, Thane - MPCB",11-03-2026 15:00,19.26777,72.97182,PM10,54,171,115
India,Maharashtra,Thane,"Kasarvadavali, Thane - MPCB",11-03-2026 15:00,19.26777,72.97182,CO,20,104,57
India,Maharashtra,Thane,"Kasarvadavali, Thane - MPCB",11-03-2026 15:00,19.26777,72.97182,OZONE,1,268,56
India,Maharashtra,Thane,"Upvan Fort, Thane - MPCB",11-03-2026 15:00,19.222279,72.957979,NO2,24,115,72
India,Maharashtra,Thane,"Upvan Fort, Thane - MPCB",11-03-2026 15:00,19.222279,72.957979,OZONE,1,91,27
India,Maharashtra,Ulhasnagar,"Sidhi Vinayak Nagar, Ulhasnagar - MPCB",11-03-2026 15:00,19.235581,73.159121,PM2.5,53,301,173
India,Maharashtra,Ulhasnagar,"Sidhi Vinayak Nagar, Ulhasnagar - MPCB",11-03-2026 15:00,19.235581,73.159121,CO,12,65,33
India,Maharashtra,Ulhasnagar,"Sidhi Vinayak Nagar, Ulhasnagar - MPCB",11-03-2026 15:00,19.235581,73.159121,OZONE,6,97,54
India,Maharashtra,Virar,"Bolinj, Virar - MPCB",11-03-2026 15:00,19.445821,72.7988231,NH3,1,6,3
India,Odisha,Baripada,"Meher Colony, Baripada - OSPCB",11-03-2026 15:00,21.941841,86.728318,PM10,72,108,88
India,Odisha,Bhubaneswar,"Lingraj Mandir, Bhubaneswar - OSPCB",11-03-2026 15:00,20.24079,85.836784,PM2.5,80,103,89
India,Odisha,Bhubaneswar,"Lingraj Mandir, Bhubaneswar - OSPCB",11-03-2026 15:00,20.24079,85.836784,NH3,4,9,6
India,Odisha,Bhubaneswar,"Patia, Bhubaneswar - OSPCB",11-03-2026 15:00,20.34652,85.8163,NO2,6,14,9
India,Odisha,Bileipada,"Tata Township, Bileipada - OSPCB",11-03-2026 15:00,22.06156703,85.47409613,NO2,6,7,7
India,Odisha,Bileipada,"Tata Township, Bileipada - OSPCB",11-03-2026 15:00,22.06156703,85.47409613,NH3,6,6,6
India,Odisha,Bileipada,"Tata Township, Bileipada - OSPCB",11-03-2026 15:00,22.06156703,85.47409613,OZONE,9,20,13
India,Odisha,Brajrajnagar,"GM Office, Brajrajnagar - OSPCB",11-03-2026 15:00,21.8004996,83.8396977,NH3,4,28,6
India,Odisha,Byasanagar,"Ferro Chrome Colony, Byasanagar - OSPCB",11-03-2026 15:00,20.94185,86.1151,PM10,57,107,81
India,Odisha,Byasanagar,"Ferro Chrome Colony, Byasanagar - OSPCB",11-03-2026 15:00,20.94185,86.1151,CO,2,35,13
India,Odisha,Cuttack,"CDA Area, Cuttack - OSPCB",11-03-2026 15:00,20.48891,85.84768,NH3,3,7,4
India,Odisha,Keonjhar,"Jagamohanpur, Keonjhar - OSPCB",11-03-2026 15:00,21.6439,85.599355,NO2,8,9,9
India,Odisha,Rairangpur,"Divisional Forest Office, Rairangpur - OSPCB",11-03-2026 15:00,22.265816,86.174829,NO2,NA,NA,NA
India,Odisha,Rairangpur,"Divisional Forest Office, Rairangpur - OSPCB",11-03-2026 15:00,22.265816,86.174829,NH3,NA,NA,NA
India,Odisha,Rourkela,"Fertilizer Township, Rourkela - OSPCB",11-03-2026 15:00,22.18972222,84.86277778,PM2.5,79,92,84
India,Maharashtra,Pune,"Revenue Colony-Shivajinagar, Pune - IITM",11-03-2026 15:00,18.530085,73.849598,NO2,70,151,112
India,Maharashtra,Pune,"Revenue Colony-Shivajinagar, Pune - IITM",11-03-2026 15:00,18.530085,73.849598,OZONE,2,66,36
India,Maharashtra,Sangli,"Vijay Nagar, Sangli - MPCB",11-03-2026 15:00,16.5038,74.3623,PM2.5,89,246,143
India,Maharashtra,Solapur,"Dnyaneshwar Nagar, Solapur - MPCB",11-03-2026 15:00,17.6336264,75.9132495,PM2.5,65,133,94
India,Maharashtra,Solapur,"Dnyaneshwar Nagar, Solapur - MPCB",11-03-2026 15:00,17.6336264,75.9132495,CO,14,28,18
India,Maharashtra,Solapur,"Dnyaneshwar Nagar, Solapur - MPCB",11-03-2026 15:00,17.6336264,75.9132495,OZONE,24,80,40
India,Maharashtra,Solapur,"Ratandeep Housing Society, Solapur - MPCB",11-03-2026 15:00,17.65439,75.90649,CO,20,44,26
India,Mizoram,Aizawl,"Sikulpuikawn, Aizawl - Mizoram PCB",11-03-2026 15:00,23.7176342,92.7192841,PM10,43,47,44
India,Nagaland,Kohima,"PWD Junction, Kohima - NPCB",11-03-2026 15:00,25.6635413,94.0989878,PM10,NA,NA,NA
India,Nagaland,Kohima,"PWD Junction, Kohima - NPCB",11-03-2026 15:00,25.6635413,94.0989878,OZONE,1,7,5
India,Odisha,Balasore,"Kalidaspur, Balasore - OSPCB",11-03-2026 15:00,21.51161,86.89088,CO,40,46,44
India,Odisha,Barbil,"Forest Office, Barbil - OSPCB",11-03-2026 15:00,22.1166054,85.3945546,NO2,12,93,30
India,Maharashtra,Navi Mumbai,"Sanpada, Navi Mumbai - MPCB",11-03-2026 15:00,19.0575752,73.0151367,NO2,8,79,45
India,Maharashtra,Navi Mumbai,"Sanpada, Navi Mumbai - MPCB",11-03-2026 15:00,19.0575752,73.0151367,OZONE,1,139,29
India,Maharashtra,Navi Mumbai,"Sector-2E Kalamboli, Navi Mumbai - MPCB",11-03-2026 15:00,19.02579,73.10297,NH3,7,7,7
India,Maharashtra,Navi Mumbai,"Sector-2E Kalamboli, Navi Mumbai - MPCB",11-03-2026 15:00,19.02579,73.10297,SO2,3,17,8
India,Maharashtra,Navi Mumbai,"Sector-2E Kalamboli, Navi Mumbai - MPCB",11-03-2026 15:00,19.02579,73.10297,CO,10,42,21
India,Maharashtra,Parbhani,"Masoom Colony, Parbhani - MPCB",11-03-2026 15:00,19.265594,76.761463,PM2.5,54,143,83
India,Maharashtra,Navi Mumbai,"Kopripada-Vashi, Navi Mumbai - MPCB",11-03-2026 15:00,19.090337,73.014232,NO2,21,95,52
India,Maharashtra,Navi Mumbai,"Kopripada-Vashi, Navi Mumbai - MPCB",11-03-2026 15:00,19.090337,73.014232,OZONE,1,165,36
India,Maharashtra,Navi Mumbai,"Mahape, Navi Mumbai - MPCB",11-03-2026 15:00,19.1135051,73.008978,NO2,NA,NA,NA
India,Maharashtra,Pimpri-Chinchwad,"Savta Mali Nagar, Pimpri-Chinchwad - IITM",11-03-2026 15:00,18.614767,73.799516,OZONE,2,36,25
India,Rajasthan,Dungarpur,"Bhoiwada, Dungarpur - RSPCB",11-03-2026 15:00,23.837789,73.714926,CO,22,84,37
India,Rajasthan,Hanumangarh,"Housing Board, Hanumangarh - RSPCB",11-03-2026 15:00,29.61075,74.283608,OZONE,22,102,67
India,Rajasthan,Jaipur,"Adarsh Nagar, Jaipur - RSPCB",11-03-2026 15:00,26.902909,75.836858,PM2.5,53,250,143
India,Rajasthan,Jaipur,"Adarsh Nagar, Jaipur - RSPCB",11-03-2026 15:00,26.902909,75.836858,SO2,18,32,23
India,Rajasthan,Jaipur,"Adarsh Nagar, Jaipur - RSPCB",11-03-2026 15:00,26.902909,75.836858,OZONE,11,81,63
India,Rajasthan,Jaipur,"Mansarovar Sector-12, Jaipur - RSPCB",11-03-2026 15:00,26.843698,75.766894,OZONE,3,162,155
India,Rajasthan,Jaipur,"Police Commissionerate, Jaipur - RSPCB",11-03-2026 15:00,26.9164092,75.7994901,PM2.5,20,258,147
India,Rajasthan,Jaipur,"Police Commissionerate, Jaipur - RSPCB",11-03-2026 15:00,26.9164092,75.7994901,NH3,1,7,2
India,Rajasthan,Jaipur,"Police Commissionerate, Jaipur - RSPCB",11-03-2026 15:00,26.9164092,75.7994901,CO,38,158,93
India,Rajasthan,Jaipur,"Police Commissionerate, Jaipur - RSPCB",11-03-2026 15:00,26.9164092,75.7994901,OZONE,15,73,51
India,Rajasthan,Jhunjhunu,"Indra Nagar, Jhunjhunu - RSPCB",11-03-2026 15:00,28.108988,75.386577,NH3,5,15,8
India,Rajasthan,Jhunjhunu,"Indra Nagar, Jhunjhunu - RSPCB",11-03-2026 15:00,28.108988,75.386577,SO2,4,15,9
India,Rajasthan,Jhunjhunu,"Indra Nagar, Jhunjhunu - RSPCB",11-03-2026 15:00,28.108988,75.386577,CO,14,48,23
India,Rajasthan,Jodhpur,"Collectorate, Jodhpur - RSPCB",11-03-2026 15:00,26.268249,73.0193853,PM10,35,102,66
India,Rajasthan,Jodhpur,"Collectorate, Jodhpur - RSPCB",11-03-2026 15:00,26.268249,73.0193853,CO,5,166,37
India,Rajasthan,Jodhpur,"Digari Kalan, Jodhpur - RSPCB",11-03-2026 15:00,26.29581,73.082283,PM10,56,443,160
India,Rajasthan,Jodhpur,"Digari Kalan, Jodhpur - RSPCB",11-03-2026 15:00,26.29581,73.082283,NH3,5,17,9
India,Rajasthan,Jodhpur,"Jhalamand, Jodhpur - RSPCB",11-03-2026 15:00,26.215415,73.070156,PM2.5,20,332,119
India,Rajasthan,Jodhpur,"Jhalamand, Jodhpur - RSPCB",11-03-2026 15:00,26.215415,73.070156,CO,8,102,23
India,Rajasthan,Jodhpur,"Jhalamand, Jodhpur - RSPCB",11-03-2026 15:00,26.215415,73.070156,OZONE,5,105,65
India,Rajasthan,Jodhpur,"Samrat Ashok Udhyan, Jodhpur - RSPCB",11-03-2026 15:00,26.253384,72.976571,NO2,3,121,51
India,Odisha,Rourkela,"Raghunathpali, Rourkela - OSPCB",11-03-2026 15:00,22.220833,84.809444,NH3,2,2,2
India,Odisha,Rourkela,"Raghunathpali, Rourkela - OSPCB",11-03-2026 15:00,22.220833,84.809444,SO2,4,7,6
India,Odisha,Suakati,"OMC Colony, Suakati - OSPCB",11-03-2026 15:00,21.606865,85.510538,PM2.5,28,172,102
India,Odisha,Suakati,"OMC Colony, Suakati - OSPCB",11-03-2026 15:00,21.606865,85.510538,PM10,34,166,121
India,Odisha,Suakati,"OMC Colony, Suakati - OSPCB",11-03-2026 15:00,21.606865,85.510538,NH3,7,7,7
India,Odisha,Suakati,"OMC Colony, Suakati - OSPCB",11-03-2026 15:00,21.606865,85.510538,CO,19,34,23
India,Odisha,Suakati,"OMC Colony, Suakati - OSPCB",11-03-2026 15:00,21.606865,85.510538,OZONE,2,107,57
India,Odisha,Talcher,"Talcher Coalfields,Talcher - OSPCB",11-03-2026 15:00,20.9360711,85.1707021,SO2,1,22,5
India,Odisha,Tensa,"Barsua Iron Ore Mines, Tensa - OSPCB",11-03-2026 15:00,21.869985,85.167016,PM2.5,NA,NA,NA
India,Rajasthan,Bhilwara,"Pratap Nagar, Bhilwara - RSPCB",11-03-2026 15:00,25.339605,74.618883,NH3,8,21,13
India,Rajasthan,Bhilwara,"Pratap Nagar, Bhilwara - RSPCB",11-03-2026 15:00,25.339605,74.618883,SO2,9,42,23
India,Rajasthan,Bhiwadi,"Vasundhara Nagar_UIT, Bhiwadi - RSPCB",11-03-2026 15:00,28.207266,76.829265,SO2,6,23,15
India,Rajasthan,Bikaner,"MM Ground, Bikaner - RSPCB",11-03-2026 15:00,28.018792,73.292658,PM2.5,27,396,75
India,Rajasthan,Bikaner,"MM Ground, Bikaner - RSPCB",11-03-2026 15:00,28.018792,73.292658,PM10,76,297,135
India,Rajasthan,Bikaner,"MM Ground, Bikaner - RSPCB",11-03-2026 15:00,28.018792,73.292658,NH3,8,16,10
India,Rajasthan,Bikaner,"MM Ground, Bikaner - RSPCB",11-03-2026 15:00,28.018792,73.292658,SO2,2,20,8
India,Rajasthan,Chittorgarh,"Shastri Nagar, Chittorgarh - RSPCB",11-03-2026 15:00,24.892047,74.623527,NO2,9,104,50
India,Rajasthan,Churu,"Subash Chowk, Churu - RSPCB",11-03-2026 15:00,28.296139,74.961696,PM10,60,265,124
India,Rajasthan,Churu,"Subash Chowk, Churu - RSPCB",11-03-2026 15:00,28.296139,74.961696,NO2,7,51,21
India,Rajasthan,Churu,"Subash Chowk, Churu - RSPCB",11-03-2026 15:00,28.296139,74.961696,CO,15,52,21
India,Rajasthan,Churu,"Subash Chowk, Churu - RSPCB",11-03-2026 15:00,28.296139,74.961696,OZONE,42,122,96
India,Rajasthan,Dausa,"Khatikan Mohalla, Dausa - RSPCB",11-03-2026 15:00,26.895552,76.334753,NH3,4,11,9
India,Rajasthan,Dholpur,"Raja Ganj, Dholpur - RSPCB",11-03-2026 15:00,26.699557,77.898881,NH3,11,18,13
India,Rajasthan,Dholpur,"Raja Ganj, Dholpur - RSPCB",11-03-2026 15:00,26.699557,77.898881,OZONE,17,57,41
India,Rajasthan,Dungarpur,"Bhoiwada, Dungarpur - RSPCB",11-03-2026 15:00,23.837789,73.714926,SO2,5,11,6
India,Rajasthan,Alwar,"Moti Doongri, Alwar - RSPCB",11-03-2026 15:00,27.554793,76.611536,PM2.5,54,87,68
India,Rajasthan,Banswara,"Rati Talai, Banswara - RSPCB",11-03-2026 15:00,23.55519,74.44001,CO,19,102,38
India,Rajasthan,Banswara,"Rati Talai, Banswara - RSPCB",11-03-2026 15:00,23.55519,74.44001,OZONE,3,139,83
India,Rajasthan,Barmer,"Railway Colony, Barmer - RSPCB",11-03-2026 15:00,25.747299,71.393989,PM10,63,186,106
India,Rajasthan,Bharatpur,"Krishna Nagar, Bharatpur - RSPCB",11-03-2026 15:00,27.215415,77.50873,CO,18,104,50
India,Rajasthan,Jaipur,"Sector-2 Murlipura, Jaipur - RSPCB",11-03-2026 15:00,26.960669,75.771817,SO2,4,50,18
India,Rajasthan,Jaipur,"Sector-2 Murlipura, Jaipur - RSPCB",11-03-2026 15:00,26.960669,75.771817,OZONE,3,88,68
India,Rajasthan,Jaipur,"Shastri Nagar, Jaipur - RSPCB",11-03-2026 15:00,26.9502929,75.730943,PM2.5,51,308,138
India,Rajasthan,Jhalawar,"Rajlaxmi Nagar, Jhalawar - RSPCB",11-03-2026 15:00,24.588397,76.172782,NH3,6,16,12
India,Rajasthan,Jhalawar,"Rajlaxmi Nagar, Jhalawar - RSPCB",11-03-2026 15:00,24.588397,76.172782,SO2,7,30,14
India,Punjab,Mandi Gobindgarh,"RIMT University, Mandi Gobindgarh - PPCB",11-03-2026 15:00,30.649961,76.331442,NH3,6,6,6
India,Punjab,Rupnagar,"Ratanpura, Rupnagar - Ambuja Cements",11-03-2026 15:00,31.0325454,76.5623046,PM2.5,44,277,129
India,Rajasthan,Ajmer,"Civil Lines,  Ajmer - RSPCB",11-03-2026 15:00,26.470859,74.646594,PM2.5,46,96,70
India,Rajasthan,Ajmer,"Civil Lines,  Ajmer - RSPCB",11-03-2026 15:00,26.470859,74.646594,CO,12,22,18
India,Punjab,Bathinda,"Hardev Nagar, Bathinda - PPCB",11-03-2026 15:00,30.233011,74.907758,SO2,5,19,13
India,Punjab,Bathinda,"Hardev Nagar, Bathinda - PPCB",11-03-2026 15:00,30.233011,74.907758,CO,58,80,78
India,Punjab,Khanna,"Kalal Majra, Khanna - PPCB",11-03-2026 15:00,30.736056,76.209694,NO2,26,32,28
India,Punjab,Khanna,"Kalal Majra, Khanna - PPCB",11-03-2026 15:00,30.736056,76.209694,NH3,7,7,7
India,Punjab,Khanna,"Kalal Majra, Khanna - PPCB",11-03-2026 15:00,30.736056,76.209694,OZONE,19,41,35
India,TamilNadu,Chennai,"Manali, Chennai - CPCB",11-03-2026 15:00,13.164544,80.26285,PM10,56,500,120
India,TamilNadu,Chennai,"Manali, Chennai - CPCB",11-03-2026 15:00,13.164544,80.26285,SO2,12,30,21
India,TamilNadu,Chennai,"Perungudi, Chennai - TNPCB",11-03-2026 15:00,12.9533,80.2357,NH3,1,6,2
India,TamilNadu,Chennai,"Perungudi, Chennai - TNPCB",11-03-2026 15:00,12.9533,80.2357,CO,21,46,38
India,TamilNadu,Chennai,"Perungudi, Chennai - TNPCB",11-03-2026 15:00,12.9533,80.2357,OZONE,1,6,3
India,TamilNadu,Chennai,"Royapuram, Chennai - TNPCB",11-03-2026 15:00,13.1036,80.2909,NO2,1,14,2
India,TamilNadu,Chennai,"Velachery Res. Area, Chennai - CPCB",11-03-2026 15:00,13.0052189,80.2398125,PM2.5,NA,NA,NA
India,TamilNadu,Chennai,"Velachery Res. Area, Chennai - CPCB",11-03-2026 15:00,13.0052189,80.2398125,NH3,3,4,3
India,TamilNadu,Chennai,"Velachery Res. Area, Chennai - CPCB",11-03-2026 15:00,13.0052189,80.2398125,SO2,5,10,7
India,TamilNadu,Coimbatore,"PSG College of Arts and Science, Coimbatore - TNPCB",11-03-2026 15:00,11.0328,77.0349,NO2,10,11,10
India,TamilNadu,Coimbatore,"PSG College of Arts and Science, Coimbatore - TNPCB",11-03-2026 15:00,11.0328,77.0349,SO2,3,6,4
India,TamilNadu,Coimbatore,"SIDCO Kurichi, Coimbatore - TNPCB",11-03-2026 15:00,10.942451,76.978996,NO2,2,2,2
India,TamilNadu,Gummidipoondi,"Anthoni Pillai Nagar, Gummidipoondi - TNPCB",11-03-2026 15:00,13.4127,80.1081,SO2,11,25,19
India,TamilNadu,Perundurai,"SIPCOT Industrial Park, Perundurai - TNPCB",11-03-2026 15:00,11.258242,77.552761,CO,40,44,43
India,TamilNadu,Thoothukudi,"Meelavittan, Thoothukudi - TNPCB",11-03-2026 15:00,8.816428,78.099039,PM10,20,261,48
India,Telangana,Hyderabad,"Central University, Hyderabad - TSPCB",11-03-2026 15:00,17.460103,78.334361,NH3,2,5,3
India,Telangana,Hyderabad,"ECIL Kapra, Hyderabad - TSPCB",11-03-2026 15:00,17.470431,78.566959,PM2.5,42,70,54
India,Telangana,Hyderabad,"ECIL Kapra, Hyderabad - TSPCB",11-03-2026 15:00,17.470431,78.566959,NH3,2,5,4
India,Telangana,Hyderabad,"ECIL Kapra, Hyderabad - TSPCB",11-03-2026 15:00,17.470431,78.566959,OZONE,8,58,24
India,Rajasthan,Karauli,"Satyawati Vihar, Karauli - RSPCB",11-03-2026 15:00,26.506177,77.025989,PM2.5,20,251,71
India,Rajasthan,Karauli,"Satyawati Vihar, Karauli - RSPCB",11-03-2026 15:00,26.506177,77.025989,PM10,44,277,120
India,Rajasthan,Karauli,"Satyawati Vihar, Karauli - RSPCB",11-03-2026 15:00,26.506177,77.025989,SO2,11,15,14
India,Rajasthan,Kota,"Dhanmandi, Kota - RSPCB",11-03-2026 15:00,25.16409,75.858137,PM10,38,338,141
India,Rajasthan,Kota,"Dhanmandi, Kota - RSPCB",11-03-2026 15:00,25.16409,75.858137,CO,13,149,55
India,Rajasthan,Kota,"Dhanmandi, Kota - RSPCB",11-03-2026 15:00,25.16409,75.858137,OZONE,1,180,103
India,Rajasthan,Kota,"Nayapura, Kota - RSPCB",11-03-2026 15:00,25.196024,75.855668,PM2.5,5,77,34
India,Rajasthan,Kota,"Shrinath Puram, Kota - RSPCB",11-03-2026 15:00,25.14389,75.821256,PM10,68,171,112
India,Rajasthan,Kota,"Shrinath Puram, Kota - RSPCB",11-03-2026 15:00,25.14389,75.821256,NH3,3,12,7
India,Rajasthan,Pratapgarh,"Pragati Nagar, Pratapgarh - RSPCB",11-03-2026 15:00,24.041198,74.780702,CO,12,38,22
India,Rajasthan,Rajsamand,"Dhoinda, Rajsamand - RSPCB",11-03-2026 15:00,25.03636,73.883502,NH3,13,41,25
India,Rajasthan,Sikar,"Radhakishan Pura, Sikar - RSPCB",11-03-2026 15:00,27.608912,75.153302,CO,14,109,26
India,Rajasthan,Sikar,"Radhakishan Pura, Sikar - RSPCB",11-03-2026 15:00,27.608912,75.153302,OZONE,4,123,93
India,Rajasthan,Sirohi,"Vedhaynath Colony, Sirohi - RSPCB",11-03-2026 15:00,24.885261,72.857549,OZONE,13,112,85
India,Rajasthan,Sri Ganganagar,"Old City, Sri Ganganagar - RSPCB",11-03-2026 15:00,29.931624,73.864511,PM2.5,28,153,65
India,Telangana,Hyderabad,"Kokapet, Hyderabad - TSPCB",11-03-2026 15:00,17.393559,78.339194,NH3,2,3,2
India,Telangana,Hyderabad,"Kokapet, Hyderabad - TSPCB",11-03-2026 15:00,17.393559,78.339194,CO,24,37,31
India,Telangana,Hyderabad,"Kompally Municipal Office, Hyderabad - TSPCB",11-03-2026 15:00,17.544899,78.486949,SO2,6,13,9
India,Telangana,Hyderabad,"Nacharam_TSIIC IALA, Hyderabad - TSPCB",11-03-2026 15:00,17.429398,78.569354,PM10,71,94,78
India,Telangana,Hyderabad,"Nacharam_TSIIC IALA, Hyderabad - TSPCB",11-03-2026 15:00,17.429398,78.569354,CO,11,31,21
India,Telangana,Hyderabad,"New Malakpet, Hyderabad - TSPCB",11-03-2026 15:00,17.37206,78.50864,OZONE,11,30,22
India,Sikkim,Gangtok,"Zero Point GICI, Gangtok - SSPCB",11-03-2026 15:00,27.33853,88.614099,CO,9,20,14
India,TamilNadu,Chennai,"Arumbakkam, Chennai - TNPCB",11-03-2026 15:00,13.0664,80.2112,SO2,1,10,4
India,TamilNadu,Chennai,"Kodungaiyur, Chennai - TNPCB",11-03-2026 15:00,13.1278,80.2642,PM2.5,40,329,93
India,TamilNadu,Chennai,"Kodungaiyur, Chennai - TNPCB",11-03-2026 15:00,13.1278,80.2642,NH3,3,5,4
India,TamilNadu,Chennai,"Kodungaiyur, Chennai - TNPCB",11-03-2026 15:00,13.1278,80.2642,SO2,5,8,6
India,TamilNadu,Chennai,"Kodungaiyur, Chennai - TNPCB",11-03-2026 15:00,13.1278,80.2642,OZONE,25,34,30
India,Rajasthan,Tonk,"Shastri Nagar, Tonk - RSPCB",11-03-2026 15:00,26.159933,75.780517,SO2,1,9,4
India,Rajasthan,Tonk,"Shastri Nagar, Tonk - RSPCB",11-03-2026 15:00,26.159933,75.780517,CO,20,86,33
India,Rajasthan,Udaipur,"Ashok Nagar, Udaipur - RSPCB",11-03-2026 15:00,24.5886166,73.6321397,PM10,76,166,122
India,Rajasthan,Udaipur,"Ashok Nagar, Udaipur - RSPCB",11-03-2026 15:00,24.5886166,73.6321397,NO2,4,203,58
India,Rajasthan,Udaipur,"Ashok Nagar, Udaipur - RSPCB",11-03-2026 15:00,24.5886166,73.6321397,NH3,4,6,5
India,Telangana,Hyderabad,"ICRISAT Patancheru, Hyderabad - TSPCB",11-03-2026 15:00,17.5184,78.278777,SO2,1,17,7
India,Telangana,Hyderabad,"IITH Kandi, Hyderabad - TSPCB",11-03-2026 15:00,17.585705,78.126199,CO,26,46,29
India,Telangana,Hyderabad,"Kokapet, Hyderabad - TSPCB",11-03-2026 15:00,17.393559,78.339194,PM2.5,58,71,63
India,Rajasthan,Nagaur,"Karni Colony, Nagaur - RSPCB",11-03-2026 15:00,27.213494,73.734444,NO2,7,92,29
India,Telangana,Hyderabad,"Somajiguda, Hyderabad - TSPCB",11-03-2026 15:00,17.417094,78.457437,PM2.5,52,59,54
India,Telangana,Hyderabad,"Somajiguda, Hyderabad - TSPCB",11-03-2026 15:00,17.417094,78.457437,PM10,86,93,88
India,Telangana,Hyderabad,"Somajiguda, Hyderabad - TSPCB",11-03-2026 15:00,17.417094,78.457437,NH3,3,4,4
India,Telangana,Hyderabad,"Somajiguda, Hyderabad - TSPCB",11-03-2026 15:00,17.417094,78.457437,CO,10,45,16
India,Telangana,Hyderabad,"Zoo Park, Hyderabad - TSPCB",11-03-2026 15:00,17.349694,78.451437,PM10,42,134,85
India,Telangana,Hyderabad,"Zoo Park, Hyderabad - TSPCB",11-03-2026 15:00,17.349694,78.451437,NO2,5,12,8
India,Tripura,Agartala,"Bardowali, Agartala - Tripura SPCB",11-03-2026 15:00,23.8175497,91.2726974,NO2,21,33,26
India,Tripura,Agartala,"Bardowali, Agartala - Tripura SPCB",11-03-2026 15:00,23.8175497,91.2726974,SO2,2,4,2
India,Uttar_Pradesh,Agra,"Manoharpur, Agra - UPPCB",11-03-2026 15:00,27.23711,78.01936,PM2.5,62,337,226
India,Uttar_Pradesh,Agra,"Manoharpur, Agra - UPPCB",11-03-2026 15:00,27.23711,78.01936,NH3,5,6,5
India,Uttar_Pradesh,Agra,"Rohta, Agra - UPPCB",11-03-2026 15:00,27.106972,78.000111,SO2,6,17,12
India,Uttar_Pradesh,Bareilly,"Civil Lines, Bareilly - UPPCB",11-03-2026 15:00,28.359581,79.414455,NH3,13,13,13
India,Uttar_Pradesh,Bareilly,"Civil Lines, Bareilly - UPPCB",11-03-2026 15:00,28.359581,79.414455,CO,62,82,69
India,Uttar_Pradesh,Bareilly,"Rajendra Nagar, Bareilly - UPPCB",11-03-2026 15:00,28.38910936,79.42963708,PM10,86,112,101
India,Uttar_Pradesh,Bareilly,"Rajendra Nagar, Bareilly - UPPCB",11-03-2026 15:00,28.38910936,79.42963708,NH3,1,1,1
India,Uttar_Pradesh,Bareilly,"Rajendra Nagar, Bareilly - UPPCB",11-03-2026 15:00,28.38910936,79.42963708,OZONE,1,12,1
India,Uttar_Pradesh,Bulandshahr,"Yamunapuram, Bulandshahr - UPPCB",11-03-2026 15:00,28.406963,77.849831,PM2.5,73,358,220
India,Uttar_Pradesh,Bulandshahr,"Yamunapuram, Bulandshahr - UPPCB",11-03-2026 15:00,28.406963,77.849831,NO2,14,116,60
India,Uttar_Pradesh,Bulandshahr,"Yamunapuram, Bulandshahr - UPPCB",11-03-2026 15:00,28.406963,77.849831,CO,30,105,65
India,Uttar_Pradesh,Firozabad,"Nagla Bhau, Firozabad - UPPCB",11-03-2026 15:00,27.168897,78.37696,OZONE,2,32,14
India,Uttar_Pradesh,Ghaziabad,"Indirapuram, Ghaziabad - UPPCB",11-03-2026 15:00,28.646233,77.358075,CO,6,172,35
India,Uttar_Pradesh,Ghaziabad,"Loni, Ghaziabad - UPPCB",11-03-2026 15:00,28.757294,77.278792,NO2,21,126,66
India,Uttar_Pradesh,Ghaziabad,"Loni, Ghaziabad - UPPCB",11-03-2026 15:00,28.757294,77.278792,NH3,2,17,7
India,Uttar_Pradesh,Ghaziabad,"Sanjay Nagar, Ghaziabad - UPPCB",11-03-2026 15:00,28.685382,77.453839,NO2,8,54,24
India,Uttar_Pradesh,Gorakhpur,"Madan Mohan Malaviya University of Technology, Gorakhpur - UPPCB",11-03-2026 15:00,26.730136,83.433859,CO,3,6,4
India,Uttar_Pradesh,Greater Noida,"Knowledge Park - III, Greater Noida - UPPCB",11-03-2026 15:00,28.47272,77.482,PM2.5,NA,NA,NA
India,Uttar_Pradesh,Greater Noida,"Knowledge Park - III, Greater Noida - UPPCB",11-03-2026 15:00,28.47272,77.482,PM10,148,419,275
India,Uttar_Pradesh,Greater Noida,"Knowledge Park - III, Greater Noida - UPPCB",11-03-2026 15:00,28.47272,77.482,NO2,18,125,73
India,Uttar_Pradesh,Greater Noida,"Knowledge Park - III, Greater Noida - UPPCB",11-03-2026 15:00,28.47272,77.482,CO,4,62,34
India,Uttar_Pradesh,Greater Noida,"Knowledge Park - V, Greater Noida - UPPCB",11-03-2026 15:00,28.557054,77.453663,NH3,4,7,5
India,Uttar_Pradesh,Greater Noida,"Knowledge Park - V, Greater Noida - UPPCB",11-03-2026 15:00,28.557054,77.453663,SO2,8,17,12
India,Uttar_Pradesh,Hapur,"Anand Vihar, Hapur - UPPCB",11-03-2026 15:00,28.725645,77.749675,OZONE,6,190,86
India,Uttar_Pradesh,Jhansi,"Shivaji Nagar, Jhansi - UPPCB",11-03-2026 15:00,25.4547,78.6039,PM2.5,13,71,28
India,Uttar_Pradesh,Jhansi,"Shivaji Nagar, Jhansi - UPPCB",11-03-2026 15:00,25.4547,78.6039,PM10,37,122,65
India,Uttar_Pradesh,Jhansi,"Shivaji Nagar, Jhansi - UPPCB",11-03-2026 15:00,25.4547,78.6039,SO2,8,19,12
India,Uttar_Pradesh,Jhansi,"Shivaji Nagar, Jhansi - UPPCB",11-03-2026 15:00,25.4547,78.6039,CO,8,60,14
India,Uttar_Pradesh,Kanpur,"NSI Kalyanpur, Kanpur - UPPCB",11-03-2026 15:00,26.509954,80.249612,SO2,8,55,20
India,Uttar_Pradesh,Moradabad,"Transport Nagar, Moradabad - UPPCB",11-03-2026 15:00,28.802625,78.753728,PM10,55,145,100
India,Uttar_Pradesh,Moradabad,"Transport Nagar, Moradabad - UPPCB",11-03-2026 15:00,28.802625,78.753728,NO2,29,30,29
India,Uttar_Pradesh,Moradabad,"Transport Nagar, Moradabad - UPPCB",11-03-2026 15:00,28.802625,78.753728,NH3,5,6,5
India,Uttar_Pradesh,Muzaffarnagar,"New Mandi, Muzaffarnagar - UPPCB",11-03-2026 15:00,29.4723508,77.7194031,NO2,21,72,42
India,Uttar_Pradesh,Noida,"Sector - 125, Noida - UPPCB",11-03-2026 15:00,28.5447608,77.3231257,NH3,2,26,11
India,Uttar_Pradesh,Noida,"Sector - 62, Noida - IMD",11-03-2026 15:00,28.6245479,77.3577104,PM2.5,64,318,215
India,Uttar_Pradesh,Noida,"Sector-1, Noida - UPPCB",11-03-2026 15:00,28.5898,77.3101,PM10,149,379,240
India,Uttar_Pradesh,Agra,"Sector-3B Avas Vikas Colony, Agra - UPPCB",11-03-2026 15:00,27.19412,77.96237,CO,4,45,14
India,Uttar_Pradesh,Agra,"Shahjahan Garden, Agra - UPPCB",11-03-2026 15:00,27.169338,78.03582,PM10,140,406,233
India,Uttar_Pradesh,Agra,"Shahjahan Garden, Agra - UPPCB",11-03-2026 15:00,27.169338,78.03582,NO2,19,25,22
India,Uttar_Pradesh,Agra,"Shastripuram, Agra - UPPCB",11-03-2026 15:00,27.19862,77.92066,PM2.5,58,353,234
India,Uttar_Pradesh,Agra,"Shastripuram, Agra - UPPCB",11-03-2026 15:00,27.19862,77.92066,PM10,107,417,198
India,Uttar_Pradesh,Baghpat,"Sardar Patel Inter College, Baghpat - UPPCB",11-03-2026 15:00,28.964949,77.278761,PM10,119,237,168
India,Uttar_Pradesh,Moradabad,"Buddhi Vihar, Moradabad - UPPCB",11-03-2026 15:00,28.83526,78.7446,NO2,29,29,29
India,Uttar_Pradesh,Moradabad,"Buddhi Vihar, Moradabad - UPPCB",11-03-2026 15:00,28.83526,78.7446,OZONE,10,83,23
India,Uttar_Pradesh,Moradabad,"Eco Herbal Park, Moradabad - UPPCB",11-03-2026 15:00,28.840739,78.697531,PM10,63,172,131
India,Uttar_Pradesh,Moradabad,"Employment Office, Moradabad - UPPCB",11-03-2026 15:00,28.88528,78.7388,NO2,15,16,16
India,Uttar_Pradesh,Moradabad,"Employment Office, Moradabad - UPPCB",11-03-2026 15:00,28.88528,78.7388,OZONE,6,49,19
India,Uttar_Pradesh,Moradabad,"Jigar Colony, Moradabad - UPPCB",11-03-2026 15:00,28.856664,78.772638,PM2.5,60,216,124
India,Uttar_Pradesh,Kanpur,"Nehru Nagar, Kanpur - UPPCB",11-03-2026 15:00,26.4703136,80.3229863,SO2,9,22,14
India,Uttar_Pradesh,Khurja,"Kalindi Kunj, Khurja - UPPCB",11-03-2026 15:00,28.2348927,77.8683002,PM2.5,43,369,192
India,Uttar_Pradesh,Khurja,"Kalindi Kunj, Khurja - UPPCB",11-03-2026 15:00,28.2348927,77.8683002,SO2,14,14,14
India,Uttar_Pradesh,Lucknow,"Kendriya Vidyalaya, Lucknow - CPCB",11-03-2026 15:00,26.906111,80.948222,NH3,9,16,13
India,Uttar_Pradesh,Lucknow,"Kendriya Vidyalaya, Lucknow - CPCB",11-03-2026 15:00,26.906111,80.948222,SO2,6,23,13
India,Uttar_Pradesh,Lucknow,"Kukrail Picnic Spot-1, Lucknow - UPPCB",11-03-2026 15:00,26.90723,80.98579,SO2,40,42,40
India,Uttar_Pradesh,Lucknow,"Lalbagh, Lucknow - CPCB",11-03-2026 15:00,26.8458805,80.9365541,NO2,29,37,33
India,Uttar_Pradesh,Lucknow,"Lalbagh, Lucknow - CPCB",11-03-2026 15:00,26.8458805,80.9365541,CO,22,86,66
India,Uttar_Pradesh,Meerut,"Jai Bhim Nagar, Meerut - UPPCB",11-03-2026 15:00,28.9535882,77.7622941,SO2,6,9,8
India,Uttar_Pradesh,Varanasi,"Bhelupur, Varanasi - UPPCB",11-03-2026 15:00,25.301778,82.996789,PM2.5,48,105,69
India,Uttar_Pradesh,Varanasi,"Bhelupur, Varanasi - UPPCB",11-03-2026 15:00,25.301778,82.996789,PM10,48,102,69
India,Uttar_Pradesh,Varanasi,"Maldahiya, Varanasi - UPPCB",11-03-2026 15:00,25.32393,82.99687,PM10,61,98,80
India,Uttar_Pradesh,Vrindavan,"Omex Eternity, Vrindavan - UPPCB",11-03-2026 15:00,27.571409,77.655757,SO2,18,33,21
India,Uttar_Pradesh,Vrindavan,"Omex Eternity, Vrindavan - UPPCB",11-03-2026 15:00,27.571409,77.655757,CO,26,52,38
India,Uttar_Pradesh,Vrindavan,"Omex Eternity, Vrindavan - UPPCB",11-03-2026 15:00,27.571409,77.655757,OZONE,15,16,15
India,Uttarakhand,Kashipur,"Govt. Girls Inter College, Kashipur - UKPCB",11-03-2026 15:00,29.2124114,78.9611753,PM10,118,165,141
India,Uttarakhand,Kashipur,"Govt. Girls Inter College, Kashipur - UKPCB",11-03-2026 15:00,29.2124114,78.9611753,NO2,6,11,9
India,Uttarakhand,Kashipur,"Govt. Girls Inter College, Kashipur - UKPCB",11-03-2026 15:00,29.2124114,78.9611753,CO,14,48,29
India,West_Bengal,Asansol,"Mahabir Colliery, Asansol - WBPCB",11-03-2026 15:00,23.618183,87.105718,NH3,1,2,1
India,West_Bengal,Asansol,"Mahabir Colliery, Asansol - WBPCB",11-03-2026 15:00,23.618183,87.105718,CO,17,83,47
India,West_Bengal,Asansol,"Trivenidevi Bhalotia College, Asansol - WBPCB",11-03-2026 15:00,23.616515,87.119133,NH3,3,4,4
India,West_Bengal,Asansol,"Trivenidevi Bhalotia College, Asansol - WBPCB",11-03-2026 15:00,23.616515,87.119133,CO,57,110,85
India,West_Bengal,Asansol,"Trivenidevi Bhalotia College, Asansol - WBPCB",11-03-2026 15:00,23.616515,87.119133,OZONE,10,48,29
India,West_Bengal,Barrackpore,"SVSPA Campus, Barrackpore - WBPCB",11-03-2026 15:00,22.7605581,88.3617589,PM2.5,55,64,59
India,West_Bengal,Durgapur,"Mahishkapur Road_B-Zone, Durgapur - WBPCB",11-03-2026 15:00,23.567923,87.306843,PM2.5,50,309,121
India,West_Bengal,Durgapur,"Mahishkapur Road_B-Zone, Durgapur - WBPCB",11-03-2026 15:00,23.567923,87.306843,NO2,4,26,14
India,West_Bengal,Kolkata,"Bidhannagar, Kolkata - WBPCB",11-03-2026 15:00,22.58157048,88.41002457,CO,8,25,11
India,West_Bengal,Kolkata,"Bidhannagar, Kolkata - WBPCB",11-03-2026 15:00,22.58157048,88.41002457,OZONE,16,45,32
India,West_Bengal,Kolkata,"Jadavpur, Kolkata - WBPCB",11-03-2026 15:00,22.49929,88.36917,NO2,12,14,13
India,West_Bengal,Kolkata,"Rabindra Bharati University, Kolkata - WBPCB",11-03-2026 15:00,22.627847,88.380669,CO,26,47,30
India,West_Bengal,Kolkata,"Rabindra Sarobar, Kolkata - WBPCB",11-03-2026 15:00,22.51106,88.35142,PM10,49,76,65
India,West_Bengal,Kolkata,"Victoria, Kolkata - WBPCB",11-03-2026 15:00,22.5448082,88.3403691,NH3,8,8,8
India,West_Bengal,Kolkata,"Victoria, Kolkata - WBPCB",11-03-2026 15:00,22.5448082,88.3403691,CO,2,17,4
India,Uttar_Pradesh,Noida,"Sector-116, Noida - UPPCB",11-03-2026 15:00,28.56923,77.393848,NO2,60,173,110
India,Uttar_Pradesh,Prayagraj,"Jhunsi, Prayagraj - UPPCB",11-03-2026 15:00,25.425602,81.917152,NH3,5,5,5
India,Uttar_Pradesh,Prayagraj,"Motilal Nehru NIT, Prayagraj - UPPCB",11-03-2026 15:00,25.494,81.863,SO2,24,85,66
India,Uttar_Pradesh,Prayagraj,"Motilal Nehru NIT, Prayagraj - UPPCB",11-03-2026 15:00,25.494,81.863,OZONE,5,28,15
India,Uttar_Pradesh,Prayagraj,"Nagar Nigam, Prayagraj - UPPCB",11-03-2026 15:00,25.44919916,81.82735986,SO2,59,76,69
India,Uttarakhand,Rishikesh,"Shivaji Nagar, Rishikesh - UKPCB",11-03-2026 15:00,30.075911,78.2859547,SO2,1,1,1
India,West_Bengal,Asansol,"Asansol Court Area, Asansol - WBPCB",11-03-2026 15:00,23.685297,86.945968,SO2,8,25,15
India,West_Bengal,Asansol,"Evelyn Lodge, Asansol - WBPCB",11-03-2026 15:00,23.697936,86.944395,PM2.5,49,106,68
India,West_Bengal,Asansol,"Evelyn Lodge, Asansol - WBPCB",11-03-2026 15:00,23.697936,86.944395,NO2,7,19,13
India,West_Bengal,Howrah,"Padmapukur, Howrah - WBPCB",11-03-2026 15:00,22.5687319,88.2797276,NH3,4,7,5
India,West_Bengal,Howrah,"Padmapukur, Howrah - WBPCB",11-03-2026 15:00,22.5687319,88.2797276,SO2,5,94,37
India,West_Bengal,Kolkata,"Ballygunge, Kolkata - WBPCB",11-03-2026 15:00,22.5367507,88.3638022,OZONE,16,27,22
India,West_Bengal,Haldia,"Priyambada Housing Estate, Haldia - WBPCB",11-03-2026 15:00,22.06047,88.109737,CO,30,39,36
India,West_Bengal,Howrah,"Belur Math, Howrah - WBPCB",11-03-2026 15:00,22.629801,88.352017,PM2.5,53,81,68
India,West_Bengal,Howrah,"Botanical Garden, Howrah - WBPCB",11-03-2026 15:00,22.554954,88.292568,CO,14,34,17
India,West_Bengal,Howrah,"Dasnagar, Howrah - WBPCB",11-03-2026 15:00,22.6025571,88.3105664,OZONE,17,77,46
India,West_Bengal,Siliguri,"Ward-32 Bapupara, Siliguri - WBPCB",11-03-2026 15:00,26.6879226,88.4152495,SO2,14,25,18
India,West_Bengal,Siliguri,"Ward-32 Bapupara, Siliguri - WBPCB",11-03-2026 15:00,26.6879226,88.4152495,OZONE,9,73,52
India,Andhra_Pradesh,Vijayawada,"Kanuru, Vijayawada - APPCB",11-03-2026 15:00,16.486692,80.699436,PM2.5,40,74,49
India,Andhra_Pradesh,Vijayawada,"Kanuru, Vijayawada - APPCB",11-03-2026 15:00,16.486692,80.699436,NO2,13,24,18
India,Andhra_Pradesh,Vijayawada,"Rajiv Gandhi Park, Vijayawada - APPCB",11-03-2026 15:00,16.509717,80.612222,CO,30,42,38
India,Andhra_Pradesh,Vijayawada,"Rajiv Nagar, Vijayawada - APPCB",11-03-2026 15:00,16.554731,80.64911,PM2.5,52,76,64
India,Andhra_Pradesh,Vijayawada,"Rajiv Nagar, Vijayawada - APPCB",11-03-2026 15:00,16.554731,80.64911,PM10,56,74,63
India,Andhra_Pradesh,Visakhapatnam,"GVM Corporation, Visakhapatnam - APPCB",11-03-2026 15:00,17.72,83.3,PM10,96,221,141
India,Andhra_Pradesh,Visakhapatnam,"GVM Corporation, Visakhapatnam - APPCB",11-03-2026 15:00,17.72,83.3,NO2,26,132,86
India,Andhra_Pradesh,Visakhapatnam,"GVM Corporation, Visakhapatnam - APPCB",11-03-2026 15:00,17.72,83.3,CO,14,74,29
India,Arunachal_Pradesh,Naharlagun,"Naharlagun, Naharlagun - APSPCB",11-03-2026 15:00,27.103358,93.679645,PM10,108,334,160
India,Arunachal_Pradesh,Naharlagun,"Naharlagun, Naharlagun - APSPCB",11-03-2026 15:00,27.103358,93.679645,NH3,1,1,1
India,Arunachal_Pradesh,Naharlagun,"Naharlagun, Naharlagun - APSPCB",11-03-2026 15:00,27.103358,93.679645,SO2,10,11,10
India,Assam,Byrnihat,"Central Academy for SFS, Byrnihat - PCBA",11-03-2026 15:00,26.071318,91.87488,PM10,68,191,114
India,Assam,Byrnihat,"Central Academy for SFS, Byrnihat - PCBA",11-03-2026 15:00,26.071318,91.87488,SO2,21,32,32
India,Bihar,Katihar,"Mirchaibari, Katihar - BSPCB",11-03-2026 15:00,25.560083,87.553265,NO2,9,10,9
India,Bihar,Katihar,"Mirchaibari, Katihar - BSPCB",11-03-2026 15:00,25.560083,87.553265,NH3,1,1,1
India,Bihar,Kishanganj,"SDM Office_Khagra, Kishanganj - BSPCB",11-03-2026 15:00,26.0881305,87.93840336,NO2,8,11,9
India,Bihar,Manguraha,"Forest Rest House, Manguraha - BSPCB",11-03-2026 15:00,27.308328,84.531742,PM2.5,73,180,115
India,Bihar,Motihari,"Gandak Colony, Motihari - BSPCB",11-03-2026 15:00,26.63086,84.90051,NH3,3,3,3
India,Bihar,Motihari,"Gandak Colony, Motihari - BSPCB",11-03-2026 15:00,26.63086,84.90051,SO2,2,3,3
India,Bihar,Motihari,"Gandak Colony, Motihari - BSPCB",11-03-2026 15:00,26.63086,84.90051,CO,14,28,18
India,Bihar,Munger,"Town Hall, Munger - BSPCB",11-03-2026 15:00,25.376776,86.471523,SO2,7,115,77
India,Bihar,Muzaffarpur,"Buddha Colony, Muzaffarpur - BSPCB",11-03-2026 15:00,26.11442,85.39813,PM10,61,114,95
India,Bihar,Muzaffarpur,"Buddha Colony, Muzaffarpur - BSPCB",11-03-2026 15:00,26.11442,85.39813,NO2,22,45,34
India,Bihar,Muzaffarpur,"Buddha Colony, Muzaffarpur - BSPCB",11-03-2026 15:00,26.11442,85.39813,NH3,12,20,16
India,Bihar,Araria,"Kharahiya Basti, Araria - BSPCB",11-03-2026 15:00,26.146529,87.454184,OZONE,10,10,10
India,Bihar,Arrah,"New DM Office, Arrah - BSPCB",11-03-2026 15:00,25.5626095,84.663264,NO2,5,9,7
India,Bihar,Arrah,"New DM Office, Arrah - BSPCB",11-03-2026 15:00,25.5626095,84.663264,SO2,4,6,5
India,Bihar,Aurangabad,"Gurdeo Nagar, Aurangabad - BSPCB",11-03-2026 15:00,24.75746,84.366208,PM10,85,125,103
India,Bihar,Aurangabad,"Gurdeo Nagar, Aurangabad - BSPCB",11-03-2026 15:00,24.75746,84.366208,CO,101,103,102
India,Bihar,Aurangabad,"Gurdeo Nagar, Aurangabad - BSPCB",11-03-2026 15:00,24.75746,84.366208,OZONE,3,42,27
India,Bihar,Begusarai,"Lohiyanagar, Begusarai - BSPCB",11-03-2026 15:00,25.42742023,86.13886079,NO2,10,16,13
India,Bihar,Begusarai,"Lohiyanagar, Begusarai - BSPCB",11-03-2026 15:00,25.42742023,86.13886079,OZONE,37,49,42
India,Bihar,Bettiah,"Kamalnath Nagar, Bettiah - BSPCB",11-03-2026 15:00,26.80365,84.51954,PM2.5,32,97,68
India,Bihar,Bettiah,"Kamalnath Nagar, Bettiah - BSPCB",11-03-2026 15:00,26.80365,84.51954,PM10,38,111,81
India,Bihar,Bhagalpur,"DM Office_Kachari Chowk, Bhagalpur - BSPCB",11-03-2026 15:00,25.251013,86.989001,SO2,27,86,55
India,Bihar,Bhagalpur,"Mayaganj, Bhagalpur - BSPCB",11-03-2026 15:00,25.265194,87.012947,NO2,7,8,7
India,Bihar,Bhagalpur,"Mayaganj, Bhagalpur - BSPCB",11-03-2026 15:00,25.265194,87.012947,SO2,44,54,49
India,Bihar,Bhagalpur,"Mayaganj, Bhagalpur - BSPCB",11-03-2026 15:00,25.265194,87.012947,CO,64,82,74
India,Bihar,Bihar Sharif,"D M Colony, Bihar Sharif - BSPCB",11-03-2026 15:00,25.204762,85.51496,PM10,47,136,86
India,Bihar,Bihar Sharif,"D M Colony, Bihar Sharif - BSPCB",11-03-2026 15:00,25.204762,85.51496,SO2,10,10,10
India,Bihar,Bihar Sharif,"D M Colony, Bihar Sharif - BSPCB",11-03-2026 15:00,25.204762,85.51496,CO,45,70,56
India,Bihar,Buxar,"Charitra Van, Buxar - BSPCB",11-03-2026 15:00,25.56752,83.966379,PM10,63,125,101
India,Bihar,Chhapra,"Darshan Nagar, Chhapra - BSPCB",11-03-2026 15:00,25.7808257,84.7446768,PM2.5,30,317,182
India,Andhra_Pradesh,Amaravati,"Secretariat, Amaravati - APPCB",11-03-2026 15:00,16.5150833,80.5181667,OZONE,1,39,24
India,Andhra_Pradesh,Anantapur,"Gulzarpet, Anantapur - APPCB",11-03-2026 15:00,14.675886,77.593027,NH3,6,6,6
India,Andhra_Pradesh,Eluru,"District Court, Eluru - APPCB",11-03-2026 15:00,16.711754,81.092095,NH3,NA,NA,NA
India,Andhra_Pradesh,Eluru,"District Court, Eluru - APPCB",11-03-2026 15:00,16.711754,81.092095,SO2,NA,NA,NA
India,Andhra_Pradesh,Guntur,"Rajendra Nagar North, Guntur - APPCB",11-03-2026 15:00,16.316553,80.413302,NO2,NA,NA,NA
India,Andhra_Pradesh,Guntur,"Rajendra Nagar North, Guntur - APPCB",11-03-2026 15:00,16.316553,80.413302,NH3,NA,NA,NA
India,Andhra_Pradesh,Guntur,"Rajendra Nagar North, Guntur - APPCB",11-03-2026 15:00,16.316553,80.413302,CO,4,12,8
India,Andhra_Pradesh,Machilipatnam,"Srinivas Nagar Colony, Machilipatnam - APPCB",11-03-2026 15:00,16.186555,81.13219,SO2,NA,NA,NA
India,Andhra_Pradesh,Tirumala,"Toll Gate, Tirumala - APPCB",11-03-2026 15:00,13.67,79.35,NH3,2,4,3
India,Andhra_Pradesh,Tirupati,"Vaikuntapuram, Tirupati - APPCB",11-03-2026 15:00,13.615387,79.40923,PM2.5,36,75,51
India,Andhra_Pradesh,Tirupati,"Vaikuntapuram, Tirupati - APPCB",11-03-2026 15:00,13.615387,79.40923,NO2,23,34,28
India,Andhra_Pradesh,Vijayawada,"HB Colony, Vijayawada - APPCB",11-03-2026 15:00,16.536107,80.594233,PM2.5,NA,NA,NA
India,Assam,Guwahati,"IITG, Guwahati - PCBA",11-03-2026 15:00,26.2028636,91.70046436,PM10,NA,NA,NA
India,Assam,Guwahati,"IITG, Guwahati - PCBA",11-03-2026 15:00,26.2028636,91.70046436,NO2,1,17,4
India,Assam,Guwahati,"IITG, Guwahati - PCBA",11-03-2026 15:00,26.2028636,91.70046436,OZONE,1,69,35
India,Assam,Guwahati,"LGBI Airport, Guwahati - PCBA",11-03-2026 15:00,26.10887,91.589544,PM10,40,136,79
India,Assam,Guwahati,"Pan Bazaar, Guwahati - PCBA",11-03-2026 15:00,26.1875,91.744194,PM2.5,75,493,208
India,Assam,Nalbari,"Bata Chowk, Nalbari - PCBA",11-03-2026 15:00,26.446912,91.439057,PM2.5,93,191,121
India,Assam,Silchar,"Tarapur, Silchar - PCBA",11-03-2026 15:00,24.82827,92.79525,PM10,47,64,54
India,Bihar,Araria,"Kharahiya Basti, Araria - BSPCB",11-03-2026 15:00,26.146529,87.454184,SO2,15,75,37
India,Bihar,Chhapra,"Darshan Nagar, Chhapra - BSPCB",11-03-2026 15:00,25.7808257,84.7446768,SO2,20,22,20
India,Bihar,Hajipur,"Industrial Area, Hajipur - BSPCB",11-03-2026 15:00,25.697189,85.2459,NH3,13,19,16
India,Bihar,Katihar,"Mirchaibari, Katihar - BSPCB",11-03-2026 15:00,25.560083,87.553265,PM10,40,102,71
India,Andhra_Pradesh,Amaravati,"Secretariat, Amaravati - APPCB",11-03-2026 15:00,16.5150833,80.5181667,NO2,8,15,10
India,Bihar,Siwan,"Chitragupta Nagar, Siwan - BSPCB",11-03-2026 15:00,26.2271665,84.3570427,PM10,NA,NA,NA
India,Bihar,Siwan,"Chitragupta Nagar, Siwan - BSPCB",11-03-2026 15:00,26.2271665,84.3570427,NO2,NA,NA,NA
India,Bihar,Siwan,"Chitragupta Nagar, Siwan - BSPCB",11-03-2026 15:00,26.2271665,84.3570427,NH3,NA,NA,NA
India,Chandigarh,Chandigarh,"Sector 22, Chandigarh - CPCC",11-03-2026 15:00,30.735567,76.775714,NH3,13,27,18
India,Chandigarh,Chandigarh,"Sector 22, Chandigarh - CPCC",11-03-2026 15:00,30.735567,76.775714,OZONE,7,119,58
India,Chandigarh,Chandigarh,"Sector-25, Chandigarh - CPCC",11-03-2026 15:00,30.751462,76.762879,NO2,1,31,14
India,Chandigarh,Chandigarh,"Sector-25, Chandigarh - CPCC",11-03-2026 15:00,30.751462,76.762879,OZONE,1,86,39
India,Chhattisgarh,Bhilai,"32Bungalows, Bhilai - CECB",11-03-2026 15:00,21.194815,81.31477,OZONE,1,22,14
India,Chhattisgarh,Bhilai,"Civic Center, Bhilai - Bhilai Steel Plant",11-03-2026 15:00,21.185571,81.343175,NO2,10,11,11
India,Bihar,Patna,"Samanpura, Patna - BSPCB",11-03-2026 15:00,25.596727,85.085624,OZONE,35,103,81
India,Bihar,Purnia,"Mariam Nagar, Purnia - BSPCB",11-03-2026 15:00,25.366336,87.117468,PM2.5,72,140,89
India,Bihar,Purnia,"Mariam Nagar, Purnia - BSPCB",11-03-2026 15:00,25.366336,87.117468,SO2,14,17,16
India,Bihar,Rajgir,"Dangi Tola, Rajgir - BSPCB",11-03-2026 15:00,25.0328,85.41948,NO2,NA,NA,NA
India,Bihar,Rajgir,"Dangi Tola, Rajgir - BSPCB",11-03-2026 15:00,25.0328,85.41948,CO,32,47,40
India,Bihar,Saharsa,"Police Line, Saharsa - BSPCB",11-03-2026 15:00,25.892357,86.590325,SO2,17,21,18
India,Bihar,Samastipur,"DM Office_Kasipur, Samastipur - BSPCB",11-03-2026 15:00,25.859655,85.77944,PM2.5,38,379,185
India,Bihar,Samastipur,"DM Office_Kasipur, Samastipur - BSPCB",11-03-2026 15:00,25.859655,85.77944,PM10,38,326,135
India,Chhattisgarh,Milupara,"Govt. Higher Secondary School, Milupara - CECB",11-03-2026 15:00,22.1910172,83.5197009,PM10,86,195,114
India,Chhattisgarh,Milupara,"Govt. Higher Secondary School, Milupara - CECB",11-03-2026 15:00,22.1910172,83.5197009,OZONE,8,190,190
India,Chhattisgarh,Raipur,"Bhatagaon New ISBT, Raipur - CECB",11-03-2026 15:00,21.219665,81.630094,PM2.5,14,68,44
India,Chhattisgarh,Raipur,"Krishak Nagar, Raipur - CECB",11-03-2026 15:00,21.237755,81.705301,CO,20,44,32
India,Chhattisgarh,Raipur,"Siltara Phase-II, Raipur - CECB",11-03-2026 15:00,21.371751,81.664929,SO2,4,66,21
India,Chhattisgarh,Korba,"Rampur, Korba - CECB",11-03-2026 15:00,22.368195,82.746431,PM10,69,126,91
India,Chhattisgarh,Korba,"Rampur, Korba - CECB",11-03-2026 15:00,22.368195,82.746431,NO2,13,39,20
India,Chhattisgarh,Korba,"Rampur, Korba - CECB",11-03-2026 15:00,22.368195,82.746431,OZONE,6,20,16
India,Chhattisgarh,Korba,"Urja Nagar, Korba - CECB",11-03-2026 15:00,22.348441,82.549611,PM10,NA,NA,NA
India,Chhattisgarh,Kunjemura,"OP Jindal School, Kunjemura - CECB",11-03-2026 15:00,22.12665,83.483212,NH3,2,2,2
India,Chhattisgarh,Kunjemura,"OP Jindal School, Kunjemura - CECB",11-03-2026 15:00,22.12665,83.483212,CO,24,72,43
India,Delhi,Delhi,"Alipur, Delhi - DPCC",11-03-2026 15:00,28.815329,77.15301,PM10,134,492,296
India,Delhi,Delhi,"Alipur, Delhi - DPCC",11-03-2026 15:00,28.815329,77.15301,NH3,12,18,15
India,Delhi,Delhi,"Anand Vihar, Delhi - DPCC",11-03-2026 15:00,28.647622,77.315809,SO2,4,52,28
India,Delhi,Delhi,"Anand Vihar, Delhi - DPCC",11-03-2026 15:00,28.647622,77.315809,CO,21,122,94
India,Bihar,Patna,"Govt. High School Shikarpur, Patna - BSPCB",11-03-2026 15:00,25.592539,85.227158,PM2.5,19,48,31
India,Bihar,Patna,"Govt. High School Shikarpur, Patna - BSPCB",11-03-2026 15:00,25.592539,85.227158,SO2,1,7,5
India,Bihar,Patna,"Rajbansi Nagar, Patna - BSPCB",11-03-2026 15:00,25.599486,85.113666,PM2.5,92,180,138
India,Bihar,Patna,"Samanpura, Patna - BSPCB",11-03-2026 15:00,25.596727,85.085624,PM2.5,81,208,134
India,Bihar,Sasaram,"Dada Peer, Sasaram - BSPCB",11-03-2026 15:00,24.952822,84.002396,NO2,1,3,2
India,Bihar,Patna,"Muradpur, Patna - BSPCB",11-03-2026 15:00,25.619651,85.147382,NO2,10,12,11
India,Delhi,Delhi,"Punjabi Bagh, Delhi - DPCC",11-03-2026 15:00,28.674045,77.131023,SO2,31,79,53
India,Delhi,Delhi,"Punjabi Bagh, Delhi - DPCC",11-03-2026 15:00,28.674045,77.131023,OZONE,3,56,33
India,Delhi,Delhi,"Pusa, Delhi - DPCC",11-03-2026 15:00,28.639652,77.146275,SO2,7,21,14
India,Delhi,Delhi,"Pusa, Delhi - IMD",11-03-2026 15:00,28.63611,77.173332,NO2,44,266,156
India,Delhi,Delhi,"Pusa, Delhi - IMD",11-03-2026 15:00,28.63611,77.173332,CO,73,138,97
India,Delhi,Delhi,"Pusa, Delhi - IMD",11-03-2026 15:00,28.63611,77.173332,OZONE,46,319,319
India,Delhi,Delhi,"R K Puram, Delhi - DPCC",11-03-2026 15:00,28.563262,77.186937,PM10,147,472,244
India,Delhi,Delhi,"R K Puram, Delhi - DPCC",11-03-2026 15:00,28.563262,77.186937,CO,28,128,60
India,Delhi,Delhi,"Rohini, Delhi - DPCC",11-03-2026 15:00,28.732528,77.11992,PM2.5,85,392,267
India,Delhi,Delhi,"Rohini, Delhi - DPCC",11-03-2026 15:00,28.732528,77.11992,PM10,116,500,325
India,Delhi,Delhi,"Rohini, Delhi - DPCC",11-03-2026 15:00,28.732528,77.11992,NO2,18,119,58
India,Delhi,Delhi,"Rohini, Delhi - DPCC",11-03-2026 15:00,28.732528,77.11992,SO2,8,38,19
India,Delhi,Delhi,"Rohini, Delhi - DPCC",11-03-2026 15:00,28.732528,77.11992,CO,2,126,32
India,Delhi,Delhi,"Bawana, Delhi - DPCC",11-03-2026 15:00,28.7762,77.051074,CO,30,117,55
India,Delhi,Delhi,"Bawana, Delhi - DPCC",11-03-2026 15:00,28.7762,77.051074,OZONE,3,80,33
India,Delhi,Delhi,"Burari Crossing, Delhi - IMD",11-03-2026 15:00,28.7256504,77.2011573,PM2.5,67,325,244
India,Delhi,Delhi,"Burari Crossing, Delhi - IMD",11-03-2026 15:00,28.7256504,77.2011573,NO2,34,128,68
India,Delhi,Delhi,"Burari Crossing, Delhi - IMD",11-03-2026 15:00,28.7256504,77.2011573,CO,18,107,54
India,Delhi,Delhi,"CRRI Mathura Road, Delhi - IMD",11-03-2026 15:00,28.5512005,77.2735737,OZONE,20,78,50
India,Delhi,Delhi,"Cantonment Area, Delhi - DPCC ",11-03-2026 15:00,28.594169,77.1251,NO2,19,161,87
India,Delhi,Delhi,"Cantonment Area, Delhi - DPCC ",11-03-2026 15:00,28.594169,77.1251,OZONE,1,56,36
India,Delhi,Delhi,"Chandni Chowk, Delhi - IITM",11-03-2026 15:00,28.656756,77.227234,CO,34,143,68
India,Delhi,Delhi,"Commonwealth Sports Complex, Delhi - DPCC",11-03-2026 15:00,28.615828,77.271992,OZONE,3,120,62
India,Delhi,Delhi,"IGI Airport (T3), Delhi - IMD",11-03-2026 15:00,28.5627763,77.1180053,NO2,2,7,4
India,Delhi,Delhi,"IGNOU_Maidan Garhi, Delhi - DPCC",11-03-2026 15:00,28.493624,77.201159,NO2,1,1,1
India,Delhi,Delhi,"IHBAS, Dilshad Garden, Delhi - CPCB",11-03-2026 15:00,28.6811736,77.3025234,NH3,5,22,13
India,Delhi,Delhi,"IIT Delhi, Delhi - IITM",11-03-2026 15:00,28.54246,77.191651,PM2.5,75,312,190
India,Delhi,Delhi,"IIT Delhi, Delhi - IITM",11-03-2026 15:00,28.54246,77.191651,CO,28,104,62
India,Delhi,Delhi,"ITO, Delhi - CPCB",11-03-2026 15:00,28.628624,77.24106,OZONE,16,52,34
India,Delhi,Delhi,"JNU, Delhi - DPCC",11-03-2026 15:00,28.540721,77.168544,PM2.5,95,315,216
India,Delhi,Delhi,"NSIT Dwarka, Delhi - CPCB",11-03-2026 15:00,28.60909,77.0325413,OZONE,13,41,30
India,Delhi,Delhi,"NSUT Jaffarpur, Delhi - DPCC",11-03-2026 15:00,28.594004,76.909423,NO2,2,106,50
India,Delhi,Delhi,"NSUT Jaffarpur, Delhi - DPCC",11-03-2026 15:00,28.594004,76.909423,SO2,78,85,82
India,Delhi,Delhi,"Narela, Delhi - DPCC",11-03-2026 15:00,28.822836,77.101981,SO2,6,46,20
India,Delhi,Delhi,"Narela, Delhi - DPCC",11-03-2026 15:00,28.822836,77.101981,CO,12,88,40
India,Delhi,Delhi,"Nehru Nagar, Delhi - DPCC",11-03-2026 15:00,28.56789,77.250515,PM2.5,68,390,252
India,Delhi,Delhi,"Nehru Nagar, Delhi - DPCC",11-03-2026 15:00,28.56789,77.250515,NH3,25,30,27
India,Delhi,Delhi,"Shadipur, Delhi - CPCB",11-03-2026 15:00,28.6514781,77.1473105,OZONE,1,41,29
India,Delhi,Delhi,"Sirifort, Delhi - CPCB",11-03-2026 15:00,28.5504249,77.2159377,PM2.5,72,341,240
India,Delhi,Delhi,"Sirifort, Delhi - CPCB",11-03-2026 15:00,28.5504249,77.2159377,CO,19,110,70
India,Delhi,Delhi,"Sonia Vihar, Delhi - DPCC",11-03-2026 15:00,28.710508,77.249485,SO2,39,90,55
India,Delhi,Delhi,"Sri Aurobindo Marg, Delhi - DPCC",11-03-2026 15:00,28.531346,77.190156,SO2,1,8,5
India,Delhi,Delhi,"DTU, Delhi - CPCB",11-03-2026 15:00,28.7500499,77.1112615,PM10,81,215,148
India,Delhi,Delhi,"DTU, Delhi - CPCB",11-03-2026 15:00,28.7500499,77.1112615,NO2,39,48,46
India,Delhi,Delhi,"Dr. Karni Singh Shooting Range, Delhi - DPCC",11-03-2026 15:00,28.498571,77.26484,NH3,7,13,10
India,Delhi,Delhi,"Dwarka-Sector 8, Delhi - DPCC ",11-03-2026 15:00,28.5710274,77.0719006,NH3,17,29,20
India,Delhi,Delhi,"North Campus, DU, Delhi - IMD",11-03-2026 15:00,28.6573814,77.1585447,PM10,123,322,188
India,Delhi,Delhi,"North Campus, DU, Delhi - IMD",11-03-2026 15:00,28.6573814,77.1585447,NO2,37,191,110
India,Delhi,Delhi,"North Campus, DU, Delhi - IMD",11-03-2026 15:00,28.6573814,77.1585447,OZONE,13,163,163
India,Delhi,Delhi,"Patparganj, Delhi - DPCC",11-03-2026 15:00,28.623763,77.287209,NH3,8,13,10
India,Delhi,Delhi,"Jawaharlal Nehru Stadium, Delhi - DPCC",11-03-2026 15:00,28.58028,77.233829,OZONE,1,227,104
India,Delhi,Delhi,"Major Dhyan Chand National Stadium, Delhi - DPCC",11-03-2026 15:00,28.611281,77.237738,NO2,39,200,104
India,Delhi,Delhi,"Jahangirpuri, Delhi - DPCC",11-03-2026 15:00,28.73282,77.170633,PM10,131,395,240
India,Delhi,Delhi,"Jahangirpuri, Delhi - DPCC",11-03-2026 15:00,28.73282,77.170633,NH3,1,20,9
India,Delhi,Delhi,"Jahangirpuri, Delhi - DPCC",11-03-2026 15:00,28.73282,77.170633,SO2,46,73,54
India,Haryana,Fatehabad,"Huda Sector, Fatehabad - HSPCB",11-03-2026 15:00,29.503664,75.467934,CO,25,38,30
India,Haryana,Fatehabad,"Huda Sector, Fatehabad - HSPCB",11-03-2026 15:00,29.503664,75.467934,OZONE,69,116,102
India,Haryana,Gurugram,"NISE Gwal Pahari, Gurugram - IMD",11-03-2026 15:00,28.422681,77.148944,PM10,118,249,172
India,Haryana,Gurugram,"Sector-51, Gurugram - HSPCB",11-03-2026 15:00,28.4227,77.0667,CO,7,102,42
India,Haryana,Gurugram,"Teri Gram, Gurugram - HSPCB",11-03-2026 15:00,28.4275,77.1465,OZONE,NA,NA,NA
India,Haryana,Gurugram,"Vikas Sadan, Gurugram - HSPCB",11-03-2026 15:00,28.4501238,77.0263051,PM2.5,219,493,342
India,Haryana,Gurugram,"Vikas Sadan, Gurugram - HSPCB",11-03-2026 15:00,28.4501238,77.0263051,PM10,120,442,230
India,Haryana,Gurugram,"Vikas Sadan, Gurugram - HSPCB",11-03-2026 15:00,28.4501238,77.0263051,SO2,2,8,5
India,Haryana,Hisar,"Urban Estate-II, Hisar - HSPCB",11-03-2026 15:00,29.14056,75.744941,NO2,26,27,27
India,Haryana,Hisar,"Urban Estate-II, Hisar - HSPCB",11-03-2026 15:00,29.14056,75.744941,SO2,8,14,11
India,Gujarat,Vapi,"Phase-1 GIDC, Vapi - GPCB",11-03-2026 15:00,20.362421,72.918013,NO2,NA,NA,NA
India,Gujarat,Vapi,"Phase-1 GIDC, Vapi - GPCB",11-03-2026 15:00,20.362421,72.918013,NH3,NA,NA,NA
India,Gujarat,Vapi,"Phase-1 GIDC, Vapi - GPCB",11-03-2026 15:00,20.362421,72.918013,SO2,NA,NA,NA
India,Haryana,Ambala,"Patti Mehar, Ambala - HSPCB",11-03-2026 15:00,30.379589,76.778328,CO,22,48,28
India,Haryana,Bahadurgarh,"Arya Nagar, Bahadurgarh - HSPCB",11-03-2026 15:00,28.6701,76.9254,NH3,12,13,13
India,Haryana,Bahadurgarh,"Arya Nagar, Bahadurgarh - HSPCB",11-03-2026 15:00,28.6701,76.9254,SO2,6,7,7
India,Haryana,Ballabgarh,"Nathu Colony, Ballabgarh - HSPCB",11-03-2026 15:00,28.3419248,77.319699,CO,15,101,35
India,Haryana,Ballabgarh,"Nathu Colony, Ballabgarh - HSPCB",11-03-2026 15:00,28.3419248,77.319699,OZONE,6,6,6
India,Haryana,Bhiwani,"H.B. Colony, Bhiwani - HSPCB",11-03-2026 15:00,28.806223,76.141105,PM2.5,64,488,156
India,Haryana,Bhiwani,"H.B. Colony, Bhiwani - HSPCB",11-03-2026 15:00,28.806223,76.141105,PM10,55,448,122
India,Haryana,Bhiwani,"H.B. Colony, Bhiwani - HSPCB",11-03-2026 15:00,28.806223,76.141105,OZONE,3,18,9
India,Haryana,Charkhi Dadri,"Mini Secretariat, Charkhi Dadri - HSPCB",11-03-2026 15:00,28.593883,76.270653,CO,6,25,14
India,Haryana,Dharuhera,"Municipal Corporation Office, Dharuhera -  HSPCB",11-03-2026 15:00,28.2068,76.7997,PM2.5,63,301,176
India,Haryana,Faridabad,"New Industrial Town, Faridabad - HSPCB",11-03-2026 15:00,28.39072,77.30059,NH3,11,12,11
India,Haryana,Faridabad,"New Industrial Town, Faridabad - HSPCB",11-03-2026 15:00,28.39072,77.30059,OZONE,26,33,30
India,Haryana,Faridabad,"Sector 30, Faridabad - HSPCB",11-03-2026 15:00,28.4417,77.3217,OZONE,5,40,30
India,Delhi,Delhi,"Vivek Vihar, Delhi - DPCC",11-03-2026 15:00,28.672342,77.31526,CO,36,120,46
India,Delhi,Delhi,"Wazirpur, Delhi - DPCC",11-03-2026 15:00,28.699793,77.165453,PM2.5,98,365,268
India,Delhi,Delhi,"Wazirpur, Delhi - DPCC",11-03-2026 15:00,28.699793,77.165453,PM10,159,446,322
India,Delhi,Delhi,"Wazirpur, Delhi - DPCC",11-03-2026 15:00,28.699793,77.165453,SO2,5,23,15
India,Delhi,Delhi,"Wazirpur, Delhi - DPCC",11-03-2026 15:00,28.699793,77.165453,OZONE,3,138,72
India,Gujarat,Ahmedabad,"Chandkheda, Ahmedabad - IITM",11-03-2026 15:00,23.107969,72.574648,SO2,1,21,9
India,Gujarat,Ahmedabad,"Gyaspur, Ahmedabad - IITM",11-03-2026 15:00,22.977134,72.553024,PM10,76,240,142
India,Gujarat,Ankleshwar,"GIDC, Ankleshwar - GPCB",11-03-2026 15:00,21.613267,73.010555,SO2,36,37,36
India,Gujarat,Gandhinagar,"GIFT City, Gandhinagar - IITM",11-03-2026 15:00,23.163798,72.677768,PM10,95,500,212
India,Gujarat,Gandhinagar,"IIPHG Lekawada, Gandhinagar - IITM",11-03-2026 15:00,23.243639,72.68994,SO2,2,6,4
India,Gujarat,Gandhinagar,"Sector-10, Gandhinagar - GPCB",11-03-2026 15:00,23.221714,72.654328,SO2,6,16,11
India,Gujarat,Ahmedabad,"Maninagar, Ahmedabad - GPCB",11-03-2026 15:00,23.002657,72.591912,SO2,29,74,51
India,Gujarat,Ahmedabad,"Raikhad, Ahmedabad - IITM",11-03-2026 15:00,23.020509,72.579261,NO2,13,167,74
India,Gujarat,Ahmedabad,"Rakhial, Ahmedabad - IITM",11-03-2026 15:00,23.016834,72.625775,PM2.5,34,297,102
India,Gujarat,Ahmedabad,"SAC ISRO Bopal, Ahmedabad - IITM",11-03-2026 15:00,23.041137,72.456691,CO,2,60,19
India,Gujarat,Ahmedabad,"SAC ISRO Satellite, Ahmedabad - IITM",11-03-2026 15:00,23.023389,72.515201,NH3,2,14,6
India,Gujarat,Ahmedabad,"SVPI Airport Hansol, Ahmedabad - IITM",11-03-2026 15:00,23.076793,72.627874,PM2.5,26,112,66
India,Gujarat,Ahmedabad,"SVPI Airport Hansol, Ahmedabad - IITM",11-03-2026 15:00,23.076793,72.627874,NH3,1,6,2
India,Gujarat,Ahmedabad,"SVPI Airport Hansol, Ahmedabad - IITM",11-03-2026 15:00,23.076793,72.627874,SO2,3,25,9
India,Gujarat,Ahmedabad,"SVPI Airport Hansol, Ahmedabad - IITM",11-03-2026 15:00,23.076793,72.627874,CO,4,117,34
India,Gujarat,Surat,"Science Center, Surat - SMC",11-03-2026 15:00,21.170046,72.795405,SO2,26,46,31
India,Gujarat,Vadodara,"Bapunagar, Vadodara - Nexteng Enviro",11-03-2026 15:00,22.320153,73.216285,PM10,26,110,75
India,Gujarat,Vapi,"Phase-1 GIDC, Vapi - GPCB",11-03-2026 15:00,20.362421,72.918013,PM2.5,NA,NA,NA
India,Haryana,Kaithal,"Rishi Nagar, Kaithal - HSPCB",11-03-2026 15:00,29.8006,76.4155,PM2.5,92,189,130
India,Haryana,Kaithal,"Rishi Nagar, Kaithal - HSPCB",11-03-2026 15:00,29.8006,76.4155,NH3,5,6,6
India,Haryana,Karnal,"Sector-12, Karnal - HSPCB",11-03-2026 15:00,29.6953,77.0027,PM2.5,41,325,234
India,Haryana,Kurukshetra,"Sector-7, Kurukshetra - HSPCB",11-03-2026 15:00,29.966942,76.875879,NH3,6,7,6
India,Haryana,Kurukshetra,"Sector-7, Kurukshetra - HSPCB",11-03-2026 15:00,29.966942,76.875879,SO2,2,13,6
India,Haryana,Mandikhera,"General Hospital, Mandikhera(Nuh) - HSPCB",11-03-2026 15:00,27.9002,76.9938,PM10,61,114,95
India,Haryana,Mandikhera,"General Hospital, Mandikhera(Nuh) - HSPCB",11-03-2026 15:00,27.9002,76.9938,NH3,12,14,13
India,Haryana,Mandikhera,"General Hospital, Mandikhera(Nuh) - HSPCB",11-03-2026 15:00,27.9002,76.9938,CO,57,88,75
India,Haryana,Narnaul,"Shastri Nagar, Narnaul - HSPCB",11-03-2026 15:00,28.060249,76.113115,PM2.5,25,252,116
India,Haryana,Narnaul,"Shastri Nagar, Narnaul - HSPCB",11-03-2026 15:00,28.060249,76.113115,PM10,21,139,82
India,Haryana,Palwal,"Shyam Nagar, Palwal - HSPCB",11-03-2026 15:00,28.1485564,77.3320667,PM10,46,70,59
India,Haryana,Palwal,"Shyam Nagar, Palwal - HSPCB",11-03-2026 15:00,28.1485564,77.3320667,NH3,8,9,9
India,Haryana,Palwal,"Shyam Nagar, Palwal - HSPCB",11-03-2026 15:00,28.1485564,77.3320667,CO,12,56,37
India,Haryana,Panchgaon,"Amity University, Panchgaon - IITM",11-03-2026 15:00,28.3153,76.9143,PM2.5,92,387,200
India,Haryana,Panchgaon,"Amity University, Panchgaon - IITM",11-03-2026 15:00,28.3153,76.9143,PM10,85,263,125
India,Haryana,Panchgaon,"Amity University, Panchgaon - IITM",11-03-2026 15:00,28.3153,76.9143,NO2,1,62,21
India,Haryana,Panchgaon,"Amity University, Panchgaon - IITM",11-03-2026 15:00,28.3153,76.9143,NH3,3,13,8
India,Haryana,Panchgaon,"Amity University, Panchgaon - IITM",11-03-2026 15:00,28.3153,76.9143,SO2,5,22,14
India,Karnataka,Dharwad,"Kalabhavan, Dharwad - KSPCB",11-03-2026 15:00,15.459706,75.008381,SO2,6,10,8
India,Karnataka,Dharwad,"Kalabhavan, Dharwad - KSPCB",11-03-2026 15:00,15.459706,75.008381,CO,10,60,11
India,Karnataka,Hubballi,"Lingaraj Nagar, Hubballi - KSPCB",11-03-2026 15:00,15.3714823,75.1160168,SO2,3,4,3
India,Karnataka,Kalaburagi,"Mahatma Basaveswar Colony, Kalaburgi - KSPCB",11-03-2026 15:00,17.336318,76.847397,NO2,11,18,15
India,Karnataka,Madikeri,"Stuart Hill, Madikeri - KSPCB",11-03-2026 15:00,12.415911,75.73505,PM2.5,20,44,30
India,Karnataka,Mangalore,"Kadri, Mangalore - KSPCB",11-03-2026 15:00,12.88925,74.853,NH3,3,5,3
India,Karnataka,Mysuru,"Hebbal 1st Stage, Mysuru - KSPCB",11-03-2026 15:00,12.21041,76.37376,PM10,42,82,57
India,Karnataka,Mysuru,"Hebbal 1st Stage, Mysuru - KSPCB",11-03-2026 15:00,12.21041,76.37376,CO,8,61,22
India,Karnataka,Mysuru,"Hebbal 1st Stage, Mysuru - KSPCB",11-03-2026 15:00,12.21041,76.37376,OZONE,8,74,49
India,Karnataka,Ramanagara,"Vijay Nagar, Ramanagara - KSPCB",11-03-2026 15:00,12.733409,77.298051,PM2.5,9,49,29
India,Karnataka,Ramanagara,"Vijay Nagar, Ramanagara - KSPCB",11-03-2026 15:00,12.733409,77.298051,PM10,33,68,48
India,Himachal Pradesh,Baddi,"HIMUDA Complex Phase-1, Baddi - HPPCB",11-03-2026 15:00,30.943887,76.801991,OZONE,56,142,114
India,Jammu_and_Kashmir,Pampore,"Khrew, Pampore - JKPCC",11-03-2026 15:00,34.031606,75.009712,PM2.5,12,52,34
India,Jammu_and_Kashmir,Pampore,"Khrew, Pampore - JKPCC",11-03-2026 15:00,34.031606,75.009712,NO2,12,36,21
India,Jammu_and_Kashmir,Srinagar,"Khunmoh, Srinagar - JKPCC",11-03-2026 15:00,34.06313,74.96017,PM2.5,10,66,21
India,Karnataka,Bagalkot,"Vidayagiri, Bagalkot - KSPCB",11-03-2026 15:00,16.172806,75.659694,CO,4,37,22
India,Karnataka,Bengaluru,"BTM Layout, Bengaluru - CPCB",11-03-2026 15:00,12.9135218,77.5950804,PM10,104,105,104
India,Karnataka,Bengaluru,"BTM Layout, Bengaluru - CPCB",11-03-2026 15:00,12.9135218,77.5950804,NH3,3,3,3
India,Karnataka,Bengaluru,"BTM Layout, Bengaluru - CPCB",11-03-2026 15:00,12.9135218,77.5950804,SO2,17,22,22
India,Haryana,Panchkula,"Sector-6, Panchkula - HSPCB ",11-03-2026 15:00,30.7057778,76.85318056,NO2,22,25,24
India,Haryana,Panchkula,"Sector-6, Panchkula - HSPCB ",11-03-2026 15:00,30.7057778,76.85318056,SO2,13,14,14
India,Haryana,Panipat,"Sector-18, Panipat - HSPCB",11-03-2026 15:00,29.432304,76.972765,PM10,120,159,141
India,Haryana,Panipat,"Sector-18, Panipat - HSPCB",11-03-2026 15:00,29.432304,76.972765,OZONE,30,30,30
India,Haryana,Rohtak,"MD University, Rohtak - HSPCB",11-03-2026 15:00,28.52123,76.37138,SO2,NA,NA,NA
India,Haryana,Rohtak,"MD University, Rohtak - HSPCB",11-03-2026 15:00,28.52123,76.37138,OZONE,39,40,40
India,Haryana,Sirsa,"F-Block, Sirsa - HSPCB",11-03-2026 15:00,29.5364,75.0158,PM10,NA,NA,NA
India,Haryana,Yamuna Nagar,"Gobind Pura, Yamuna Nagar - HSPCB",11-03-2026 15:00,30.1480566,77.2893471,PM2.5,174,327,277
India,Haryana,Yamuna Nagar,"Gobind Pura, Yamuna Nagar - HSPCB",11-03-2026 15:00,30.1480566,77.2893471,PM10,143,261,193
India,Karnataka,Bengaluru,"Hombegowda Nagar, Bengaluru - KSPCB",11-03-2026 15:00,12.938539,77.5901,NH3,3,7,4
India,Karnataka,Bengaluru,"Hombegowda Nagar, Bengaluru - KSPCB",11-03-2026 15:00,12.938539,77.5901,CO,1,20,8
India,Karnataka,Bengaluru,"Jigani, Bengaluru - KSPCB",11-03-2026 15:00,12.7816279,77.6299145,NO2,21,23,22
India,Karnataka,Bengaluru,"Jigani, Bengaluru - KSPCB",11-03-2026 15:00,12.7816279,77.6299145,NH3,3,3,3
India,Karnataka,Bengaluru,"Peenya, Bengaluru - CPCB",11-03-2026 15:00,13.0270199,77.494094,PM2.5,18,43,27
India,Karnataka,Bengaluru,"Peenya, Bengaluru - CPCB",11-03-2026 15:00,13.0270199,77.494094,SO2,4,16,10
India,Karnataka,Bengaluru,"Peenya, Bengaluru - CPCB",11-03-2026 15:00,13.0270199,77.494094,CO,24,64,34
India,Karnataka,Bengaluru,"Sanegurava Halli, Bengaluru - KSPCB",11-03-2026 15:00,12.990328,77.5431385,PM10,60,61,60
India,Karnataka,Bengaluru,"BTM Layout, Bengaluru - CPCB",11-03-2026 15:00,12.9135218,77.5950804,OZONE,22,25,24
India,Karnataka,Bengaluru,"Bapuji Nagar, Bengaluru - KSPCB",11-03-2026 15:00,12.951913,77.539784,PM10,63,118,96
India,Karnataka,Bengaluru,"Bapuji Nagar, Bengaluru - KSPCB",11-03-2026 15:00,12.951913,77.539784,OZONE,20,75,37
India,Karnataka,Bengaluru,"Hebbal, Bengaluru - KSPCB",11-03-2026 15:00,13.029152,77.585901,PM2.5,21,68,46
India,Karnataka,Bengaluru,"Hebbal, Bengaluru - KSPCB",11-03-2026 15:00,13.029152,77.585901,OZONE,9,11,10
India,Karnataka,Bengaluru,"Hombegowda Nagar, Bengaluru - KSPCB",11-03-2026 15:00,12.938539,77.5901,PM2.5,NA,NA,NA
India,Karnataka,Chikkaballapur,"Chikkaballapur Rural, Chikkaballapur - KSPCB",11-03-2026 15:00,13.428828,77.731418,PM2.5,14,59,33
India,Karnataka,Chikkaballapur,"Chikkaballapur Rural, Chikkaballapur - KSPCB",11-03-2026 15:00,13.428828,77.731418,NO2,3,14,8
India,Karnataka,Chikkaballapur,"Chikkaballapur Rural, Chikkaballapur - KSPCB",11-03-2026 15:00,13.428828,77.731418,NH3,2,3,3
India,Karnataka,Chikkamagaluru,"Kalyana Nagara, Chikkamagaluru - KSPCB",11-03-2026 15:00,13.328028,75.797056,NH3,3,3,3
India,Karnataka,Chikkamagaluru,"Kalyana Nagara, Chikkamagaluru - KSPCB",11-03-2026 15:00,13.328028,75.797056,CO,14,30,25
India,Karnataka,Chikkamagaluru,"Kalyana Nagara, Chikkamagaluru - KSPCB",11-03-2026 15:00,13.328028,75.797056,OZONE,18,60,31
India,Karnataka,Yadgir,"Collector Office, Yadgir - KSPCB",11-03-2026 15:00,16.7602,77.1428,NO2,NA,NA,NA
India,Karnataka,Yadgir,"Collector Office, Yadgir - KSPCB",11-03-2026 15:00,16.7602,77.1428,SO2,2,23,12
India,Karnataka,Yadgir,"Collector Office, Yadgir - KSPCB",11-03-2026 15:00,16.7602,77.1428,CO,11,28,14
India,Kerala,Kollam,"Polayathode, Kollam - Kerala PCB",11-03-2026 15:00,8.8787,76.6073,CO,14,18,16
India,Kerala,Kollam,"Polayathode, Kollam - Kerala PCB",11-03-2026 15:00,8.8787,76.6073,OZONE,31,37,35
India,Karnataka,Ramanagara,"Vijay Nagar, Ramanagara - KSPCB",11-03-2026 15:00,12.733409,77.298051,CO,4,14,6
India,Karnataka,Ramanagara,"Vijay Nagar, Ramanagara - KSPCB",11-03-2026 15:00,12.733409,77.298051,OZONE,17,50,34
India,Karnataka,Shivamogga,"Vinoba Nagara, Shivamogga - KSPCB",11-03-2026 15:00,13.94,75.555917,NO2,18,27,24
India,Madhya Pradesh,Dewas,"Bhopal Chauraha, Dewas - MPPCB",11-03-2026 15:00,22.9682591,76.064118,CO,8,40,16
India,Madhya Pradesh,Gwalior,"City Center, Gwalior - MPPCB",11-03-2026 15:00,26.203442,78.193251,NH3,NA,NA,NA
India,Madhya Pradesh,Gwalior,"City Center, Gwalior - MPPCB",11-03-2026 15:00,26.203442,78.193251,SO2,NA,NA,NA
India,Madhya Pradesh,Gwalior,"City Center, Gwalior - MPPCB",11-03-2026 15:00,26.203442,78.193251,OZONE,NA,NA,NA
India,Madhya Pradesh,Gwalior,"Deen Dayal Nagar, Gwalior - MPPCB",11-03-2026 15:00,26.259242,78.216432,PM2.5,38,398,177
India,Madhya Pradesh,Gwalior,"Deen Dayal Nagar, Gwalior - MPPCB",11-03-2026 15:00,26.259242,78.216432,NH3,2,16,6
India,Madhya Pradesh,Gwalior,"Deen Dayal Nagar, Gwalior - MPPCB",11-03-2026 15:00,26.259242,78.216432,OZONE,27,142,101
India,Madhya Pradesh,Gwalior,"Maharaj Bada, Gwalior - MPPCB",11-03-2026 15:00,26.200388,78.147714,PM10,NA,NA,NA
India,Madhya Pradesh,Indore,"Airport Area, Indore - IMC",11-03-2026 15:00,22.7289,75.8076,NO2,32,75,60
India,Madhya Pradesh,Indore,"Airport Area, Indore - IMC",11-03-2026 15:00,22.7289,75.8076,CO,2,8,3
India,Madhya Pradesh,Indore,"Airport Area, Indore - IMC",11-03-2026 15:00,22.7289,75.8076,OZONE,7,23,15
India,Madhya Pradesh,Indore,"Chhoti Gwaltoli, Indore - MPPCB",11-03-2026 15:00,22.431,75.5213,PM10,45,206,100
India,Madhya Pradesh,Indore,"Chhoti Gwaltoli, Indore - MPPCB",11-03-2026 15:00,22.431,75.5213,NO2,30,172,108
India,Maharashtra,Amravati,"Shivneri Colony, Amravati - MPCB",11-03-2026 15:00,20.9402359,77.7895248,SO2,9,15,12
India,Maharashtra,Amravati,"Shri Shivaji Science College, Amravati - MPCB",11-03-2026 15:00,20.939198,77.765701,CO,26,66,41
India,Maharashtra,Aurangabad,"MIDC Chilkalthana, Aurangabad - MPCB",11-03-2026 15:00,19.87562,75.38731,NH3,1,3,3
India,Maharashtra,Aurangabad,"More Chowk Waluj, Aurangabad - MPCB",11-03-2026 15:00,19.8389439,75.244448,PM2.5,68,304,122
India,Maharashtra,Aurangabad,"More Chowk Waluj, Aurangabad - MPCB",11-03-2026 15:00,19.8389439,75.244448,NH3,10,11,11
India,Maharashtra,Aurangabad,"More Chowk Waluj, Aurangabad - MPCB",11-03-2026 15:00,19.8389439,75.244448,CO,4,140,40
India,Maharashtra,Aurangabad,"Rachnakar Colony, Aurangabad - MPCB",11-03-2026 15:00,19.863756,75.321188,PM10,43,188,121
India,Maharashtra,Aurangabad,"Rachnakar Colony, Aurangabad - MPCB",11-03-2026 15:00,19.863756,75.321188,SO2,11,42,28
India,Maharashtra,Badlapur,"Katrap, Badlapur - MPCB",11-03-2026 15:00,19.16485,73.23409,NO2,14,38,28
India,Kerala,Thrissur,"Corporation Ground, Thrissur - Kerala PCB",11-03-2026 15:00,10.5324,76.2159,NO2,7,8,7
India,Madhya Pradesh,Bhopal,"Idgah Hills, Bhopal - MPPCB",11-03-2026 15:00,23.264759,77.381568,PM2.5,8,137,47
India,Madhya Pradesh,Bhopal,"Idgah Hills, Bhopal - MPPCB",11-03-2026 15:00,23.264759,77.381568,CO,16,61,29
India,Madhya Pradesh,Bhopal,"Paryavaran Parisar, Bhopal - MPPCB",11-03-2026 15:00,23.210494,77.425409,NH3,4,7,5
India,Madhya Pradesh,Bhopal,"Paryavaran Parisar, Bhopal - MPPCB",11-03-2026 15:00,23.210494,77.425409,OZONE,4,52,44
India,Madhya Pradesh,Bhopal,"T T Nagar, Bhopal - MPPCB",11-03-2026 15:00,23.233584,77.400574,SO2,12,21,17
India,Madhya Pradesh,Dewas,"Bhopal Chauraha, Dewas - MPPCB",11-03-2026 15:00,22.9682591,76.064118,PM2.5,8,63,28
India,Maharashtra,Beed,"Bir, Beed - MPCB",11-03-2026 15:00,18.988474,75.753873,PM10,102,416,163
India,Maharashtra,Belapur,"CBD Belapur, Belapur - MPCB",11-03-2026 15:00,19.0243902,73.0406721,PM2.5,46,209,88
India,Maharashtra,Belapur,"CBD Belapur, Belapur - MPCB",11-03-2026 15:00,19.0243902,73.0406721,SO2,11,31,19
India,Maharashtra,Bhiwandi,"Gokul Nagar, Bhiwandi - MPCB",11-03-2026 15:00,19.309073,73.057223,CO,3,112,71
India,Maharashtra,Boisar,"Khaira, Boisar - MPCB",11-03-2026 15:00,19.786089,72.757971,PM2.5,43,160,88
India,Maharashtra,Boisar,"Khaira, Boisar - MPCB",11-03-2026 15:00,19.786089,72.757971,SO2,NA,NA,NA
India,Maharashtra,Chandrapur,"Chauhan Colony, Chandrapur - MPCB",11-03-2026 15:00,19.9629,79.298714,NO2,30,37,31
India,Madhya Pradesh,Satna,"Bandhavgar Colony, Satna - Birla Cement",11-03-2026 15:00,24.58434363,80.8549414,CO,18,56,28
India,Madhya Pradesh,Singrauli,"Suryakiran Bhawan NCL, Singrauli - MPPCB",11-03-2026 15:00,24.10897,82.64558,PM2.5,91,393,316
India,Madhya Pradesh,Singrauli,"Suryakiran Bhawan NCL, Singrauli - MPPCB",11-03-2026 15:00,24.10897,82.64558,OZONE,1,49,25
India,Maharashtra,Ahmednagar,"Tarakpur, Ahmednagar - MPCB",11-03-2026 15:00,19.10122,74.73339,PM2.5,38,215,122
India,Maharashtra,Ahmednagar,"Tarakpur, Ahmednagar - MPCB",11-03-2026 15:00,19.10122,74.73339,SO2,19,30,23
India,Maharashtra,Akola,"Ramdaspeth, Akola - MPCB",11-03-2026 15:00,20.719516,77.000253,PM10,45,145,101
India,Madhya Pradesh,Indore,"Maguda Nagar, Indore - IMC",11-03-2026 15:00,22.7524,75.8872,CO,26,55,41
India,Madhya Pradesh,Indore,"Regional Park, Indore - IMC",11-03-2026 15:00,22.678,75.8559,NO2,17,28,21
India,Madhya Pradesh,Indore,"Residency Area, Indore - IMC",11-03-2026 15:00,22.7084,75.8815,CO,24,102,42
India,Madhya Pradesh,Jabalpur,"Govindh Bhavan Colony, Jabalpur - JMC",11-03-2026 15:00,23.163174,79.973061,NH3,NA,NA,NA
India,Madhya Pradesh,Jabalpur,"Gupteshwar, Jabalpur - JMC",11-03-2026 15:00,23.142888,79.916147,PM10,26,112,54
India,Madhya Pradesh,Jabalpur,"Gupteshwar, Jabalpur - JMC",11-03-2026 15:00,23.142888,79.916147,NO2,10,134,43
India,Madhya Pradesh,Jabalpur,"Gupteshwar, Jabalpur - JMC",11-03-2026 15:00,23.142888,79.916147,NH3,2,2,2
India,Maharashtra,Chandrapur,"MIDC Khutala, Chandrapur - MPCB",11-03-2026 15:00,19.9775302,79.2337086,PM10,108,175,136
India,Maharashtra,Dhule,"Deopur, Dhule - MPCB",11-03-2026 15:00,20.918946,74.776388,NO2,6,69,20
India,Maharashtra,Dhule,"Deopur, Dhule - MPCB",11-03-2026 15:00,20.918946,74.776388,OZONE,4,74,16
India,Maharashtra,Dombivli,"Kalu Nagar, Dombivli - MPCB",11-03-2026 15:00,19.2268427,73.0788456,PM2.5,30,334,186
India,Maharashtra,Hingoli,"Ashta Vinayak Nagar, Hingoli - MPCB",11-03-2026 15:00,19.710842,77.151824,PM2.5,27,239,123
India,Madhya Pradesh,Mandideep,"Sector-D Industrial Area, Mandideep - MPPCB",11-03-2026 15:00,23.10844,77.511428,NO2,46,224,136
India,Madhya Pradesh,Pithampur,"Sector-2 Industrial Area, Pithampur - MPPCB",11-03-2026 15:00,22.624758,75.675238,SO2,33,49,39
India,Madhya Pradesh,Jabalpur,"Suhagi, Jabalpur - JMC",11-03-2026 15:00,23.218135,79.95777,PM2.5,16,156,57
India,Maharashtra,Jalgaon,"Prabhat Colony, Jalgaon - MPCB",11-03-2026 15:00,21.001264,75.565602,SO2,1,56,16
India,Maharashtra,Jalgaon,"Prabhat Colony, Jalgaon - MPCB",11-03-2026 15:00,21.001264,75.565602,OZONE,1,80,60
India,Maharashtra,Jalna,"Old MIDC, Jalna - MPCB",11-03-2026 15:00,19.854616,75.905894,PM2.5,33,172,73
India,Maharashtra,Jalna,"Old MIDC, Jalna - MPCB",11-03-2026 15:00,19.854616,75.905894,OZONE,8,79,52
India,Maharashtra,Kalyan,"Khadakpada, Kalyan - MPCB",11-03-2026 15:00,19.25292,73.142019,NO2,35,39,37
India,Maharashtra,Kalyan,"Pimpleshwar Mandir, Kalyan - MPCB",11-03-2026 15:00,19.192056,72.9585188,CO,52,76,57
India,Maharashtra,Kolhapur,"Shivaji University, Kolhapur - MPCB",11-03-2026 15:00,16.6870449,74.2505872,NH3,3,5,4
India,Maharashtra,Kolhapur,"Shivaji University, Kolhapur - MPCB",11-03-2026 15:00,16.6870449,74.2505872,OZONE,4,61,39
India,Maharashtra,Mumbai,"Worli, Mumbai -MPCB",11-03-2026 15:00,18.994218,72.8158167,NO2,8,12,11
India,Maharashtra,Mumbai,"Worli, Mumbai -MPCB",11-03-2026 15:00,18.994218,72.8158167,NH3,3,4,3
India,Maharashtra,Mumbai,"Worli, Mumbai -MPCB",11-03-2026 15:00,18.994218,72.8158167,SO2,24,32,28
India,Maharashtra,Nagpur,"Ambazari, Nagpur - MPCB",11-03-2026 15:00,21.121801,79.04952,SO2,17,125,51
India,Maharashtra,Nagpur,"Opp GPO Civil Lines, Nagpur - MPCB",11-03-2026 15:00,21.152875,79.0517531,SO2,10,125,36
India,Maharashtra,Nagpur,"Ram Nagar, Nagpur - MPCB",11-03-2026 15:00,21.143383,79.048912,PM10,84,148,119
India,Maharashtra,Nagpur,"Ram Nagar, Nagpur - MPCB",11-03-2026 15:00,21.143383,79.048912,NO2,7,62,29
India,Maharashtra,Nagpur,"Ram Nagar, Nagpur - MPCB",11-03-2026 15:00,21.143383,79.048912,NH3,4,4,4
India,Maharashtra,Nanded,"Sneh Nagar, Nanded - MPCB",11-03-2026 15:00,19.173852,77.296291,NO2,7,29,18
India,Maharashtra,Mumbai,"Mulund West, Mumbai - MPCB",11-03-2026 15:00,19.175,72.9419,PM10,NA,NA,NA
India,Maharashtra,Mumbai,"Mulund West, Mumbai - MPCB",11-03-2026 15:00,19.175,72.9419,CO,10,10,10
India,Maharashtra,Mumbai,"Navy Nagar-Colaba, Mumbai - IITM",11-03-2026 15:00,18.897756,72.81332,PM2.5,82,179,122
India,Maharashtra,Mumbai,"Navy Nagar-Colaba, Mumbai - IITM",11-03-2026 15:00,18.897756,72.81332,NH3,18,32,24
India,Maharashtra,Mumbai,"Navy Nagar-Colaba, Mumbai - IITM",11-03-2026 15:00,18.897756,72.81332,CO,18,72,32
India,Maharashtra,Mumbai,"Navy Nagar-Colaba, Mumbai - IITM",11-03-2026 15:00,18.897756,72.81332,OZONE,28,76,67
India,Maharashtra,Mumbai,"Powai, Mumbai - MPCB",11-03-2026 15:00,19.1375,72.915056,NH3,2,2,2
India,Maharashtra,Mumbai,"Sewri, Mumbai - BMC",11-03-2026 15:00,19.000084,72.85673,CO,10,94,19
India,Maharashtra,Mumbai,"Vile Parle West, Mumbai - MPCB",11-03-2026 15:00,19.10861,72.83622,PM10,67,134,90
India,Maharashtra,Nanded,"Sneh Nagar, Nanded - MPCB",11-03-2026 15:00,19.173852,77.296291,SO2,2,9,8
India,Maharashtra,Nashik,"Gangapur Road, Nashik - MPCB",11-03-2026 15:00,20.0073285,73.7762427,PM10,50,288,155
India,Maharashtra,Nashik,"Gangapur Road, Nashik - MPCB",11-03-2026 15:00,20.0073285,73.7762427,SO2,1,41,11
India,Maharashtra,Nashik,"Hirawadi, Nashik - MPCB",11-03-2026 15:00,20.021503,73.813844,NO2,NA,NA,NA
India,Maharashtra,Nashik,"MIDC Ambad, Nashik - MPCB",11-03-2026 15:00,19.95022,73.73148,PM10,69,232,143
India,Maharashtra,Nashik,"MIDC Ambad, Nashik - MPCB",11-03-2026 15:00,19.95022,73.73148,NH3,2,4,2
India,Maharashtra,Nashik,"MIDC Ambad, Nashik - MPCB",11-03-2026 15:00,19.95022,73.73148,CO,28,32,30
India,Maharashtra,Navi Mumbai,"Kopripada-Vashi, Navi Mumbai - MPCB",11-03-2026 15:00,19.090337,73.014232,PM10,95,191,134
India,Maharashtra,Mumbai,"Bandra Kurla Complex, Mumbai - MPCB",11-03-2026 15:00,19.065931,72.862131,PM2.5,38,212,91
India,Maharashtra,Mumbai,"Bandra Kurla Complex, Mumbai - MPCB",11-03-2026 15:00,19.065931,72.862131,NO2,3,95,48
India,Maharashtra,Mumbai,"Borivali East, Mumbai - IITM",11-03-2026 15:00,19.23241,72.86895,NH3,8,11,9
India,Maharashtra,Mumbai,"Borivali East, Mumbai - MPCB",11-03-2026 15:00,19.2243333,72.8658113,NO2,NA,NA,NA
India,Maharashtra,Mumbai,"Byculla, Mumbai - BMC",11-03-2026 15:00,18.9767,72.838,CO,54,118,79
India,Maharashtra,Mumbai,"Chakala-Andheri East, Mumbai - IITM",11-03-2026 15:00,19.11074,72.86084,SO2,1,20,7
India,Maharashtra,Mumbai,"Kherwadi_Bandra East, Mumbai - MPCB",11-03-2026 15:00,19.0632143,72.8456324,NH3,12,21,15
India,Maharashtra,Mumbai,"Khindipada-Bhandup West, Mumbai - IITM",11-03-2026 15:00,19.1653323,72.922099,NO2,17,110,48
India,Maharashtra,Mumbai,"Khindipada-Bhandup West, Mumbai - IITM",11-03-2026 15:00,19.1653323,72.922099,NH3,3,5,4
India,Maharashtra,Mumbai,"Khindipada-Bhandup West, Mumbai - IITM",11-03-2026 15:00,19.1653323,72.922099,SO2,1,34,12
India,Maharashtra,Mumbai,"Malad West, Mumbai - IITM",11-03-2026 15:00,19.19709,72.82204,NH3,10,41,20
India,Maharashtra,Mumbai,"Mazgaon, Mumbai - IITM",11-03-2026 15:00,18.96702,72.84214,PM10,NA,NA,NA
India,Maharashtra,Mumbai,"Mazgaon, Mumbai - IITM",11-03-2026 15:00,18.96702,72.84214,SO2,NA,NA,NA
India,Maharashtra,Malegaon,"Mahesh Nagar, Malegaon - MPCB",11-03-2026 15:00,20.555712,74.529236,CO,16,76,42
India,Maharashtra,Mira-Bhayandar,"Bhayandar West, Mira-Bhayandar - MPCB",11-03-2026 15:00,19.296481,72.840923,PM10,55,401,117
India,Maharashtra,Mira-Bhayandar,"Bhayandar West, Mira-Bhayandar - MPCB",11-03-2026 15:00,19.296481,72.840923,SO2,12,17,15
India,Maharashtra,Mira-Bhayandar,"Bhayandar West, Mira-Bhayandar - MPCB",11-03-2026 15:00,19.296481,72.840923,CO,26,113,68
India,Maharashtra,Mumbai,"Bandra Kurla Complex, Mumbai - IITM",11-03-2026 15:00,19.053536,72.84643,PM2.5,85,199,111
India,Maharashtra,Mumbai,"Bandra Kurla Complex, Mumbai - IITM",11-03-2026 15:00,19.053536,72.84643,NH3,21,73,47
India,Maharashtra,Mumbai,"Chembur, Mumbai - MPCB",11-03-2026 15:00,19.0364585,72.8954371,SO2,2,84,18
India,Maharashtra,Mumbai,"Ghatkopar, Mumbai - BMC",11-03-2026 15:00,19.083694,72.920967,PM10,NA,NA,NA
India,Maharashtra,Mumbai,"Ghatkopar, Mumbai - BMC",11-03-2026 15:00,19.083694,72.920967,NO2,35,104,55
India,Maharashtra,Mumbai,"Kandivali East, Mumbai - MPCB",11-03-2026 15:00,19.2058,72.8682,PM2.5,6,28,18
India,Maharashtra,Navi Mumbai,"Mahape, Navi Mumbai - MPCB",11-03-2026 15:00,19.1135051,73.008978,PM2.5,NA,NA,NA
India,Maharashtra,Navi Mumbai,"Mahape, Navi Mumbai - MPCB",11-03-2026 15:00,19.1135051,73.008978,SO2,NA,NA,NA
India,Maharashtra,Navi Mumbai,"Nerul, Navi Mumbai - MPCB",11-03-2026 15:00,19.008751,73.01662,SO2,NA,NA,NA
India,Maharashtra,Navi Mumbai,"Sanpada, Navi Mumbai - MPCB",11-03-2026 15:00,19.0575752,73.0151367,SO2,3,22,12
India,Maharashtra,Navi Mumbai,"Sanpada, Navi Mumbai - MPCB",11-03-2026 15:00,19.0575752,73.0151367,CO,10,108,51
India,Maharashtra,Navi Mumbai,"Sector-2E Kalamboli, Navi Mumbai - MPCB",11-03-2026 15:00,19.02579,73.10297,OZONE,1,66,32
India,Maharashtra,Navi Mumbai,"Tondare-Taloja, Navi Mumbai - MPCB",11-03-2026 15:00,19.063,73.1209,PM10,39,172,122
India,Maharashtra,Navi Mumbai,"Tondare-Taloja, Navi Mumbai - MPCB",11-03-2026 15:00,19.063,73.1209,SO2,4,4,4
India,Maharashtra,Navi Mumbai,"Tondare-Taloja, Navi Mumbai - MPCB",11-03-2026 15:00,19.063,73.1209,CO,11,44,34
India,Maharashtra,Parbhani,"Masoom Colony, Parbhani - MPCB",11-03-2026 15:00,19.265594,76.761463,CO,9,15,10
India,Maharashtra,Pimpri-Chinchwad,"Gavalinagar, Pimpri Chinchwad - MPCB",11-03-2026 15:00,18.63673,73.82487,PM2.5,70,98,86
India,Maharashtra,Pimpri-Chinchwad,"Gavalinagar, Pimpri Chinchwad - MPCB",11-03-2026 15:00,18.63673,73.82487,NO2,35,109,71
India,Maharashtra,Pimpri-Chinchwad,"Park Street Wakad, Pimpri Chinchwad - MPCB",11-03-2026 15:00,18.59051,73.77946,PM2.5,34,150,82
India,Odisha,Byasanagar,"Ferro Chrome Colony, Byasanagar - OSPCB",11-03-2026 15:00,20.94185,86.1151,PM2.5,40,95,63
India,Odisha,Byasanagar,"Ferro Chrome Colony, Byasanagar - OSPCB",11-03-2026 15:00,20.94185,86.1151,NH3,3,5,4
India,Odisha,Cuttack,"CDA Area, Cuttack - OSPCB",11-03-2026 15:00,20.48891,85.84768,PM2.5,68,137,89
India,Odisha,Cuttack,"CDA Area, Cuttack - OSPCB",11-03-2026 15:00,20.48891,85.84768,CO,46,58,52
India,Odisha,Cuttack,"CDA Area, Cuttack - OSPCB",11-03-2026 15:00,20.48891,85.84768,OZONE,16,126,72
India,Odisha,Keonjhar,"Jagamohanpur, Keonjhar - OSPCB",11-03-2026 15:00,21.6439,85.599355,PM10,113,149,134
India,Odisha,Nayagarh,"Dabuna, Nayagarh - OSPCB",11-03-2026 15:00,21.847279,85.416905,NH3,6,6,6
India,Odisha,Nayagarh,"Dabuna, Nayagarh - OSPCB",11-03-2026 15:00,21.847279,85.416905,SO2,20,27,23
India,Odisha,Nayagarh,"Dabuna, Nayagarh - OSPCB",11-03-2026 15:00,21.847279,85.416905,CO,14,30,26
India,Odisha,Nayagarh,"Dabuna, Nayagarh - OSPCB",11-03-2026 15:00,21.847279,85.416905,OZONE,15,28,26
India,Odisha,Rairangpur,"Divisional Forest Office, Rairangpur - OSPCB",11-03-2026 15:00,22.265816,86.174829,PM10,NA,NA,NA
India,Odisha,Rairangpur,"Divisional Forest Office, Rairangpur - OSPCB",11-03-2026 15:00,22.265816,86.174829,SO2,NA,NA,NA
India,Maharashtra,Thane,"Kasarvadavali, Thane - MPCB",11-03-2026 15:00,19.26777,72.97182,SO2,3,40,15
India,Maharashtra,Thane,"Upvan Fort, Thane - MPCB",11-03-2026 15:00,19.222279,72.957979,PM2.5,57,209,116
India,Maharashtra,Thane,"Upvan Fort, Thane - MPCB",11-03-2026 15:00,19.222279,72.957979,CO,NA,NA,NA
India,Maharashtra,Ulhasnagar,"Sidhi Vinayak Nagar, Ulhasnagar - MPCB",11-03-2026 15:00,19.235581,73.159121,NO2,8,34,22
India,Maharashtra,Ulhasnagar,"Sidhi Vinayak Nagar, Ulhasnagar - MPCB",11-03-2026 15:00,19.235581,73.159121,SO2,6,46,19
India,Maharashtra,Ulhasnagar,"Vithalwadi, Ulhasnagar - MPCB",11-03-2026 15:00,19.2307571,73.155192,PM10,NA,NA,NA
India,Maharashtra,Ulhasnagar,"Vithalwadi, Ulhasnagar - MPCB",11-03-2026 15:00,19.2307571,73.155192,CO,2,18,7
India,Maharashtra,Virar,"Bolinj, Virar - MPCB",11-03-2026 15:00,19.445821,72.7988231,CO,30,132,75
India,Meghalaya,Shillong,"Lumpyngngad, Shillong - Meghalaya PCB",11-03-2026 15:00,25.5586,91.8985,PM2.5,2,33,15
India,Odisha,Baripada,"Meher Colony, Baripada - OSPCB",11-03-2026 15:00,21.941841,86.728318,NO2,NA,NA,NA
India,Odisha,Bhubaneswar,"Lingraj Mandir, Bhubaneswar - OSPCB",11-03-2026 15:00,20.24079,85.836784,PM10,61,105,84
India,Odisha,Bhubaneswar,"Lingraj Mandir, Bhubaneswar - OSPCB",11-03-2026 15:00,20.24079,85.836784,OZONE,7,42,35
India,Odisha,Bhubaneswar,"Patia, Bhubaneswar - OSPCB",11-03-2026 15:00,20.34652,85.8163,PM10,73,149,98
India,Odisha,Bhubaneswar,"Patia, Bhubaneswar - OSPCB",11-03-2026 15:00,20.34652,85.8163,NH3,3,7,4
India,Odisha,Bileipada,"Tata Township, Bileipada - OSPCB",11-03-2026 15:00,22.06156703,85.47409613,PM2.5,12,310,117
India,Odisha,Bileipada,"Tata Township, Bileipada - OSPCB",11-03-2026 15:00,22.06156703,85.47409613,PM10,21,261,164
India,Odisha,Bileipada,"Tata Township, Bileipada - OSPCB",11-03-2026 15:00,22.06156703,85.47409613,SO2,11,12,11
India,Odisha,Brajrajnagar,"GM Office, Brajrajnagar - OSPCB",11-03-2026 15:00,21.8004996,83.8396977,PM2.5,NA,NA,NA
India,Maharashtra,Pune,"Bhosari, Pune - IITM",11-03-2026 15:00,18.640051,73.848956,NO2,9,15,12
India,Maharashtra,Pune,"Bhumkar Nagar, Pune - IITM",11-03-2026 15:00,18.60577,73.749976,PM2.5,NA,NA,NA
India,Maharashtra,Pune,"Bhumkar Nagar, Pune - IITM",11-03-2026 15:00,18.60577,73.749976,NO2,32,132,85
India,Maharashtra,Pune,"Dhankawadi, Pune - IITM",11-03-2026 15:00,18.459883,73.852193,PM10,108,173,136
India,Maharashtra,Pune,"Mhada Colony, Pune - IITM",11-03-2026 15:00,18.57304,73.927715,PM2.5,43,163,107
India,Maharashtra,Pune,"Panchawati_Pashan, Pune - IITM",11-03-2026 15:00,18.536457,73.805454,CO,18,46,32
India,Maharashtra,Pune,"Panchawati_Pashan, Pune - IITM",11-03-2026 15:00,18.536457,73.805454,OZONE,1,50,26
India,Maharashtra,Pune,"Savitribai Phule Pune University, Pune - MPCB",11-03-2026 15:00,18.547056,73.826908,PM2.5,46,161,104
India,Maharashtra,Pune,"Savitribai Phule Pune University, Pune - MPCB",11-03-2026 15:00,18.547056,73.826908,NO2,12,66,33
India,Maharashtra,Pune,"Savitribai Phule Pune University, Pune - MPCB",11-03-2026 15:00,18.547056,73.826908,NH3,1,30,14
India,Maharashtra,Solapur,"Dnyaneshwar Nagar, Solapur - MPCB",11-03-2026 15:00,17.6336264,75.9132495,SO2,4,14,7
India,Maharashtra,Solapur,"Ratandeep Housing Society, Solapur - MPCB",11-03-2026 15:00,17.65439,75.90649,PM2.5,86,161,121
India,Meghalaya,Shillong,"Lumpyngngad, Shillong - Meghalaya PCB",11-03-2026 15:00,25.5586,91.8985,OZONE,9,38,18
India,Mizoram,Aizawl,"Sikulpuikawn, Aizawl - Mizoram PCB",11-03-2026 15:00,23.7176342,92.7192841,SO2,17,19,17
India,Odisha,Balasore,"Kalidaspur, Balasore - OSPCB",11-03-2026 15:00,21.51161,86.89088,SO2,5,16,8
India,Maharashtra,Pimpri-Chinchwad,"Park Street Wakad, Pimpri Chinchwad - MPCB",11-03-2026 15:00,18.59051,73.77946,NH3,1,6,2
India,Maharashtra,Pimpri-Chinchwad,"Savta Mali Nagar, Pimpri-Chinchwad - IITM",11-03-2026 15:00,18.614767,73.799516,PM2.5,62,217,142
India,Maharashtra,Pimpri-Chinchwad,"Thergaon, Pimpri Chinchwad - MPCB",11-03-2026 15:00,18.616318,73.765797,SO2,2,10,5
India,Maharashtra,Pimpri-Chinchwad,"Thergaon, Pimpri Chinchwad - MPCB",11-03-2026 15:00,18.616318,73.765797,CO,22,106,48
India,Rajasthan,Jaipur,"RIICO Sitapura, Jaipur - RSPCB",11-03-2026 15:00,26.786682,75.827928,OZONE,7,155,104
India,Rajasthan,Jaipur,"Sector-2 Murlipura, Jaipur - RSPCB",11-03-2026 15:00,26.960669,75.771817,PM2.5,28,363,177
India,Rajasthan,Jaipur,"Shastri Nagar, Jaipur - RSPCB",11-03-2026 15:00,26.9502929,75.730943,NO2,38,137,70
India,Rajasthan,Jaipur,"Shastri Nagar, Jaipur - RSPCB",11-03-2026 15:00,26.9502929,75.730943,SO2,7,83,32
India,Rajasthan,Jaipur,"Shastri Nagar, Jaipur - RSPCB",11-03-2026 15:00,26.9502929,75.730943,CO,12,107,25
India,Rajasthan,Jaipur,"Shastri Nagar, Jaipur - RSPCB",11-03-2026 15:00,26.9502929,75.730943,OZONE,13,51,40
India,Rajasthan,Jaisalmer,"Sadar Bazar, Jaisalmer - RSPCB",11-03-2026 15:00,26.912329,70.909168,NO2,10,50,21
India,Rajasthan,Jaisalmer,"Sadar Bazar, Jaisalmer - RSPCB",11-03-2026 15:00,26.912329,70.909168,NH3,10,15,13
India,Rajasthan,Jaisalmer,"Sadar Bazar, Jaisalmer - RSPCB",11-03-2026 15:00,26.912329,70.909168,CO,14,30,20
India,Rajasthan,Jalore,"Mudtra Sili, Jalore - RSPCB",11-03-2026 15:00,25.344694,72.626208,NH3,5,8,6
India,Rajasthan,Jalore,"Mudtra Sili, Jalore - RSPCB",11-03-2026 15:00,25.344694,72.626208,CO,20,111,35
India,Rajasthan,Jhalawar,"Rajlaxmi Nagar, Jhalawar - RSPCB",11-03-2026 15:00,24.588397,76.172782,PM2.5,13,313,91
India,Rajasthan,Jhalawar,"Rajlaxmi Nagar, Jhalawar - RSPCB",11-03-2026 15:00,24.588397,76.172782,NO2,45,122,82
India,Puducherry,Puducherry,"Jawahar Nagar, Puducherry - PPCC",11-03-2026 15:00,11.9309,79.8027,SO2,4,10,7
India,Punjab,Amritsar,"Golden Temple, Amritsar - PPCB",11-03-2026 15:00,31.62,74.876512,CO,28,37,30
India,Punjab,Amritsar,"Golden Temple, Amritsar - PPCB",11-03-2026 15:00,31.62,74.876512,OZONE,33,46,40
India,Punjab,Bathinda,"Hardev Nagar, Bathinda - PPCB",11-03-2026 15:00,30.233011,74.907758,PM2.5,26,55,40
India,Punjab,Bathinda,"Hardev Nagar, Bathinda - PPCB",11-03-2026 15:00,30.233011,74.907758,PM10,23,67,41
India,Punjab,Jalandhar,"Civil Line, Jalandhar - PPCB",11-03-2026 15:00,31.321907,75.578914,PM2.5,42,110,71
India,Punjab,Jalandhar,"Civil Line, Jalandhar - PPCB",11-03-2026 15:00,31.321907,75.578914,NO2,32,39,37
India,Punjab,Jalandhar,"Civil Line, Jalandhar - PPCB",11-03-2026 15:00,31.321907,75.578914,CO,60,66,62
India,Punjab,Khanna,"Kalal Majra, Khanna - PPCB",11-03-2026 15:00,30.736056,76.209694,CO,7,57,36
India,Punjab,Ludhiana,"Punjab Agricultural University, Ludhiana - PPCB",11-03-2026 15:00,30.9028,75.8086,PM2.5,102,175,121
India,Punjab,Ludhiana,"Punjab Agricultural University, Ludhiana - PPCB",11-03-2026 15:00,30.9028,75.8086,SO2,12,78,29
India,Rajasthan,Bhiwadi,"RIICO Ind. Area III, Bhiwadi - RSPCB",11-03-2026 15:00,28.194909,76.862296,SO2,9,15,12
India,Rajasthan,Bhiwadi,"RIICO Ind. Area III, Bhiwadi - RSPCB",11-03-2026 15:00,28.194909,76.862296,CO,2,59,32
India,Rajasthan,Bikaner,"MM Ground, Bikaner - RSPCB",11-03-2026 15:00,28.018792,73.292658,NO2,9,105,31
India,Rajasthan,Bikaner,"MM Ground, Bikaner - RSPCB",11-03-2026 15:00,28.018792,73.292658,OZONE,34,181,115
India,Rajasthan,Bundi,"New Colony, Bundi - RSPCB",11-03-2026 15:00,25.435774,75.644272,PM2.5,28,243,75
India,Rajasthan,Bundi,"New Colony, Bundi - RSPCB",11-03-2026 15:00,25.435774,75.644272,PM10,48,211,93
India,Rajasthan,Bundi,"New Colony, Bundi - RSPCB",11-03-2026 15:00,25.435774,75.644272,NH3,2,3,2
India,Rajasthan,Alwar,"Moti Doongri, Alwar - RSPCB",11-03-2026 15:00,27.554793,76.611536,OZONE,5,156,27
India,Rajasthan,Banswara,"Rati Talai, Banswara - RSPCB",11-03-2026 15:00,23.55519,74.44001,SO2,2,16,6
India,Rajasthan,Baran,"Bamboliya, Baran - RSPCB",11-03-2026 15:00,25.106006,76.469948,PM2.5,3,297,64
India,Rajasthan,Bharatpur,"Krishna Nagar, Bharatpur - RSPCB",11-03-2026 15:00,27.215415,77.50873,NH3,9,20,15
India,Rajasthan,Bhilwara,"Pratap Nagar, Bhilwara - RSPCB",11-03-2026 15:00,25.339605,74.618883,PM10,42,258,135
India,Rajasthan,Jhunjhunu,"Indra Nagar, Jhunjhunu - RSPCB",11-03-2026 15:00,28.108988,75.386577,OZONE,25,109,86
India,Rajasthan,Jodhpur,"Collectorate, Jodhpur - RSPCB",11-03-2026 15:00,26.268249,73.0193853,NH3,7,52,22
India,Rajasthan,Jodhpur,"Jhalamand, Jodhpur - RSPCB",11-03-2026 15:00,26.215415,73.070156,NH3,2,30,14
India,Rajasthan,Jodhpur,"Mandor, Jodhpur - RSPCB",11-03-2026 15:00,26.358805,73.047444,PM2.5,22,183,81
India,Rajasthan,Jodhpur,"Mandor, Jodhpur - RSPCB",11-03-2026 15:00,26.358805,73.047444,PM10,38,161,93
India,Rajasthan,Jodhpur,"Mandor, Jodhpur - RSPCB",11-03-2026 15:00,26.358805,73.047444,OZONE,10,110,73
India,Rajasthan,Jaipur,"Mansarovar Sector-12, Jaipur - RSPCB",11-03-2026 15:00,26.843698,75.766894,NO2,48,281,110
India,Rajasthan,Jaipur,"Mansarovar Sector-12, Jaipur - RSPCB",11-03-2026 15:00,26.843698,75.766894,NH3,7,13,11
India,Rajasthan,Jaipur,"RIICO Sitapura, Jaipur - RSPCB",11-03-2026 15:00,26.786682,75.827928,PM2.5,18,349,175
India,Rajasthan,Jaipur,"RIICO Sitapura, Jaipur - RSPCB",11-03-2026 15:00,26.786682,75.827928,NO2,102,207,149
India,Rajasthan,Jaipur,"RIICO Sitapura, Jaipur - RSPCB",11-03-2026 15:00,26.786682,75.827928,SO2,NA,NA,NA
India,Rajasthan,Dausa,"Khatikan Mohalla, Dausa - RSPCB",11-03-2026 15:00,26.895552,76.334753,PM10,50,359,106
India,Rajasthan,Dholpur,"Raja Ganj, Dholpur - RSPCB",11-03-2026 15:00,26.699557,77.898881,SO2,6,12,8
India,Rajasthan,Dungarpur,"Bhoiwada, Dungarpur - RSPCB",11-03-2026 15:00,23.837789,73.714926,PM2.5,7,103,45
India,Rajasthan,Dungarpur,"Bhoiwada, Dungarpur - RSPCB",11-03-2026 15:00,23.837789,73.714926,NO2,20,67,31
India,Punjab,Mandi Gobindgarh,"RIMT University, Mandi Gobindgarh - PPCB",11-03-2026 15:00,30.649961,76.331442,SO2,3,110,40
India,Punjab,Patiala,"Model Town, Patiala - PPCB",11-03-2026 15:00,30.349388,76.366642,NO2,15,18,17
India,Punjab,Patiala,"Model Town, Patiala - PPCB",11-03-2026 15:00,30.349388,76.366642,CO,14,86,39
India,Punjab,Patiala,"Model Town, Patiala - PPCB",11-03-2026 15:00,30.349388,76.366642,OZONE,16,53,31
India,Odisha,Rourkela,"Raghunathpali, Rourkela - OSPCB",11-03-2026 15:00,22.220833,84.809444,OZONE,3,23,12
India,Odisha,Talcher,"Talcher Coalfields,Talcher - OSPCB",11-03-2026 15:00,20.9360711,85.1707021,CO,3,48,25
India,Odisha,Tensa,"Barsua Iron Ore Mines, Tensa - OSPCB",11-03-2026 15:00,21.869985,85.167016,SO2,3,44,26
India,TamilNadu,Coimbatore,"SIDCO Kurichi, Coimbatore - TNPCB",11-03-2026 15:00,10.942451,76.978996,SO2,23,24,23
India,TamilNadu,Coimbatore,"SIDCO Kurichi, Coimbatore - TNPCB",11-03-2026 15:00,10.942451,76.978996,CO,4,19,5
India,TamilNadu,Gummidipoondi,"Anthoni Pillai Nagar, Gummidipoondi - TNPCB",11-03-2026 15:00,13.4127,80.1081,NH3,1,3,1
India,TamilNadu,Thoothukudi,"Meelavittan, Thoothukudi - TNPCB",11-03-2026 15:00,8.816428,78.099039,NO2,10,21,14
India,Telangana,Hyderabad,"Central University, Hyderabad - TSPCB",11-03-2026 15:00,17.460103,78.334361,NO2,14,31,23
India,Telangana,Hyderabad,"Central University, Hyderabad - TSPCB",11-03-2026 15:00,17.460103,78.334361,SO2,5,11,8
India,Telangana,Hyderabad,"Central University, Hyderabad - TSPCB",11-03-2026 15:00,17.460103,78.334361,CO,15,48,17
India,Telangana,Hyderabad,"ECIL Kapra, Hyderabad - TSPCB",11-03-2026 15:00,17.470431,78.566959,PM10,66,96,74
India,Telangana,Hyderabad,"ECIL Kapra, Hyderabad - TSPCB",11-03-2026 15:00,17.470431,78.566959,CO,13,28,18
India,Telangana,Hyderabad,"ICRISAT Patancheru, Hyderabad - TSPCB",11-03-2026 15:00,17.5184,78.278777,PM10,22,80,56
India,Telangana,Hyderabad,"Kokapet, Hyderabad - TSPCB",11-03-2026 15:00,17.393559,78.339194,OZONE,17,33,24
India,Telangana,Hyderabad,"Kompally Municipal Office, Hyderabad - TSPCB",11-03-2026 15:00,17.544899,78.486949,NO2,14,19,15
India,Telangana,Hyderabad,"Nacharam_TSIIC IALA, Hyderabad - TSPCB",11-03-2026 15:00,17.429398,78.569354,NH3,4,7,5
India,Telangana,Hyderabad,"New Malakpet, Hyderabad - TSPCB",11-03-2026 15:00,17.37206,78.50864,PM2.5,33,87,52
India,Telangana,Hyderabad,"Ramachandrapuram, Hyderabad - TSPCB",11-03-2026 15:00,17.528544,78.286195,SO2,11,22,19
India,Telangana,Hyderabad,"Ramachandrapuram, Hyderabad - TSPCB",11-03-2026 15:00,17.528544,78.286195,CO,19,37,21
India,Telangana,Hyderabad,"Ramachandrapuram, Hyderabad - TSPCB",11-03-2026 15:00,17.528544,78.286195,OZONE,21,34,26
India,Telangana,Hyderabad,"Sanathnagar, Hyderabad - TSPCB",11-03-2026 15:00,17.4559458,78.4332152,NO2,10,33,22
India,Rajasthan,Kota,"Shrinath Puram, Kota - RSPCB",11-03-2026 15:00,25.14389,75.821256,OZONE,7,45,28
India,Rajasthan,Nagaur,"Karni Colony, Nagaur - RSPCB",11-03-2026 15:00,27.213494,73.734444,PM10,68,312,138
India,Rajasthan,Nagaur,"Karni Colony, Nagaur - RSPCB",11-03-2026 15:00,27.213494,73.734444,SO2,7,51,15
India,Rajasthan,Nagaur,"Karni Colony, Nagaur - RSPCB",11-03-2026 15:00,27.213494,73.734444,CO,10,101,26
India,Rajasthan,Pali,"Indira Colony Vistar, Pali - RSPCB",11-03-2026 15:00,25.771061,73.340227,PM2.5,42,258,94
India,Rajasthan,Pali,"Indira Colony Vistar, Pali - RSPCB",11-03-2026 15:00,25.771061,73.340227,SO2,1,12,10
India,Rajasthan,Pali,"Indira Colony Vistar, Pali - RSPCB",11-03-2026 15:00,25.771061,73.340227,CO,7,83,27
India,Rajasthan,Pratapgarh,"Pragati Nagar, Pratapgarh - RSPCB",11-03-2026 15:00,24.041198,74.780702,PM2.5,13,67,31
India,Rajasthan,Pratapgarh,"Pragati Nagar, Pratapgarh - RSPCB",11-03-2026 15:00,24.041198,74.780702,SO2,4,21,8
India,Rajasthan,Rajsamand,"Dhoinda, Rajsamand - RSPCB",11-03-2026 15:00,25.03636,73.883502,NO2,4,86,24
India,Rajasthan,Sawai Madhopur,"Sahu Nagar, Sawai Madhopur - RSPCB",11-03-2026 15:00,26.031443,76.359327,PM2.5,15,361,87
India,Rajasthan,Sawai Madhopur,"Sahu Nagar, Sawai Madhopur - RSPCB",11-03-2026 15:00,26.031443,76.359327,PM10,59,500,207
India,Rajasthan,Sikar,"Radhakishan Pura, Sikar - RSPCB",11-03-2026 15:00,27.608912,75.153302,PM2.5,13,305,101
India,Rajasthan,Sikar,"Radhakishan Pura, Sikar - RSPCB",11-03-2026 15:00,27.608912,75.153302,NO2,14,130,52
India,Rajasthan,Karauli,"Satyawati Vihar, Karauli - RSPCB",11-03-2026 15:00,26.506177,77.025989,NO2,9,86,32
India,Rajasthan,Karauli,"Satyawati Vihar, Karauli - RSPCB",11-03-2026 15:00,26.506177,77.025989,NH3,10,18,14
India,Rajasthan,Karauli,"Satyawati Vihar, Karauli - RSPCB",11-03-2026 15:00,26.506177,77.025989,OZONE,6,115,77
India,Rajasthan,Kota,"Dhanmandi, Kota - RSPCB",11-03-2026 15:00,25.16409,75.858137,NO2,24,142,74
India,Rajasthan,Kota,"Nayapura, Kota - RSPCB",11-03-2026 15:00,25.196024,75.855668,PM10,45,224,134
India,Rajasthan,Kota,"Nayapura, Kota - RSPCB",11-03-2026 15:00,25.196024,75.855668,NO2,14,120,64
India,Rajasthan,Kota,"Nayapura, Kota - RSPCB",11-03-2026 15:00,25.196024,75.855668,CO,11,113,38
India,Rajasthan,Sri Ganganagar,"Old City, Sri Ganganagar - RSPCB",11-03-2026 15:00,29.931624,73.864511,CO,2,107,19
India,Rajasthan,Sri Ganganagar,"Old City, Sri Ganganagar - RSPCB",11-03-2026 15:00,29.931624,73.864511,OZONE,20,301,219
India,Rajasthan,Tonk,"Shastri Nagar, Tonk - RSPCB",11-03-2026 15:00,26.159933,75.780517,PM10,87,456,183
India,Rajasthan,Tonk,"Shastri Nagar, Tonk - RSPCB",11-03-2026 15:00,26.159933,75.780517,NH3,3,15,9
India,Rajasthan,Udaipur,"Ashok Nagar, Udaipur - RSPCB",11-03-2026 15:00,24.5886166,73.6321397,CO,5,124,34
India,TamilNadu,Chennai,"Manali Village, Chennai - TNPCB",11-03-2026 15:00,13.1662,80.2584,OZONE,26,57,36
India,TamilNadu,Chennai,"Perungudi, Chennai - TNPCB",11-03-2026 15:00,12.9533,80.2357,PM10,45,341,111
India,TamilNadu,Chennai,"Velachery Res. Area, Chennai - CPCB",11-03-2026 15:00,13.0052189,80.2398125,PM10,NA,NA,NA
India,TamilNadu,Coimbatore,"SIDCO Kurichi, Coimbatore - TNPCB",11-03-2026 15:00,10.942451,76.978996,PM10,13,500,175
India,Telangana,Hyderabad,"IDA Pashamylaram, Hyderabad - TSPCB",11-03-2026 15:00,17.5316895,78.218939,PM2.5,14,92,66
India,Telangana,Hyderabad,"IDA Pashamylaram, Hyderabad - TSPCB",11-03-2026 15:00,17.5316895,78.218939,PM10,10,70,50
India,Telangana,Hyderabad,"IITH Kandi, Hyderabad - TSPCB",11-03-2026 15:00,17.585705,78.126199,PM2.5,44,94,68
India,Telangana,Hyderabad,"IITH Kandi, Hyderabad - TSPCB",11-03-2026 15:00,17.585705,78.126199,SO2,12,17,15
India,Telangana,Hyderabad,"Kokapet, Hyderabad - TSPCB",11-03-2026 15:00,17.393559,78.339194,PM10,85,101,92
India,Sikkim,Gangtok,"Zero Point GICI, Gangtok - SSPCB",11-03-2026 15:00,27.33853,88.614099,OZONE,14,25,23
India,TamilNadu,Chennai,"Arumbakkam, Chennai - TNPCB",11-03-2026 15:00,13.0664,80.2112,PM2.5,20,196,56
India,Uttar_Pradesh,Moradabad,"Transport Nagar, Moradabad - UPPCB",11-03-2026 15:00,28.802625,78.753728,SO2,44,50,45
India,Uttar_Pradesh,Muzaffarnagar,"New Mandi, Muzaffarnagar - UPPCB",11-03-2026 15:00,29.4723508,77.7194031,SO2,12,26,19
India,Uttar_Pradesh,Muzaffarnagar,"New Mandi, Muzaffarnagar - UPPCB",11-03-2026 15:00,29.4723508,77.7194031,OZONE,8,135,60
India,Uttar_Pradesh,Noida,"Sector - 125, Noida - UPPCB",11-03-2026 15:00,28.5447608,77.3231257,PM2.5,80,395,267
India,Uttar_Pradesh,Noida,"Sector - 125, Noida - UPPCB",11-03-2026 15:00,28.5447608,77.3231257,PM10,151,476,314
India,Uttar_Pradesh,Noida,"Sector - 125, Noida - UPPCB",11-03-2026 15:00,28.5447608,77.3231257,CO,8,112,40
India,Uttar_Pradesh,Noida,"Sector - 62, Noida - IMD",11-03-2026 15:00,28.6245479,77.3577104,CO,29,76,55
India,Uttar_Pradesh,Noida,"Sector - 62, Noida - IMD",11-03-2026 15:00,28.6245479,77.3577104,OZONE,16,123,56
India,Uttar_Pradesh,Noida,"Sector-1, Noida - UPPCB",11-03-2026 15:00,28.5898,77.3101,NH3,NA,NA,NA
India,Uttar_Pradesh,Noida,"Sector-1, Noida - UPPCB",11-03-2026 15:00,28.5898,77.3101,SO2,11,31,17
India,Uttar_Pradesh,Meerut,"Pallavpuram Phase 2, Meerut - UPPCB",11-03-2026 15:00,29.06351,77.709723,CO,4,74,34
India,Uttar_Pradesh,Moradabad,"Buddhi Vihar, Moradabad - UPPCB",11-03-2026 15:00,28.83526,78.7446,PM10,80,152,117
India,Uttar_Pradesh,Moradabad,"Eco Herbal Park, Moradabad - UPPCB",11-03-2026 15:00,28.840739,78.697531,CO,48,103,73
India,Uttar_Pradesh,Moradabad,"Employment Office, Moradabad - UPPCB",11-03-2026 15:00,28.88528,78.7388,SO2,25,28,26
India,Uttar_Pradesh,Moradabad,"Jigar Colony, Moradabad - UPPCB",11-03-2026 15:00,28.856664,78.772638,NO2,25,25,25
India,Uttar_Pradesh,Moradabad,"Jigar Colony, Moradabad - UPPCB",11-03-2026 15:00,28.856664,78.772638,SO2,32,45,37
India,Uttar_Pradesh,Moradabad,"Jigar Colony, Moradabad - UPPCB",11-03-2026 15:00,28.856664,78.772638,CO,40,40,40
India,Uttar_Pradesh,Moradabad,"Kashiram Nagar, Moradabad - UPPCB",11-03-2026 15:00,28.849399,78.742362,PM10,96,169,129
India,Telangana,Hyderabad,"Somajiguda, Hyderabad - TSPCB",11-03-2026 15:00,17.417094,78.457437,OZONE,12,15,12
India,Telangana,Hyderabad,"Zoo Park, Hyderabad - TSPCB",11-03-2026 15:00,17.349694,78.451437,NH3,2,3,3
India,Telangana,Hyderabad,"Zoo Park, Hyderabad - TSPCB",11-03-2026 15:00,17.349694,78.451437,SO2,2,9,5
India,Tripura,Agartala,"Bardowali, Agartala - Tripura SPCB",11-03-2026 15:00,23.8175497,91.2726974,PM2.5,139,332,229
India,Tripura,Agartala,"Bardowali, Agartala - Tripura SPCB",11-03-2026 15:00,23.8175497,91.2726974,PM10,99,151,123
India,Uttar_Pradesh,Agra,"Manoharpur, Agra - UPPCB",11-03-2026 15:00,27.23711,78.01936,CO,20,24,22
India,Uttar_Pradesh,Agra,"Rohta, Agra - UPPCB",11-03-2026 15:00,27.106972,78.000111,CO,10,31,18
India,Uttar_Pradesh,Ghaziabad,"Sanjay Nagar, Ghaziabad - UPPCB",11-03-2026 15:00,28.685382,77.453839,NH3,5,8,7
India,Uttar_Pradesh,Ghaziabad,"Sanjay Nagar, Ghaziabad - UPPCB",11-03-2026 15:00,28.685382,77.453839,CO,12,106,40
India,Uttar_Pradesh,Ghaziabad,"Vasundhara, Ghaziabad - UPPCB",11-03-2026 15:00,28.6603346,77.3572563,NO2,39,131,76
India,Uttar_Pradesh,Ghaziabad,"Vasundhara, Ghaziabad - UPPCB",11-03-2026 15:00,28.6603346,77.3572563,NH3,11,24,19
India,Uttar_Pradesh,Ghaziabad,"Vasundhara, Ghaziabad - UPPCB",11-03-2026 15:00,28.6603346,77.3572563,CO,30,122,73
India,Uttar_Pradesh,Gorakhpur,"Madan Mohan Malaviya University of Technology, Gorakhpur - UPPCB",11-03-2026 15:00,26.730136,83.433859,NH3,1,1,1
India,Uttar_Pradesh,Gorakhpur,"Madan Mohan Malaviya University of Technology, Gorakhpur - UPPCB",11-03-2026 15:00,26.730136,83.433859,SO2,43,52,48
India,Uttar_Pradesh,Gorakhpur,"Madan Mohan Malaviya University of Technology, Gorakhpur - UPPCB",11-03-2026 15:00,26.730136,83.433859,OZONE,3,5,4
India,Uttar_Pradesh,Bareilly,"Rajendra Nagar, Bareilly - UPPCB",11-03-2026 15:00,28.38910936,79.42963708,PM2.5,43,64,57
India,Uttar_Pradesh,Bareilly,"Rajendra Nagar, Bareilly - UPPCB",11-03-2026 15:00,28.38910936,79.42963708,CO,14,44,30
India,Uttar_Pradesh,Firozabad,"Nagla Bhau, Firozabad - UPPCB",11-03-2026 15:00,27.168897,78.37696,NO2,17,17,17
India,Uttar_Pradesh,Firozabad,"Vibhab Nagar, Firozabad - UPPCB",11-03-2026 15:00,27.1594,78.3953,SO2,7,10,9
India,Uttar_Pradesh,Ghaziabad,"Indirapuram, Ghaziabad - UPPCB",11-03-2026 15:00,28.646233,77.358075,PM2.5,73,380,276
India,Uttar_Pradesh,Ghaziabad,"Indirapuram, Ghaziabad - UPPCB",11-03-2026 15:00,28.646233,77.358075,NH3,19,22,21
India,Uttar_Pradesh,Ghaziabad,"Indirapuram, Ghaziabad - UPPCB",11-03-2026 15:00,28.646233,77.358075,SO2,7,70,23
India,Uttar_Pradesh,Khurja,"Kalindi Kunj, Khurja - UPPCB",11-03-2026 15:00,28.2348927,77.8683002,NO2,6,7,7
India,Uttar_Pradesh,Lucknow,"B R Ambedkar University, Lucknow - UPPCB",11-03-2026 15:00,26.766433,80.927299,PM2.5,55,241,132
India,Uttar_Pradesh,Lucknow,"B R Ambedkar University, Lucknow - UPPCB",11-03-2026 15:00,26.766433,80.927299,PM10,69,140,116
India,Uttar_Pradesh,Lucknow,"B R Ambedkar University, Lucknow - UPPCB",11-03-2026 15:00,26.766433,80.927299,NH3,4,4,4
India,Uttar_Pradesh,Lucknow,"Kendriya Vidyalaya, Lucknow - CPCB",11-03-2026 15:00,26.906111,80.948222,OZONE,11,60,43
India,Uttar_Pradesh,Lucknow,"Kukrail Picnic Spot-1, Lucknow - UPPCB",11-03-2026 15:00,26.90723,80.98579,PM10,105,173,135
India,Uttar_Pradesh,Lucknow,"Kukrail Picnic Spot-1, Lucknow - UPPCB",11-03-2026 15:00,26.90723,80.98579,NO2,31,32,32
India,Uttar_Pradesh,Lucknow,"Lalbagh, Lucknow - CPCB",11-03-2026 15:00,26.8458805,80.9365541,NH3,13,21,17
India,Uttar_Pradesh,Meerut,"Ganga Nagar, Meerut - UPPCB",11-03-2026 15:00,28.999264,77.7590354,NO2,63,134,104
India,Uttar_Pradesh,Meerut,"Ganga Nagar, Meerut - UPPCB",11-03-2026 15:00,28.999264,77.7590354,CO,26,64,43
India,Uttar_Pradesh,Meerut,"Jai Bhim Nagar, Meerut - UPPCB",11-03-2026 15:00,28.9535882,77.7622941,PM10,130,334,212
India,Uttar_Pradesh,Meerut,"Jai Bhim Nagar, Meerut - UPPCB",11-03-2026 15:00,28.9535882,77.7622941,NO2,17,126,54
India,Uttar_Pradesh,Greater Noida,"Knowledge Park - V, Greater Noida - UPPCB",11-03-2026 15:00,28.557054,77.453663,NO2,5,30,14
India,Uttar_Pradesh,Greater Noida,"Knowledge Park - V, Greater Noida - UPPCB",11-03-2026 15:00,28.557054,77.453663,CO,12,113,30
India,Uttar_Pradesh,Hapur,"Anand Vihar, Hapur - UPPCB",11-03-2026 15:00,28.725645,77.749675,PM2.5,91,444,270
India,Uttar_Pradesh,Kanpur,"FTI Kidwai Nagar, Kanpur - UPPCB",11-03-2026 15:00,26.428282,80.327067,NH3,5,5,5
India,Uttar_Pradesh,Kanpur,"FTI Kidwai Nagar, Kanpur - UPPCB",11-03-2026 15:00,26.428282,80.327067,OZONE,10,13,12
India,Uttar_Pradesh,Kanpur,"NSI Kalyanpur, Kanpur - UPPCB",11-03-2026 15:00,26.509954,80.249612,NH3,5,5,5
India,Uttar_Pradesh,Agra,"Sector-3B Avas Vikas Colony, Agra - UPPCB",11-03-2026 15:00,27.19412,77.96237,NH3,9,11,10
India,Uttar_Pradesh,Agra,"Shahjahan Garden, Agra - UPPCB",11-03-2026 15:00,27.169338,78.03582,NH3,3,3,3
India,Uttar_Pradesh,Agra,"Shahjahan Garden, Agra - UPPCB",11-03-2026 15:00,27.169338,78.03582,OZONE,NA,NA,NA
India,Uttar_Pradesh,Agra,"Shastripuram, Agra - UPPCB",11-03-2026 15:00,27.19862,77.92066,NO2,39,41,40
India,Uttar_Pradesh,Baghpat,"Sardar Patel Inter College, Baghpat - UPPCB",11-03-2026 15:00,28.964949,77.278761,SO2,16,98,36
India,Uttar_Pradesh,Varanasi,"Ardhali Bazar, Varanasi - UPPCB",11-03-2026 15:00,25.3505986,82.9083074,SO2,8,13,11
India,Uttar_Pradesh,Varanasi,"Ardhali Bazar, Varanasi - UPPCB",11-03-2026 15:00,25.3505986,82.9083074,OZONE,15,33,22
India,Uttar_Pradesh,Varanasi,"Bhelupur, Varanasi - UPPCB",11-03-2026 15:00,25.301778,82.996789,OZONE,6,14,8
India,Uttar_Pradesh,Varanasi,"IESD Banaras Hindu University, Varanasi - UPPCB",11-03-2026 15:00,25.262326,82.995408,PM2.5,34,217,103
India,Uttar_Pradesh,Varanasi,"IESD Banaras Hindu University, Varanasi - UPPCB",11-03-2026 15:00,25.262326,82.995408,NO2,2,2,2
India,Uttar_Pradesh,Varanasi,"IESD Banaras Hindu University, Varanasi - UPPCB",11-03-2026 15:00,25.262326,82.995408,SO2,30,48,31
India,Uttar_Pradesh,Varanasi,"Maldahiya, Varanasi - UPPCB",11-03-2026 15:00,25.32393,82.99687,OZONE,3,16,8
India,Uttar_Pradesh,Vrindavan,"Omex Eternity, Vrindavan - UPPCB",11-03-2026 15:00,27.571409,77.655757,PM10,43,165,106
India,West_Bengal,Asansol,"Evelyn Lodge, Asansol - WBPCB",11-03-2026 15:00,23.697936,86.944395,SO2,25,26,25
India,West_Bengal,Asansol,"Mahabir Colliery, Asansol - WBPCB",11-03-2026 15:00,23.618183,87.105718,PM10,66,108,87
India,West_Bengal,Asansol,"Mahabir Colliery, Asansol - WBPCB",11-03-2026 15:00,23.618183,87.105718,OZONE,5,37,20
India,West_Bengal,Barrackpore,"SVSPA Campus, Barrackpore - WBPCB",11-03-2026 15:00,22.7605581,88.3617589,SO2,11,15,12
India,West_Bengal,Barrackpore,"SVSPA Campus, Barrackpore - WBPCB",11-03-2026 15:00,22.7605581,88.3617589,OZONE,1,41,17
India,West_Bengal,Durgapur,"Mahishkapur Road_B-Zone, Durgapur - WBPCB",11-03-2026 15:00,23.567923,87.306843,PM10,52,158,95
India,West_Bengal,Kolkata,"Fort William, Kolkata - WBPCB",11-03-2026 15:00,22.55664,88.342674,PM2.5,45,60,52
India,West_Bengal,Kolkata,"Jadavpur, Kolkata - WBPCB",11-03-2026 15:00,22.49929,88.36917,PM10,54,80,68
India,West_Bengal,Kolkata,"Jadavpur, Kolkata - WBPCB",11-03-2026 15:00,22.49929,88.36917,NH3,5,5,5
India,West_Bengal,Kolkata,"Rabindra Bharati University, Kolkata - WBPCB",11-03-2026 15:00,22.627847,88.380669,SO2,5,8,6
India,West_Bengal,Kolkata,"Rabindra Bharati University, Kolkata - WBPCB",11-03-2026 15:00,22.627847,88.380669,OZONE,24,62,52
India,West_Bengal,Kolkata,"Victoria, Kolkata - WBPCB",11-03-2026 15:00,22.5448082,88.3403691,OZONE,13,48,33
India,West_Bengal,Durgapur,"Mahishkapur Road_B-Zone, Durgapur - WBPCB",11-03-2026 15:00,23.567923,87.306843,SO2,5,33,10
India,West_Bengal,Durgapur,"Mahishkapur Road_B-Zone, Durgapur - WBPCB",11-03-2026 15:00,23.567923,87.306843,OZONE,2,55,44
India,West_Bengal,Durgapur,"PCBL Residential Complex, Durgapur - WBPCB",11-03-2026 15:00,23.508764,87.35444,SO2,4,5,4
India,West_Bengal,Haldia,"Priyambada Housing Estate, Haldia - WBPCB",11-03-2026 15:00,22.06047,88.109737,SO2,5,20,12
India,West_Bengal,Howrah,"Belur Math, Howrah - WBPCB",11-03-2026 15:00,22.629801,88.352017,NH3,6,10,7
India,Uttar_Pradesh,Noida,"Sector-116, Noida - UPPCB",11-03-2026 15:00,28.56923,77.393848,PM10,156,453,307
India,Uttar_Pradesh,Prayagraj,"Jhunsi, Prayagraj - UPPCB",11-03-2026 15:00,25.425602,81.917152,SO2,22,32,23
India,Uttar_Pradesh,Raebareli," Indira Nagar, Raebareli - NTPC Unchahar",11-03-2026 15:00,26.207781,81.245571,NO2,15,23,18
India,Uttar_Pradesh,Raebareli," Indira Nagar, Raebareli - NTPC Unchahar",11-03-2026 15:00,26.207781,81.245571,NH3,8,12,9
India,West_Bengal,Howrah,"Ghusuri, Howrah - WBPCB",11-03-2026 15:00,22.611968,88.347422,NO2,18,29,24
India,West_Bengal,Howrah,"Padmapukur, Howrah - WBPCB",11-03-2026 15:00,22.5687319,88.2797276,CO,14,56,44
India,West_Bengal,Kolkata,"Ballygunge, Kolkata - WBPCB",11-03-2026 15:00,22.5367507,88.3638022,SO2,8,19,10
India,West_Bengal,Howrah,"Botanical Garden, Howrah - WBPCB",11-03-2026 15:00,22.554954,88.292568,OZONE,10,48,32
India,West_Bengal,Howrah,"Dasnagar, Howrah - WBPCB",11-03-2026 15:00,22.6025571,88.3105664,PM10,39,71,52
India,West_Bengal,Howrah,"Dasnagar, Howrah - WBPCB",11-03-2026 15:00,22.6025571,88.3105664,CO,24,39,29
India,West_Bengal,Siliguri,"Ward-32 Bapupara, Siliguri - WBPCB",11-03-2026 15:00,26.6879226,88.4152495,PM10,106,159,129
India,West_Bengal,Siliguri,"Ward-32 Bapupara, Siliguri - WBPCB",11-03-2026 15:00,26.6879226,88.4152495,NH3,8,16,11
India,West_Bengal,Asansol,"Evelyn Lodge, Asansol - WBPCB",11-03-2026 15:00,23.697936,86.944395,PM10,62,111,78
India,West_Bengal,Asansol,"Evelyn Lodge, Asansol - WBPCB",11-03-2026 15:00,23.697936,86.944395,NH3,8,10,9
India,Andhra_Pradesh,Machilipatnam,"Srinivas Nagar Colony, Machilipatnam - APPCB",11-03-2026 15:00,16.186555,81.13219,NO2,NA,NA,NA
India,Andhra_Pradesh,Machilipatnam,"Srinivas Nagar Colony, Machilipatnam - APPCB",11-03-2026 15:00,16.186555,81.13219,NH3,NA,NA,NA
India,Andhra_Pradesh,Rajamahendravaram,"Anand Kala Kshetram, Rajamahendravaram - APPCB",11-03-2026 15:00,16.9872867,81.7363176,NO2,12,48,25
India,Andhra_Pradesh,Tirumala,"Toll Gate, Tirumala - APPCB",11-03-2026 15:00,13.67,79.35,PM2.5,21,58,37
India,Andhra_Pradesh,Tirupati,"Vaikuntapuram, Tirupati - APPCB",11-03-2026 15:00,13.615387,79.40923,CO,15,26,22
India,Andhra_Pradesh,Vijayawada,"HB Colony, Vijayawada - APPCB",11-03-2026 15:00,16.536107,80.594233,NH3,4,5,4
India,Andhra_Pradesh,Vijayawada,"HB Colony, Vijayawada - APPCB",11-03-2026 15:00,16.536107,80.594233,CO,34,44,44
India,Andhra_Pradesh,Vijayawada,"Kanuru, Vijayawada - APPCB",11-03-2026 15:00,16.486692,80.699436,NH3,4,6,4
India,Bihar,Chhapra,"Darshan Nagar, Chhapra - BSPCB",11-03-2026 15:00,25.7808257,84.7446768,CO,8,12,9
India,Bihar,Gaya,"Collectorate, Gaya - BSPCB",11-03-2026 15:00,24.7955,84.9994,PM2.5,25,330,207
India,Bihar,Gaya,"Collectorate, Gaya - BSPCB",11-03-2026 15:00,24.7955,84.9994,CO,46,65,49
India,Bihar,Gaya,"Kareemganj, Gaya - BSPCB",11-03-2026 15:00,24.792403,84.992416,SO2,42,46,44
India,Bihar,Gaya,"SFTI Kusdihra, Gaya - BSPCB",11-03-2026 15:00,24.762518,84.982348,OZONE,2,49,30
India,Bihar,Hajipur,"Industrial Area, Hajipur - BSPCB",11-03-2026 15:00,25.697189,85.2459,NO2,11,25,16
India,Bihar,Hajipur,"Industrial Area, Hajipur - BSPCB",11-03-2026 15:00,25.697189,85.2459,CO,13,53,31
India,Bihar,Katihar,"Mirchaibari, Katihar - BSPCB",11-03-2026 15:00,25.560083,87.553265,SO2,15,23,19
India,Bihar,Muzaffarpur,"Muzaffarpur Collectorate, Muzaffarpur - BSPCB",11-03-2026 15:00,26.1209,85.3647,SO2,4,10,6
India,Bihar,Muzaffarpur,"Muzaffarpur Collectorate, Muzaffarpur - BSPCB",11-03-2026 15:00,26.1209,85.3647,CO,36,94,54
India,Bihar,Patna,"DRM Office Danapur, Patna - BSPCB",11-03-2026 15:00,25.586562,85.043586,NO2,46,53,50
India,Bihar,Patna,"DRM Office Danapur, Patna - BSPCB",11-03-2026 15:00,25.586562,85.043586,SO2,5,8,6
India,Bihar,Patna,"Govt. High School Shikarpur, Patna - BSPCB",11-03-2026 15:00,25.592539,85.227158,CO,46,101,67
India,Bihar,Patna,"Govt. High School Shikarpur, Patna - BSPCB",11-03-2026 15:00,25.592539,85.227158,OZONE,19,92,65
India,Bihar,Patna,"IGSC Planetarium Complex, Patna - BSPCB",11-03-2026 15:00,25.610369,85.132568,PM2.5,NA,NA,NA
India,Assam,Guwahati,"IITG, Guwahati - PCBA",11-03-2026 15:00,26.2028636,91.70046436,NH3,5,5,5
India,Assam,Guwahati,"LGBI Airport, Guwahati - PCBA",11-03-2026 15:00,26.10887,91.589544,NO2,12,24,16
India,Assam,Guwahati,"LGBI Airport, Guwahati - PCBA",11-03-2026 15:00,26.10887,91.589544,SO2,6,14,11
India,Assam,Guwahati,"Pan Bazaar, Guwahati - PCBA",11-03-2026 15:00,26.1875,91.744194,CO,32,79,39
India,Assam,Guwahati,"Pan Bazaar, Guwahati - PCBA",11-03-2026 15:00,26.1875,91.744194,OZONE,10,27,17
India,Assam,Guwahati,"Railway Colony, Guwahati - PCBA",11-03-2026 15:00,26.181742,91.78063,NO2,3,3,3
India,Assam,Nagaon,"Christianpatty, Nagaon - PCBA",11-03-2026 15:00,26.349082,92.68449,NO2,1,66,9
India,Andhra_Pradesh,Anantapur,"Gulzarpet, Anantapur - APPCB",11-03-2026 15:00,14.675886,77.593027,SO2,8,8,8
India,Andhra_Pradesh,Eluru,"District Court, Eluru - APPCB",11-03-2026 15:00,16.711754,81.092095,OZONE,36,73,57
India,Andhra_Pradesh,Guntur,"Rajendra Nagar North, Guntur - APPCB",11-03-2026 15:00,16.316553,80.413302,SO2,NA,NA,NA
India,Andhra_Pradesh,Kadapa,"Yerramukkapalli, Kadapa - APPCB",11-03-2026 15:00,14.465052,78.824187,PM2.5,52,76,59
India,Andhra_Pradesh,Kadapa,"Yerramukkapalli, Kadapa - APPCB",11-03-2026 15:00,14.465052,78.824187,PM10,52,72,59
India,Andhra_Pradesh,Kadapa,"Yerramukkapalli, Kadapa - APPCB",11-03-2026 15:00,14.465052,78.824187,NH3,3,5,4
India,Andhra_Pradesh,Kadapa,"Yerramukkapalli, Kadapa - APPCB",11-03-2026 15:00,14.465052,78.824187,CO,16,40,32
India,Bihar,Bhagalpur,"DM Office_Kachari Chowk, Bhagalpur - BSPCB",11-03-2026 15:00,25.251013,86.989001,NO2,6,19,9
India,Bihar,Bhagalpur,"DM Office_Kachari Chowk, Bhagalpur - BSPCB",11-03-2026 15:00,25.251013,86.989001,NH3,1,1,1
India,Bihar,Bhagalpur,"DM Office_Kachari Chowk, Bhagalpur - BSPCB",11-03-2026 15:00,25.251013,86.989001,CO,8,30,16
India,Bihar,Bhagalpur,"DM Office_Kachari Chowk, Bhagalpur - BSPCB",11-03-2026 15:00,25.251013,86.989001,OZONE,10,19,14
India,Bihar,Bhagalpur,"Mayaganj, Bhagalpur - BSPCB",11-03-2026 15:00,25.265194,87.012947,NH3,5,6,6
India,Bihar,Bihar Sharif,"D M Colony, Bihar Sharif - BSPCB",11-03-2026 15:00,25.204762,85.51496,PM2.5,62,293,132
India,Bihar,Buxar,"Charitra Van, Buxar - BSPCB",11-03-2026 15:00,25.56752,83.966379,NO2,9,10,9
India,Bihar,Kishanganj,"SDM Office_Khagra, Kishanganj - BSPCB",11-03-2026 15:00,26.0881305,87.93840336,SO2,5,12,8
India,Bihar,Kishanganj,"SDM Office_Khagra, Kishanganj - BSPCB",11-03-2026 15:00,26.0881305,87.93840336,CO,14,20,16
India,Bihar,Motihari,"Gandak Colony, Motihari - BSPCB",11-03-2026 15:00,26.63086,84.90051,PM2.5,62,293,134
India,Bihar,Motihari,"Gandak Colony, Motihari - BSPCB",11-03-2026 15:00,26.63086,84.90051,PM10,69,179,114
India,Bihar,Muzaffarpur,"Buddha Colony, Muzaffarpur - BSPCB",11-03-2026 15:00,26.11442,85.39813,SO2,6,14,10
India,Bihar,Muzaffarpur,"MIT-Daudpur Kothi, Muzaffarpur - BSPCB",11-03-2026 15:00,26.1403345,85.3650192,PM2.5,87,110,93
India,Bihar,Arrah,"New DM Office, Arrah - BSPCB",11-03-2026 15:00,25.5626095,84.663264,NH3,1,2,2
India,Bihar,Arrah,"New DM Office, Arrah - BSPCB",11-03-2026 15:00,25.5626095,84.663264,CO,41,66,53
India,Bihar,Aurangabad,"Gurdeo Nagar, Aurangabad - BSPCB",11-03-2026 15:00,24.75746,84.366208,PM2.5,10,83,27
India,Bihar,Begusarai,"Lohiyanagar, Begusarai - BSPCB",11-03-2026 15:00,25.42742023,86.13886079,NH3,3,4,4
India,Bihar,Bettiah,"Kamalnath Nagar, Bettiah - BSPCB",11-03-2026 15:00,26.80365,84.51954,NO2,7,9,8
India,Assam,Nalbari,"Bata Chowk, Nalbari - PCBA",11-03-2026 15:00,26.446912,91.439057,NH3,6,7,6
India,Assam,Nalbari,"Bata Chowk, Nalbari - PCBA",11-03-2026 15:00,26.446912,91.439057,OZONE,10,16,15
India,Assam,Silchar,"Tarapur, Silchar - PCBA",11-03-2026 15:00,24.82827,92.79525,NH3,1,1,1
India,Assam,Sivasagar,"Girls College, Sivasagar - PCBA",11-03-2026 15:00,26.987634,94.636574,SO2,9,14,12
India,Bihar,Araria,"Kharahiya Basti, Araria - BSPCB",11-03-2026 15:00,26.146529,87.454184,CO,24,104,60
India,Andhra_Pradesh,Vijayawada,"Kanuru, Vijayawada - APPCB",11-03-2026 15:00,16.486692,80.699436,SO2,7,20,13
India,Arunachal_Pradesh,Naharlagun,"Naharlagun, Naharlagun - APSPCB",11-03-2026 15:00,27.103358,93.679645,PM2.5,100,355,214
India,Assam,Byrnihat,"Central Academy for SFS, Byrnihat - PCBA",11-03-2026 15:00,26.071318,91.87488,PM2.5,89,352,211
India,Assam,Byrnihat,"Central Academy for SFS, Byrnihat - PCBA",11-03-2026 15:00,26.071318,91.87488,CO,42,69,57
India,Chhattisgarh,Raipur,"AIIMS, Raipur - CECB",11-03-2026 15:00,21.258815,81.578979,SO2,4,12,7
India,Chhattisgarh,Raipur,"Bhatagaon New ISBT, Raipur - CECB",11-03-2026 15:00,21.219665,81.630094,SO2,6,72,25
India,Chhattisgarh,Raipur,"Bhatagaon New ISBT, Raipur - CECB",11-03-2026 15:00,21.219665,81.630094,OZONE,2,9,5
India,Chhattisgarh,Raipur,"Krishak Nagar, Raipur - CECB",11-03-2026 15:00,21.237755,81.705301,NO2,12,29,18
India,Chhattisgarh,Raipur,"Krishak Nagar, Raipur - CECB",11-03-2026 15:00,21.237755,81.705301,SO2,5,36,11
India,Chhattisgarh,Raipur,"Krishak Nagar, Raipur - CECB",11-03-2026 15:00,21.237755,81.705301,OZONE,20,52,37
India,Chhattisgarh,Raipur,"Siltara Phase-II, Raipur - CECB",11-03-2026 15:00,21.371751,81.664929,PM10,46,163,109
India,Chhattisgarh,Tumidih,"OP Jindal Industrial Park, Tumidih - CECB",11-03-2026 15:00,22.06631475,83.33820077,PM2.5,65,125,91
India,Chhattisgarh,Tumidih,"OP Jindal Industrial Park, Tumidih - CECB",11-03-2026 15:00,22.06631475,83.33820077,NO2,33,98,68
India,Chhattisgarh,Tumidih,"OP Jindal Industrial Park, Tumidih - CECB",11-03-2026 15:00,22.06631475,83.33820077,NH3,1,2,2
India,Chhattisgarh,Tumidih,"OP Jindal Industrial Park, Tumidih - CECB",11-03-2026 15:00,22.06631475,83.33820077,OZONE,12,106,91
India,Delhi,Delhi,"Alipur, Delhi - DPCC",11-03-2026 15:00,28.815329,77.15301,PM2.5,87,388,252
India,Chandigarh,Chandigarh,"Sector 22, Chandigarh - CPCC",11-03-2026 15:00,30.735567,76.775714,SO2,5,67,15
India,Chandigarh,Chandigarh,"Sector-25, Chandigarh - CPCC",11-03-2026 15:00,30.751462,76.762879,NH3,6,10,9
India,Chandigarh,Chandigarh,"Sector-25, Chandigarh - CPCC",11-03-2026 15:00,30.751462,76.762879,CO,9,62,22
India,Chhattisgarh,Bhilai,"32Bungalows, Bhilai - CECB",11-03-2026 15:00,21.194815,81.31477,PM2.5,21,42,31
India,Chhattisgarh,Bhilai,"32Bungalows, Bhilai - CECB",11-03-2026 15:00,21.194815,81.31477,SO2,2,5,4
India,Chhattisgarh,Bhilai,"32Bungalows, Bhilai - CECB",11-03-2026 15:00,21.194815,81.31477,CO,16,41,33
India,Chhattisgarh,Bhilai,"Civic Center, Bhilai - Bhilai Steel Plant",11-03-2026 15:00,21.185571,81.343175,PM10,23,66,42
India,Chhattisgarh,Bhilai,"Civic Center, Bhilai - Bhilai Steel Plant",11-03-2026 15:00,21.185571,81.343175,SO2,7,9,8
India,Chhattisgarh,Bhilai,"Hathkhoj, Bhilai - CECB",11-03-2026 15:00,21.224231,81.40835,PM10,23,94,59
India,Chhattisgarh,Bhilai,"Hathkhoj, Bhilai - CECB",11-03-2026 15:00,21.224231,81.40835,NH3,4,7,5
India,Chhattisgarh,Bhilai,"Hathkhoj, Bhilai - CECB",11-03-2026 15:00,21.224231,81.40835,OZONE,3,19,16
India,Chhattisgarh,Bilaspur,"Mangala, Bilaspur - NTPC",11-03-2026 15:00,22.08815,82.13737,CO,14,99,38
India,Chhattisgarh,Chhal,"Nawapara SECL Colony, Chhal - CECB",11-03-2026 15:00,22.118125,83.140608,NO2,9,33,14
India,Chhattisgarh,Chhal,"Nawapara SECL Colony, Chhal - CECB",11-03-2026 15:00,22.118125,83.140608,OZONE,143,143,143
India,Chhattisgarh,Korba,"Rampur, Korba - CECB",11-03-2026 15:00,22.368195,82.746431,SO2,27,90,59
India,Chhattisgarh,Korba,"Urja Nagar, Korba - CECB",11-03-2026 15:00,22.348441,82.549611,PM2.5,NA,NA,NA
India,Chhattisgarh,Korba,"Urja Nagar, Korba - CECB",11-03-2026 15:00,22.348441,82.549611,NO2,20,26,22
India,Chhattisgarh,Korba,"Urja Nagar, Korba - CECB",11-03-2026 15:00,22.348441,82.549611,NH3,1,1,1
India,Chhattisgarh,Kunjemura,"OP Jindal School, Kunjemura - CECB",11-03-2026 15:00,22.12665,83.483212,NO2,13,75,37
India,Chhattisgarh,Milupara,"Govt. Higher Secondary School, Milupara - CECB",11-03-2026 15:00,22.1910172,83.5197009,NH3,1,3,2
India,Bihar,Rajgir,"Dangi Tola, Rajgir - BSPCB",11-03-2026 15:00,25.0328,85.41948,OZONE,25,28,27
India,Bihar,Saharsa,"Police Line, Saharsa - BSPCB",11-03-2026 15:00,25.892357,86.590325,NO2,5,10,7
India,Bihar,Saharsa,"Police Line, Saharsa - BSPCB",11-03-2026 15:00,25.892357,86.590325,NH3,4,4,4
India,Bihar,Samastipur,"DM Office_Kasipur, Samastipur - BSPCB",11-03-2026 15:00,25.859655,85.77944,NO2,8,9,8
India,Bihar,Samastipur,"DM Office_Kasipur, Samastipur - BSPCB",11-03-2026 15:00,25.859655,85.77944,SO2,NA,NA,NA
India,Bihar,Samastipur,"DM Office_Kasipur, Samastipur - BSPCB",11-03-2026 15:00,25.859655,85.77944,OZONE,7,9,8
India,Bihar,Sasaram,"Dada Peer, Sasaram - BSPCB",11-03-2026 15:00,24.952822,84.002396,PM2.5,47,98,66
India,Delhi,Delhi,"CRRI Mathura Road, Delhi - IMD",11-03-2026 15:00,28.5512005,77.2735737,PM2.5,NA,NA,NA
India,Delhi,Delhi,"Cantonment Area, Delhi - DPCC ",11-03-2026 15:00,28.594169,77.1251,CO,110,152,133
India,Delhi,Delhi,"Chandni Chowk, Delhi - IITM",11-03-2026 15:00,28.656756,77.227234,PM2.5,147,342,285
India,Delhi,Delhi,"Chandni Chowk, Delhi - IITM",11-03-2026 15:00,28.656756,77.227234,NO2,30,138,79
India,Delhi,Delhi,"Commonwealth Sports Complex, Delhi - DPCC",11-03-2026 15:00,28.615828,77.271992,PM10,126,293,194
India,Delhi,Delhi,"Commonwealth Sports Complex, Delhi - DPCC",11-03-2026 15:00,28.615828,77.271992,CO,72,128,100
India,Delhi,Delhi,"Anand Vihar, Delhi - DPCC",11-03-2026 15:00,28.647622,77.315809,OZONE,10,29,15
India,Delhi,Delhi,"Ashok Vihar, Delhi - DPCC",11-03-2026 15:00,28.695381,77.181665,NO2,22,130,68
India,Delhi,Delhi,"Ashok Vihar, Delhi - DPCC",11-03-2026 15:00,28.695381,77.181665,NH3,1,20,7
India,Delhi,Delhi,"Ashok Vihar, Delhi - DPCC",11-03-2026 15:00,28.695381,77.181665,CO,3,121,24
India,Delhi,Delhi,"Bawana, Delhi - DPCC",11-03-2026 15:00,28.7762,77.051074,NH3,5,11,8
India,Bihar,Patna,"Muradpur, Patna - BSPCB",11-03-2026 15:00,25.619651,85.147382,SO2,7,10,9
India,Bihar,Patna,"Rajbansi Nagar, Patna - BSPCB",11-03-2026 15:00,25.599486,85.113666,PM10,84,211,133
India,Bihar,Patna,"Samanpura, Patna - BSPCB",11-03-2026 15:00,25.596727,85.085624,PM10,116,184,143
India,Bihar,Patna,"Samanpura, Patna - BSPCB",11-03-2026 15:00,25.596727,85.085624,SO2,4,7,7
India,Bihar,Sasaram,"Dada Peer, Sasaram - BSPCB",11-03-2026 15:00,24.952822,84.002396,CO,29,63,51
India,Bihar,Patna,"Muradpur, Patna - BSPCB",11-03-2026 15:00,25.619651,85.147382,PM10,122,147,135
India,Delhi,Delhi,"Lodhi Road, Delhi - IMD",11-03-2026 15:00,28.5918245,77.2273074,OZONE,10,203,111
India,Delhi,Delhi,"Major Dhyan Chand National Stadium, Delhi - DPCC",11-03-2026 15:00,28.611281,77.237738,PM10,125,318,194
India,Delhi,Delhi,"Major Dhyan Chand National Stadium, Delhi - DPCC",11-03-2026 15:00,28.611281,77.237738,OZONE,1,175,83
India,Delhi,Delhi,"Mandir Marg, Delhi - DPCC",11-03-2026 15:00,28.636429,77.201067,NH3,8,9,9
India,Delhi,Delhi,"Mundka, Delhi - DPCC",11-03-2026 15:00,28.684678,77.076574,CO,40,103,61
India,Delhi,Delhi,"NSIT Dwarka, Delhi - CPCB",11-03-2026 15:00,28.60909,77.0325413,NO2,70,290,188
India,Delhi,Delhi,"NSIT Dwarka, Delhi - CPCB",11-03-2026 15:00,28.60909,77.0325413,SO2,11,20,14
India,Delhi,Delhi,"Pusa, Delhi - DPCC",11-03-2026 15:00,28.639652,77.146275,OZONE,3,85,49
India,Delhi,Delhi,"R K Puram, Delhi - DPCC",11-03-2026 15:00,28.563262,77.186937,NO2,1,111,48
India,Delhi,Delhi,"Rohini, Delhi - DPCC",11-03-2026 15:00,28.732528,77.11992,NH3,8,46,17
India,Delhi,Delhi,"Rohini, Delhi - DPCC",11-03-2026 15:00,28.732528,77.11992,OZONE,2,43,16
India,Delhi,Delhi,"Shadipur, Delhi - CPCB",11-03-2026 15:00,28.6514781,77.1473105,PM10,127,483,239
India,Delhi,Delhi,"Sirifort, Delhi - CPCB",11-03-2026 15:00,28.5504249,77.2159377,NO2,33,42,38
India,Delhi,Delhi,"Sirifort, Delhi - CPCB",11-03-2026 15:00,28.5504249,77.2159377,NH3,9,18,12
India,Delhi,Delhi,"Vivek Vihar, Delhi - DPCC",11-03-2026 15:00,28.672342,77.31526,OZONE,4,124,46
India,Gujarat,Ahmedabad,"Chandkheda, Ahmedabad - IITM",11-03-2026 15:00,23.107969,72.574648,PM2.5,25,194,86
India,Gujarat,Ahmedabad,"Chandkheda, Ahmedabad - IITM",11-03-2026 15:00,23.107969,72.574648,OZONE,1,77,56
India,Gujarat,Ahmedabad,"Gyaspur, Ahmedabad - IITM",11-03-2026 15:00,22.977134,72.553024,OZONE,1,107,53
India,Gujarat,Ahmedabad,"Maninagar, Ahmedabad - GPCB",11-03-2026 15:00,23.002657,72.591912,PM10,64,387,108
India,Delhi,Delhi,"NSUT Jaffarpur, Delhi - DPCC",11-03-2026 15:00,28.594004,76.909423,PM2.5,63,327,221
India,Delhi,Delhi,"Narela, Delhi - DPCC",11-03-2026 15:00,28.822836,77.101981,PM2.5,92,434,274
India,Delhi,Delhi,"Narela, Delhi - DPCC",11-03-2026 15:00,28.822836,77.101981,PM10,131,432,229
India,Delhi,Delhi,"Narela, Delhi - DPCC",11-03-2026 15:00,28.822836,77.101981,NH3,7,10,8
India,Delhi,Delhi,"Nehru Nagar, Delhi - DPCC",11-03-2026 15:00,28.56789,77.250515,SO2,5,116,33
India,Delhi,Delhi,"Nehru Nagar, Delhi - DPCC",11-03-2026 15:00,28.56789,77.250515,CO,75,140,100
India,Delhi,Delhi,"Sonia Vihar, Delhi - DPCC",11-03-2026 15:00,28.710508,77.249485,PM2.5,85,340,240
India,Delhi,Delhi,"Sonia Vihar, Delhi - DPCC",11-03-2026 15:00,28.710508,77.249485,CO,29,137,84
India,Delhi,Delhi,"Sri Aurobindo Marg, Delhi - DPCC",11-03-2026 15:00,28.531346,77.190156,NO2,19,84,36
India,Delhi,Delhi,"Sri Aurobindo Marg, Delhi - DPCC",11-03-2026 15:00,28.531346,77.190156,NH3,5,7,6
India,Delhi,Delhi,"Vivek Vihar, Delhi - DPCC",11-03-2026 15:00,28.672342,77.31526,NH3,7,12,10
India,Delhi,Delhi,"Vivek Vihar, Delhi - DPCC",11-03-2026 15:00,28.672342,77.31526,SO2,9,25,15
India,Delhi,Delhi,"DTU, Delhi - CPCB",11-03-2026 15:00,28.7500499,77.1112615,OZONE,28,33,30
India,Delhi,Delhi,"Dr. Karni Singh Shooting Range, Delhi - DPCC",11-03-2026 15:00,28.498571,77.26484,OZONE,5,221,133
India,Delhi,Delhi,"Dwarka-Sector 8, Delhi - DPCC ",11-03-2026 15:00,28.5710274,77.0719006,PM10,137,482,286
India,Delhi,Delhi,"Dwarka-Sector 8, Delhi - DPCC ",11-03-2026 15:00,28.5710274,77.0719006,SO2,22,39,28
India,Delhi,Delhi,"Dwarka-Sector 8, Delhi - DPCC ",11-03-2026 15:00,28.5710274,77.0719006,OZONE,6,149,84
India,Delhi,Delhi,"IGNOU_Maidan Garhi, Delhi - DPCC",11-03-2026 15:00,28.493624,77.201159,SO2,58,63,61
India,Delhi,Delhi,"IGNOU_Maidan Garhi, Delhi - DPCC",11-03-2026 15:00,28.493624,77.201159,CO,110,124,114
India,Delhi,Delhi,"IGNOU_Maidan Garhi, Delhi - DPCC",11-03-2026 15:00,28.493624,77.201159,OZONE,1,59,39
India,Delhi,Delhi,"IIT Delhi, Delhi - IITM",11-03-2026 15:00,28.54246,77.191651,OZONE,5,59,39
India,Delhi,Delhi,"ITO, Delhi - CPCB",11-03-2026 15:00,28.628624,77.24106,CO,10,119,25
India,Delhi,Delhi,"JNU, Delhi - DPCC",11-03-2026 15:00,28.540721,77.168544,OZONE,2,39,24
India,Delhi,Delhi,"Jahangirpuri, Delhi - DPCC",11-03-2026 15:00,28.73282,77.170633,PM2.5,77,358,267
India,Delhi,Delhi,"Okhla Phase-2, Delhi - DPCC",11-03-2026 15:00,28.530785,77.271255,PM10,127,450,261
India,Delhi,Delhi,"Okhla Phase-2, Delhi - DPCC",11-03-2026 15:00,28.530785,77.271255,SO2,10,30,18
India,Haryana,Charkhi Dadri,"Mini Secretariat, Charkhi Dadri - HSPCB",11-03-2026 15:00,28.593883,76.270653,SO2,9,11,10
India,Haryana,Dharuhera,"Municipal Corporation Office, Dharuhera -  HSPCB",11-03-2026 15:00,28.2068,76.7997,PM10,66,175,125
India,Haryana,Dharuhera,"Municipal Corporation Office, Dharuhera -  HSPCB",11-03-2026 15:00,28.2068,76.7997,OZONE,10,22,13
India,Haryana,Faridabad,"New Industrial Town, Faridabad - HSPCB",11-03-2026 15:00,28.39072,77.30059,SO2,8,8,8
India,Haryana,Faridabad,"New Industrial Town, Faridabad - HSPCB",11-03-2026 15:00,28.39072,77.30059,CO,10,12,12
India,Haryana,Faridabad,"Sector 11, Faridabad - HSPCB",11-03-2026 15:00,28.376058,77.315741,NO2,29,33,31
India,Haryana,Faridabad,"Sector 11, Faridabad - HSPCB",11-03-2026 15:00,28.376058,77.315741,SO2,3,55,5
India,Haryana,Faridabad,"Sector 11, Faridabad - HSPCB",11-03-2026 15:00,28.376058,77.315741,CO,21,64,45
India,Haryana,Faridabad,"Sector 30, Faridabad - HSPCB",11-03-2026 15:00,28.4417,77.3217,PM10,112,112,112
India,Haryana,Faridabad,"Sector 30, Faridabad - HSPCB",11-03-2026 15:00,28.4417,77.3217,SO2,4,6,4
India,Haryana,Gurugram,"Sector-51, Gurugram - HSPCB",11-03-2026 15:00,28.4227,77.0667,PM10,102,500,297
India,Haryana,Gurugram,"Sector-51, Gurugram - HSPCB",11-03-2026 15:00,28.4227,77.0667,OZONE,10,46,38
India,Haryana,Gurugram,"Teri Gram, Gurugram - HSPCB",11-03-2026 15:00,28.4275,77.1465,NH3,NA,NA,NA
India,Haryana,Gurugram,"Teri Gram, Gurugram - HSPCB",11-03-2026 15:00,28.4275,77.1465,SO2,NA,NA,NA
India,Haryana,Gurugram,"Vikas Sadan, Gurugram - HSPCB",11-03-2026 15:00,28.4501238,77.0263051,CO,64,114,94
India,Haryana,Hisar,"Urban Estate-II, Hisar - HSPCB",11-03-2026 15:00,29.14056,75.744941,PM2.5,3,168,57
India,Haryana,Hisar,"Urban Estate-II, Hisar - HSPCB",11-03-2026 15:00,29.14056,75.744941,PM10,94,180,131
India,Haryana,Jind,"Police Lines, Jind - HSPCB",11-03-2026 15:00,29.307814,76.337619,PM2.5,104,228,161
India,Haryana,Jind,"Police Lines, Jind - HSPCB",11-03-2026 15:00,29.307814,76.337619,NO2,28,43,35
India,Haryana,Mandikhera,"General Hospital, Mandikhera(Nuh) - HSPCB",11-03-2026 15:00,27.9002,76.9938,OZONE,23,31,28
India,Haryana,Manesar,"Sector-2 IMT, Manesar - HSPCB",11-03-2026 15:00,28.360699,76.93609,PM10,100,300,189
India,Haryana,Manesar,"Sector-2 IMT, Manesar - HSPCB",11-03-2026 15:00,28.360699,76.93609,NO2,30,47,38
India,Haryana,Narnaul,"Shastri Nagar, Narnaul - HSPCB",11-03-2026 15:00,28.060249,76.113115,NO2,NA,NA,NA
India,Haryana,Narnaul,"Shastri Nagar, Narnaul - HSPCB",11-03-2026 15:00,28.060249,76.113115,OZONE,1,17,10
India,Haryana,Palwal,"Shyam Nagar, Palwal - HSPCB",11-03-2026 15:00,28.1485564,77.3320667,SO2,NA,NA,NA
India,Haryana,Panchkula,"Sector-6, Panchkula - HSPCB ",11-03-2026 15:00,30.7057778,76.85318056,CO,1,98,2
India,Haryana,Panchkula,"Sector-6, Panchkula - HSPCB ",11-03-2026 15:00,30.7057778,76.85318056,OZONE,1,63,48
India,Gujarat,Ahmedabad,"SAC ISRO Bopal, Ahmedabad - IITM",11-03-2026 15:00,23.041137,72.456691,OZONE,10,111,61
India,Gujarat,Ahmedabad,"SAC ISRO Satellite, Ahmedabad - IITM",11-03-2026 15:00,23.023389,72.515201,PM2.5,51,175,92
India,Gujarat,Ahmedabad,"SAC ISRO Satellite, Ahmedabad - IITM",11-03-2026 15:00,23.023389,72.515201,PM10,82,149,112
India,Gujarat,Ahmedabad,"SAC ISRO Satellite, Ahmedabad - IITM",11-03-2026 15:00,23.023389,72.515201,SO2,12,102,27
India,Gujarat,Ahmedabad,"SAC ISRO Satellite, Ahmedabad - IITM",11-03-2026 15:00,23.023389,72.515201,CO,72,109,92
India,Gujarat,Ahmedabad,"SVPI Airport Hansol, Ahmedabad - IITM",11-03-2026 15:00,23.076793,72.627874,PM10,67,202,125
India,Gujarat,Ahmedabad,"SVPI Airport Hansol, Ahmedabad - IITM",11-03-2026 15:00,23.076793,72.627874,NO2,11,155,65
India,Gujarat,Ankleshwar,"GIDC, Ankleshwar - GPCB",11-03-2026 15:00,21.613267,73.010555,NO2,26,26,26
India,Gujarat,Ankleshwar,"GIDC, Ankleshwar - GPCB",11-03-2026 15:00,21.613267,73.010555,OZONE,9,54,33
India,Gujarat,Vatva,"Phase-4 GIDC, Vatva - GPCB",11-03-2026 15:00,22.969611,72.6435,OZONE,30,46,40
India,Haryana,Ambala,"Patti Mehar, Ambala - HSPCB",11-03-2026 15:00,30.379589,76.778328,PM10,107,142,121
India,Haryana,Ballabgarh,"Nathu Colony, Ballabgarh - HSPCB",11-03-2026 15:00,28.3419248,77.319699,NH3,3,3,3
India,Haryana,Bhiwani,"H.B. Colony, Bhiwani - HSPCB",11-03-2026 15:00,28.806223,76.141105,SO2,1,9,5
India,Haryana,Charkhi Dadri,"Mini Secretariat, Charkhi Dadri - HSPCB",11-03-2026 15:00,28.593883,76.270653,NO2,9,23,15
India,Haryana,Jind,"Police Lines, Jind - HSPCB",11-03-2026 15:00,29.307814,76.337619,SO2,1,4,1
India,Haryana,Kaithal,"Rishi Nagar, Kaithal - HSPCB",11-03-2026 15:00,29.8006,76.4155,SO2,17,21,19
India,Haryana,Kaithal,"Rishi Nagar, Kaithal - HSPCB",11-03-2026 15:00,29.8006,76.4155,CO,5,72,21
India,Haryana,Karnal,"Sector-12, Karnal - HSPCB",11-03-2026 15:00,29.6953,77.0027,PM10,37,186,135
India,Haryana,Karnal,"Sector-12, Karnal - HSPCB",11-03-2026 15:00,29.6953,77.0027,CO,10,18,11
India,Haryana,Kurukshetra,"Sector-7, Kurukshetra - HSPCB",11-03-2026 15:00,29.966942,76.875879,CO,11,48,28
India,Gujarat,Gandhinagar,"GIFT City, Gandhinagar - IITM",11-03-2026 15:00,23.163798,72.677768,NO2,17,122,67
India,Gujarat,Gandhinagar,"GIFT City, Gandhinagar - IITM",11-03-2026 15:00,23.163798,72.677768,SO2,12,25,18
India,Gujarat,Gandhinagar,"GIFT City, Gandhinagar - IITM",11-03-2026 15:00,23.163798,72.677768,OZONE,1,48,28
India,Gujarat,Gandhinagar,"IIPHG Lekawada, Gandhinagar - IITM",11-03-2026 15:00,23.243639,72.68994,PM2.5,16,130,65
India,Gujarat,Gandhinagar,"IIPHG Lekawada, Gandhinagar - IITM",11-03-2026 15:00,23.243639,72.68994,CO,6,105,39
India,Gujarat,Rajkot,"Mavdi, Rajkot - Nexteng Enviro ",11-03-2026 15:00,22.248853,70.776774,NH3,2,3,2
India,Gujarat,Rajkot,"Mavdi, Rajkot - Nexteng Enviro ",11-03-2026 15:00,22.248853,70.776774,CO,38,47,41
India,Gujarat,Vadodara,"Bapunagar, Vadodara - Nexteng Enviro",11-03-2026 15:00,22.320153,73.216285,NH3,3,5,4
India,Gujarat,Vapi,"Phase-1 GIDC, Vapi - GPCB",11-03-2026 15:00,20.362421,72.918013,PM10,NA,NA,NA
India,Gujarat,Ahmedabad,"Raikhad, Ahmedabad - IITM",11-03-2026 15:00,23.020509,72.579261,OZONE,1,78,57
India,Gujarat,Ahmedabad,"Rakhial, Ahmedabad - IITM",11-03-2026 15:00,23.016834,72.625775,PM10,86,196,126
India,Gujarat,Ahmedabad,"Rakhial, Ahmedabad - IITM",11-03-2026 15:00,23.016834,72.625775,CO,2,168,21
India,Haryana,Panipat,"Sector-18, Panipat - HSPCB",11-03-2026 15:00,29.432304,76.972765,SO2,11,11,11
India,Haryana,Rohtak,"MD University, Rohtak - HSPCB",11-03-2026 15:00,28.52123,76.37138,PM10,NA,NA,NA
India,Haryana,Rohtak,"MD University, Rohtak - HSPCB",11-03-2026 15:00,28.52123,76.37138,CO,32,34,33
India,Haryana,Sirsa,"F-Block, Sirsa - HSPCB",11-03-2026 15:00,29.5364,75.0158,PM2.5,NA,NA,NA
India,Haryana,Sirsa,"F-Block, Sirsa - HSPCB",11-03-2026 15:00,29.5364,75.0158,NO2,NA,NA,NA
India,Haryana,Sirsa,"F-Block, Sirsa - HSPCB",11-03-2026 15:00,29.5364,75.0158,NH3,NA,NA,NA
India,Haryana,Sirsa,"F-Block, Sirsa - HSPCB",11-03-2026 15:00,29.5364,75.0158,SO2,NA,NA,NA
India,Haryana,Sirsa,"F-Block, Sirsa - HSPCB",11-03-2026 15:00,29.5364,75.0158,CO,44,112,66
India,Haryana,Sirsa,"F-Block, Sirsa - HSPCB",11-03-2026 15:00,29.5364,75.0158,OZONE,41,362,64
India,Haryana,Sonipat,"Murthal, Sonipat - HSPCB",11-03-2026 15:00,29.0272,77.0621,PM10,53,113,85
India,Haryana,Sonipat,"Murthal, Sonipat - HSPCB",11-03-2026 15:00,29.0272,77.0621,CO,6,36,18
India,Haryana,Yamuna Nagar,"Gobind Pura, Yamuna Nagar - HSPCB",11-03-2026 15:00,30.1480566,77.2893471,OZONE,8,34,33
India,Himachal Pradesh,Baddi,"HIMUDA Complex Phase-1, Baddi - HPPCB",11-03-2026 15:00,30.943887,76.801991,PM2.5,62,308,177
India,Kerala,Kannur,"Thavakkara, Kannur - Kerala PCB",11-03-2026 15:00,11.875,75.3732,PM10,100,120,102
India,Kerala,Kannur,"Thavakkara, Kannur - Kerala PCB",11-03-2026 15:00,11.875,75.3732,NO2,14,16,15
India,Kerala,Kollam,"Polayathode, Kollam - Kerala PCB",11-03-2026 15:00,8.8787,76.6073,PM2.5,41,52,46
India,Kerala,Kollam,"Polayathode, Kollam - Kerala PCB",11-03-2026 15:00,8.8787,76.6073,NO2,8,10,9
India,Kerala,Kollam,"Polayathode, Kollam - Kerala PCB",11-03-2026 15:00,8.8787,76.6073,SO2,2,3,2
India,Kerala,Thiruvananthapuram,"Kariavattom, Thiruvananthapuram - Kerala PCB",11-03-2026 15:00,8.5637,76.8865,PM2.5,24,77,43
India,Kerala,Thiruvananthapuram,"Kariavattom, Thiruvananthapuram - Kerala PCB",11-03-2026 15:00,8.5637,76.8865,OZONE,30,31,31
India,Kerala,Thiruvananthapuram,"Plammoodu, Thiruvananthapuram - Kerala PCB",11-03-2026 15:00,8.5149093,76.9435879,PM2.5,26,92,51
India,Kerala,Thiruvananthapuram,"Plammoodu, Thiruvananthapuram - Kerala PCB",11-03-2026 15:00,8.5149093,76.9435879,OZONE,5,58,24
India,Kerala,Thrissur,"Corporation Ground, Thrissur - Kerala PCB",11-03-2026 15:00,10.5324,76.2159,SO2,1,1,1
India,Jammu_and_Kashmir,Srinagar,"Khunmoh, Srinagar - JKPCC",11-03-2026 15:00,34.06313,74.96017,PM10,21,235,47
India,Jammu_and_Kashmir,Srinagar,"Khunmoh, Srinagar - JKPCC",11-03-2026 15:00,34.06313,74.96017,NO2,8,22,13
India,Jammu_and_Kashmir,Srinagar,"Rajbagh, Srinagar - JKPCC",11-03-2026 15:00,34.066206,74.81982,PM2.5,13,30,18
India,Karnataka,Bagalkot,"Vidayagiri, Bagalkot - KSPCB",11-03-2026 15:00,16.172806,75.659694,OZONE,11,12,12
India,Karnataka,Bengaluru,"BTM Layout, Bengaluru - CPCB",11-03-2026 15:00,12.9135218,77.5950804,NO2,26,28,27
India,Karnataka,Bengaluru,"BTM Layout, Bengaluru - CPCB",11-03-2026 15:00,12.9135218,77.5950804,CO,42,54,53
India,Karnataka,Bengaluru,"BWSSB Kadabesanahalli, Bengaluru - CPCB",11-03-2026 15:00,12.9352049,77.6814488,PM2.5,66,359,163
India,Madhya Pradesh,Bhopal,"Idgah Hills, Bhopal - MPPCB",11-03-2026 15:00,23.264759,77.381568,OZONE,38,67,59
India,Madhya Pradesh,Bhopal,"Paryavaran Parisar, Bhopal - MPPCB",11-03-2026 15:00,23.210494,77.425409,PM2.5,8,260,78
India,Madhya Pradesh,Bhopal,"T T Nagar, Bhopal - MPPCB",11-03-2026 15:00,23.233584,77.400574,NH3,5,8,6
India,Madhya Pradesh,Damoh,"Shrivastav Colony, Damoh - MPPCB",11-03-2026 15:00,23.81748678,79.446246,SO2,8,24,13
India,Madhya Pradesh,Dewas,"Bhopal Chauraha, Dewas - MPPCB",11-03-2026 15:00,22.9682591,76.064118,NO2,95,147,126
India,Madhya Pradesh,Gwalior,"City Center, Gwalior - MPPCB",11-03-2026 15:00,26.203442,78.193251,PM2.5,NA,NA,NA
India,Madhya Pradesh,Gwalior,"City Center, Gwalior - MPPCB",11-03-2026 15:00,26.203442,78.193251,NO2,NA,NA,NA
India,Karnataka,Bengaluru,"Silk Board, Bengaluru - KSPCB",11-03-2026 15:00,12.917348,77.622813,PM10,NA,NA,NA
India,Karnataka,Bengaluru,"Silk Board, Bengaluru - KSPCB",11-03-2026 15:00,12.917348,77.622813,SO2,1,15,10
India,Karnataka,Bengaluru,"Silk Board, Bengaluru - KSPCB",11-03-2026 15:00,12.917348,77.622813,OZONE,6,22,15
India,Karnataka,Chamarajanagar,"Urban, Chamarajanagar - KSPCB",11-03-2026 15:00,11.55358,76.55521,NH3,1,3,2
India,Karnataka,Chamarajanagar,"Urban, Chamarajanagar - KSPCB",11-03-2026 15:00,11.55358,76.55521,OZONE,13,39,25
India,Karnataka,Chikkamagaluru,"Kalyana Nagara, Chikkamagaluru - KSPCB",11-03-2026 15:00,13.328028,75.797056,PM10,25,169,62
India,Karnataka,Dharwad,"Kalabhavan, Dharwad - KSPCB",11-03-2026 15:00,15.459706,75.008381,PM10,NA,NA,NA
India,Karnataka,Bengaluru,"Jayanagar 5th Block, Bengaluru - KSPCB",11-03-2026 15:00,12.920984,77.584908,PM10,44,139,88
India,Karnataka,Bengaluru,"Jigani, Bengaluru - KSPCB",11-03-2026 15:00,12.7816279,77.6299145,SO2,18,19,18
India,Karnataka,Bengaluru,"Jigani, Bengaluru - KSPCB",11-03-2026 15:00,12.7816279,77.6299145,CO,42,44,43
India,Karnataka,Bengaluru,"Peenya, Bengaluru - CPCB",11-03-2026 15:00,13.0270199,77.494094,NH3,3,5,4
India,Karnataka,Bengaluru,"Peenya, Bengaluru - CPCB",11-03-2026 15:00,13.0270199,77.494094,OZONE,24,29,24
India,Karnataka,Bengaluru,"Shivapura_Peenya, Bengaluru - KSPCB",11-03-2026 15:00,13.0246342,77.5080115,CO,12,50,46
India,Karnataka,Shivamogga,"Vinoba Nagara, Shivamogga - KSPCB",11-03-2026 15:00,13.94,75.555917,SO2,2,8,6
India,Karnataka,Shivamogga,"Vinoba Nagara, Shivamogga - KSPCB",11-03-2026 15:00,13.94,75.555917,CO,18,36,31
India,Karnataka,Vijayapura,"Ibrahimpur, Vijayapura - KSPCB",11-03-2026 15:00,16.802639,75.722694,CO,14,32,22
India,Karnataka,Vijayapura,"Ibrahimpur, Vijayapura - KSPCB",11-03-2026 15:00,16.802639,75.722694,OZONE,16,17,16
India,Karnataka,Yadgir,"Collector Office, Yadgir - KSPCB",11-03-2026 15:00,16.7602,77.1428,PM2.5,24,100,59
India,Karnataka,Yadgir,"Collector Office, Yadgir - KSPCB",11-03-2026 15:00,16.7602,77.1428,OZONE,17,20,18
India,Karnataka,Mangalore,"Kadri, Mangalore - KSPCB",11-03-2026 15:00,12.88925,74.853,PM2.5,54,86,69
India,Karnataka,Mangalore,"Kadri, Mangalore - KSPCB",11-03-2026 15:00,12.88925,74.853,NO2,10,15,12
India,Karnataka,Mangalore,"Kadri, Mangalore - KSPCB",11-03-2026 15:00,12.88925,74.853,OZONE,5,45,25
India,Karnataka,Mysuru,"Hebbal 1st Stage, Mysuru - KSPCB",11-03-2026 15:00,12.21041,76.37376,PM2.5,28,54,40
India,Karnataka,Mysuru,"Hebbal 1st Stage, Mysuru - KSPCB",11-03-2026 15:00,12.21041,76.37376,NH3,3,5,4
India,Karnataka,Ramanagara,"Vijay Nagar, Ramanagara - KSPCB",11-03-2026 15:00,12.733409,77.298051,SO2,1,10,5
India,Karnataka,Bengaluru,"Bapuji Nagar, Bengaluru - KSPCB",11-03-2026 15:00,12.951913,77.539784,SO2,9,23,14
India,Karnataka,Bengaluru,"Bapuji Nagar, Bengaluru - KSPCB",11-03-2026 15:00,12.951913,77.539784,CO,16,48,30
India,Karnataka,Bengaluru,"City Railway Station, Bengaluru - KSPCB",11-03-2026 15:00,12.9756843,77.5660749,CO,59,66,61
India,Karnataka,Bengaluru,"Hebbal, Bengaluru - KSPCB",11-03-2026 15:00,13.029152,77.585901,NH3,2,4,3
India,Karnataka,Bengaluru,"Hombegowda Nagar, Bengaluru - KSPCB",11-03-2026 15:00,12.938539,77.5901,PM10,56,113,77
India,Maharashtra,Aurangabad,"MIDC Chilkalthana, Aurangabad - MPCB",11-03-2026 15:00,19.87562,75.38731,PM2.5,33,170,78
India,Maharashtra,Aurangabad,"MIDC Chilkalthana, Aurangabad - MPCB",11-03-2026 15:00,19.87562,75.38731,PM10,54,215,115
India,Maharashtra,Aurangabad,"MIDC Chilkalthana, Aurangabad - MPCB",11-03-2026 15:00,19.87562,75.38731,NO2,10,377,69
India,Maharashtra,Aurangabad,"More Chowk Waluj, Aurangabad - MPCB",11-03-2026 15:00,19.8389439,75.244448,NO2,16,25,19
India,Maharashtra,Aurangabad,"Rachnakar Colony, Aurangabad - MPCB",11-03-2026 15:00,19.863756,75.321188,CO,20,90,27
India,Maharashtra,Badlapur,"Katrap, Badlapur - MPCB",11-03-2026 15:00,19.16485,73.23409,PM10,82,194,142
India,Maharashtra,Badlapur,"Katrap, Badlapur - MPCB",11-03-2026 15:00,19.16485,73.23409,SO2,1,17,7
India,Maharashtra,Badlapur,"Katrap, Badlapur - MPCB",11-03-2026 15:00,19.16485,73.23409,OZONE,7,103,56
India,Maharashtra,Beed,"Bir, Beed - MPCB",11-03-2026 15:00,18.988474,75.753873,NO2,14,119,38
India,Maharashtra,Beed,"Bir, Beed - MPCB",11-03-2026 15:00,18.988474,75.753873,NH3,4,7,5
India,Maharashtra,Beed,"Bir, Beed - MPCB",11-03-2026 15:00,18.988474,75.753873,OZONE,4,56,34
India,Madhya Pradesh,Gwalior,"Maharaj Bada, Gwalior - MPPCB",11-03-2026 15:00,26.200388,78.147714,NH3,4,10,6
India,Madhya Pradesh,Gwalior,"Maharaj Bada, Gwalior - MPPCB",11-03-2026 15:00,26.200388,78.147714,SO2,5,29,13
India,Madhya Pradesh,Gwalior,"Maharaj Bada, Gwalior - MPPCB",11-03-2026 15:00,26.200388,78.147714,CO,6,120,43
India,Madhya Pradesh,Indore,"Airport Area, Indore - IMC",11-03-2026 15:00,22.7289,75.8076,SO2,2,29,6
India,Madhya Pradesh,Indore,"Chhoti Gwaltoli, Indore - MPPCB",11-03-2026 15:00,22.431,75.5213,NH3,18,28,24
India,Madhya Pradesh,Indore,"Chhoti Gwaltoli, Indore - MPPCB",11-03-2026 15:00,22.431,75.5213,SO2,14,90,37
India,Madhya Pradesh,Indore,"Chhoti Gwaltoli, Indore - MPPCB",11-03-2026 15:00,22.431,75.5213,OZONE,1,67,48
India,Madhya Pradesh,Indore,"Maguda Nagar, Indore - IMC",11-03-2026 15:00,22.7524,75.8872,PM2.5,17,254,75
India,Madhya Pradesh,Indore,"Maguda Nagar, Indore - IMC",11-03-2026 15:00,22.7524,75.8872,PM10,14,135,58
India,Madhya Pradesh,Indore,"Maguda Nagar, Indore - IMC",11-03-2026 15:00,22.7524,75.8872,OZONE,10,13,12
India,Madhya Pradesh,Indore,"Regional Park, Indore - IMC",11-03-2026 15:00,22.678,75.8559,PM10,19,118,57
India,Maharashtra,Belapur,"CBD Belapur, Belapur - MPCB",11-03-2026 15:00,19.0243902,73.0406721,NH3,3,4,4
India,Maharashtra,Belapur,"CBD Belapur, Belapur - MPCB",11-03-2026 15:00,19.0243902,73.0406721,OZONE,1,109,23
India,Maharashtra,Bhiwandi,"Gokul Nagar, Bhiwandi - MPCB",11-03-2026 15:00,19.309073,73.057223,NO2,13,49,30
India,Maharashtra,Bhiwandi,"Gokul Nagar, Bhiwandi - MPCB",11-03-2026 15:00,19.309073,73.057223,OZONE,9,96,54
India,Maharashtra,Boisar,"Khaira, Boisar - MPCB",11-03-2026 15:00,19.786089,72.757971,PM10,83,150,112
India,Maharashtra,Chandrapur,"Chauhan Colony, Chandrapur - MPCB",11-03-2026 15:00,19.9629,79.298714,PM2.5,63,180,83
India,Maharashtra,Chandrapur,"Chauhan Colony, Chandrapur - MPCB",11-03-2026 15:00,19.9629,79.298714,CO,20,32,28
India,Madhya Pradesh,Indore,"Regional Park, Indore - IMC",11-03-2026 15:00,22.678,75.8559,SO2,14,18,16
India,Madhya Pradesh,Indore,"Residency Area, Indore - IMC",11-03-2026 15:00,22.7084,75.8815,PM10,14,161,58
India,Madhya Pradesh,Indore,"Residency Area, Indore - IMC",11-03-2026 15:00,22.7084,75.8815,NO2,10,38,31
India,Madhya Pradesh,Jabalpur,"Govindh Bhavan Colony, Jabalpur - JMC",11-03-2026 15:00,23.163174,79.973061,NO2,NA,NA,NA
India,Madhya Pradesh,Jabalpur,"Govindh Bhavan Colony, Jabalpur - JMC",11-03-2026 15:00,23.163174,79.973061,SO2,NA,NA,NA
India,Madhya Pradesh,Jabalpur,"Govindh Bhavan Colony, Jabalpur - JMC",11-03-2026 15:00,23.163174,79.973061,OZONE,NA,NA,NA
India,Madhya Pradesh,Jabalpur,"Gupteshwar, Jabalpur - JMC",11-03-2026 15:00,23.142888,79.916147,PM2.5,22,179,63
India,Madhya Pradesh,Ujjain,"Mahashweta Nagar, Ujjain - MPPCB",11-03-2026 15:00,23.1633321,75.800225,SO2,6,14,10
India,Maharashtra,Ahmednagar,"Tarakpur, Ahmednagar - MPCB",11-03-2026 15:00,19.10122,74.73339,CO,15,103,48
India,Maharashtra,Ahmednagar,"Tarakpur, Ahmednagar - MPCB",11-03-2026 15:00,19.10122,74.73339,OZONE,5,123,80
India,Maharashtra,Akola,"Ramdaspeth, Akola - MPCB",11-03-2026 15:00,20.719516,77.000253,SO2,10,36,19
India,Maharashtra,Amravati,"Shri Shivaji Science College, Amravati - MPCB",11-03-2026 15:00,20.939198,77.765701,NH3,2,7,3
India,Madhya Pradesh,Sagar,"Deen Dayal Nagar, Sagar - MPPCB",11-03-2026 15:00,23.8640158,78.80289321,PM2.5,14,92,33
India,Madhya Pradesh,Satna,"Bandhavgar Colony, Satna - Birla Cement",11-03-2026 15:00,24.58434363,80.8549414,PM10,69,72,70
India,Madhya Pradesh,Singrauli,"Suryakiran Bhawan NCL, Singrauli - MPPCB",11-03-2026 15:00,24.10897,82.64558,PM10,143,403,273
India,Madhya Pradesh,Singrauli,"Suryakiran Bhawan NCL, Singrauli - MPPCB",11-03-2026 15:00,24.10897,82.64558,NO2,33,158,92
India,Maharashtra,Dhule,"Deopur, Dhule - MPCB",11-03-2026 15:00,20.918946,74.776388,PM2.5,19,161,84
India,Maharashtra,Dhule,"Deopur, Dhule - MPCB",11-03-2026 15:00,20.918946,74.776388,PM10,14,248,87
India,Maharashtra,Dombivli,"Kalu Nagar, Dombivli - MPCB",11-03-2026 15:00,19.2268427,73.0788456,PM10,48,234,160
India,Maharashtra,Dombivli,"Kalu Nagar, Dombivli - MPCB",11-03-2026 15:00,19.2268427,73.0788456,NH3,7,20,13
India,Maharashtra,Jalgaon,"Prabhat Colony, Jalgaon - MPCB",11-03-2026 15:00,21.001264,75.565602,NO2,2,33,13
India,Madhya Pradesh,Jabalpur,"Suhagi, Jabalpur - JMC",11-03-2026 15:00,23.218135,79.95777,NH3,3,8,6
India,Madhya Pradesh,Jabalpur,"Suhagi, Jabalpur - JMC",11-03-2026 15:00,23.218135,79.95777,CO,16,126,29
India,Madhya Pradesh,Mandideep,"Sector-D Industrial Area, Mandideep - MPPCB",11-03-2026 15:00,23.10844,77.511428,PM10,81,500,293
India,Madhya Pradesh,Pithampur,"Sector-2 Industrial Area, Pithampur - MPPCB",11-03-2026 15:00,22.624758,75.675238,NH3,9,11,10
India,Madhya Pradesh,Sagar,"Civil Lines, Sagar - MPPCB",11-03-2026 15:00,23.838586,78.759431,SO2,6,15,9
India,Madhya Pradesh,Sagar,"Civil Lines, Sagar - MPPCB",11-03-2026 15:00,23.838586,78.759431,CO,16,44,23
India,Maharashtra,Jalna,"Old MIDC, Jalna - MPCB",11-03-2026 15:00,19.854616,75.905894,SO2,6,26,12
India,Maharashtra,Jalna,"Old MIDC, Jalna - MPCB",11-03-2026 15:00,19.854616,75.905894,CO,8,101,44
India,Maharashtra,Kalyan,"Khadakpada, Kalyan - MPCB",11-03-2026 15:00,19.25292,73.142019,OZONE,8,8,8
India,Maharashtra,Kalyan,"Pimpleshwar Mandir, Kalyan - MPCB",11-03-2026 15:00,19.192056,72.9585188,PM2.5,4,213,109
India,Maharashtra,Kalyan,"Pimpleshwar Mandir, Kalyan - MPCB",11-03-2026 15:00,19.192056,72.9585188,NH3,2,4,3
India,Maharashtra,Kolhapur,"Shivaji University, Kolhapur - MPCB",11-03-2026 15:00,16.6870449,74.2505872,PM2.5,69,136,91
India,Maharashtra,Kolhapur,"Shivaji University, Kolhapur - MPCB",11-03-2026 15:00,16.6870449,74.2505872,PM10,67,112,85
India,Maharashtra,Kolhapur,"Shivaji University, Kolhapur - MPCB",11-03-2026 15:00,16.6870449,74.2505872,NO2,16,52,30
India,Maharashtra,Kolhapur,"Sinchan Bhavan, Kolhapur - MPCB",11-03-2026 15:00,16.7143745,74.2426398,NH3,NA,NA,NA
India,Maharashtra,Mumbai,"Kurla, Mumbai - MPCB",11-03-2026 15:00,19.0863,72.8888,PM10,74,163,123
India,Maharashtra,Mumbai,"Kurla, Mumbai - MPCB",11-03-2026 15:00,19.0863,72.8888,NH3,2,2,2
India,Maharashtra,Mumbai,"Kurla, Mumbai - MPCB",11-03-2026 15:00,19.0863,72.8888,OZONE,27,29,28
India,Maharashtra,Mumbai,"Malad West, Mumbai - IITM",11-03-2026 15:00,19.19709,72.82204,PM10,106,177,137
India,Maharashtra,Mumbai,"Mazgaon, Mumbai - IITM",11-03-2026 15:00,18.96702,72.84214,NH3,NA,NA,NA
India,Maharashtra,Mumbai,"Mazgaon, Mumbai - IITM",11-03-2026 15:00,18.96702,72.84214,OZONE,38,80,78
India,Maharashtra,Mumbai,"Mindspace-Malad West, Mumbai - MPCB",11-03-2026 15:00,19.1878657,72.8304069,SO2,12,43,24
India,Maharashtra,Mumbai,"Mulund West, Mumbai - MPCB",11-03-2026 15:00,19.175,72.9419,PM2.5,36,150,80
India,Maharashtra,Mumbai,"Mulund West, Mumbai - MPCB",11-03-2026 15:00,19.175,72.9419,NH3,4,5,5
India,Maharashtra,Kolhapur,"Sinchan Bhavan, Kolhapur - MPCB",11-03-2026 15:00,16.7143745,74.2426398,CO,18,86,37
India,Maharashtra,Latur,"Sawe Wadi, Latur - MPCB",11-03-2026 15:00,18.39963,76.57452,PM2.5,10,91,65
India,Maharashtra,Mahad,"Kamble Tarf Birwadi, Mahad - MPCB",11-03-2026 15:00,18.1023399,73.4783687,PM2.5,91,317,169
India,Maharashtra,Mahad,"Kamble Tarf Birwadi, Mahad - MPCB",11-03-2026 15:00,18.1023399,73.4783687,NO2,26,93,37
India,Maharashtra,Malegaon,"Mahesh Nagar, Malegaon - MPCB",11-03-2026 15:00,20.555712,74.529236,SO2,NA,NA,NA
India,Maharashtra,Malegaon,"Mahesh Nagar, Malegaon - MPCB",11-03-2026 15:00,20.555712,74.529236,OZONE,23,114,88
India,Maharashtra,Mira-Bhayandar,"Bhayandar West, Mira-Bhayandar - MPCB",11-03-2026 15:00,19.296481,72.840923,OZONE,3,97,50
India,Maharashtra,Mumbai,"Deonar, Mumbai - IITM",11-03-2026 15:00,19.04946,72.923,NH3,12,22,17
India,Maharashtra,Mumbai,"Ghatkopar, Mumbai - BMC",11-03-2026 15:00,19.083694,72.920967,OZONE,4,245,10
India,Maharashtra,Mumbai,"Kandivali East, Mumbai - MPCB",11-03-2026 15:00,19.2058,72.8682,NO2,30,30,30
India,Maharashtra,Mumbai,"Kandivali East, Mumbai - MPCB",11-03-2026 15:00,19.2058,72.8682,CO,26,29,27
India,Maharashtra,Mumbai,"Kandivali East, Mumbai - MPCB",11-03-2026 15:00,19.2058,72.8682,OZONE,18,18,18
India,Maharashtra,Mumbai,"Kandivali West, Mumbai - BMC",11-03-2026 15:00,19.215859,72.831718,PM2.5,46,95,70
India,Maharashtra,Mumbai,"Kandivali West, Mumbai - BMC",11-03-2026 15:00,19.215859,72.831718,NO2,16,31,19
India,Maharashtra,Mumbai,"Kandivali West, Mumbai - BMC",11-03-2026 15:00,19.215859,72.831718,NH3,2,4,3
India,Maharashtra,Mumbai,"Kandivali West, Mumbai - BMC",11-03-2026 15:00,19.215859,72.831718,SO2,1,18,5
India,Maharashtra,Mumbai,"Navy Nagar-Colaba, Mumbai - IITM",11-03-2026 15:00,18.897756,72.81332,SO2,1,23,4
India,Maharashtra,Mumbai,"Siddharth Nagar-Worli, Mumbai - IITM",11-03-2026 15:00,19.000083,72.813993,NO2,46,92,69
India,Maharashtra,Mumbai,"Vile Parle West, Mumbai - MPCB",11-03-2026 15:00,19.10861,72.83622,PM2.5,44,99,61
India,Maharashtra,Mumbai,"Vile Parle West, Mumbai - MPCB",11-03-2026 15:00,19.10861,72.83622,NO2,11,11,11
India,Maharashtra,Mumbai,"Vile Parle West, Mumbai - MPCB",11-03-2026 15:00,19.10861,72.83622,SO2,48,52,50
India,Maharashtra,Mumbai,"Worli, Mumbai -MPCB",11-03-2026 15:00,18.994218,72.8158167,PM10,56,174,108
India,Maharashtra,Mumbai,"Bandra Kurla Complex, Mumbai - MPCB",11-03-2026 15:00,19.065931,72.862131,NH3,1,17,9
India,Maharashtra,Mumbai,"Bandra Kurla Complex, Mumbai - MPCB",11-03-2026 15:00,19.065931,72.862131,SO2,4,20,8
India,Maharashtra,Mumbai,"Borivali East, Mumbai - IITM",11-03-2026 15:00,19.23241,72.86895,PM2.5,79,172,111
India,Maharashtra,Mumbai,"Chakala-Andheri East, Mumbai - IITM",11-03-2026 15:00,19.11074,72.86084,PM2.5,80,185,122
India,Maharashtra,Mumbai,"Chakala-Andheri East, Mumbai - IITM",11-03-2026 15:00,19.11074,72.86084,NH3,10,24,14
India,Maharashtra,Mumbai,"Chakala-Andheri East, Mumbai - IITM",11-03-2026 15:00,19.11074,72.86084,OZONE,4,207,81
India,Maharashtra,Navi Mumbai,"Kopripada-Vashi, Navi Mumbai - MPCB",11-03-2026 15:00,19.090337,73.014232,SO2,9,18,13
India,Maharashtra,Navi Mumbai,"Mahape, Navi Mumbai - MPCB",11-03-2026 15:00,19.1135051,73.008978,NH3,NA,NA,NA
India,Maharashtra,Navi Mumbai,"Nerul, Navi Mumbai - MPCB",11-03-2026 15:00,19.008751,73.01662,PM2.5,70,253,138
India,Maharashtra,Navi Mumbai,"Sanpada, Navi Mumbai - MPCB",11-03-2026 15:00,19.0575752,73.0151367,PM2.5,84,285,150
India,Maharashtra,Nashik,"Gangapur Road, Nashik - MPCB",11-03-2026 15:00,20.0073285,73.7762427,OZONE,9,29,29
India,Maharashtra,Nashik,"Hirawadi, Nashik - MPCB",11-03-2026 15:00,20.021503,73.813844,CO,15,64,28
India,Maharashtra,Nashik,"Pandav Nagari, Nashik - MPCB",11-03-2026 15:00,19.9591346,73.7788008,PM2.5,NA,NA,NA
India,Maharashtra,Nashik,"Pandav Nagari, Nashik - MPCB",11-03-2026 15:00,19.9591346,73.7788008,PM10,NA,NA,NA
India,Maharashtra,Nashik,"Pandav Nagari, Nashik - MPCB",11-03-2026 15:00,19.9591346,73.7788008,OZONE,8,82,60
India,Maharashtra,Nagpur,"Opp GPO Civil Lines, Nagpur - MPCB",11-03-2026 15:00,21.152875,79.0517531,PM2.5,45,182,101
India,Maharashtra,Nagpur,"Opp GPO Civil Lines, Nagpur - MPCB",11-03-2026 15:00,21.152875,79.0517531,NH3,2,12,8
India,Maharashtra,Pune,"Savitribai Phule Pune University, Pune - MPCB",11-03-2026 15:00,18.547056,73.826908,CO,3,125,32
India,Maharashtra,Pune,"Transport Nagar-Nigdi, Pune - IITM",11-03-2026 15:00,18.664282,73.763966,PM2.5,25,154,87
India,Maharashtra,Pune,"Transport Nagar-Nigdi, Pune - IITM",11-03-2026 15:00,18.664282,73.763966,PM10,66,137,108
India,Maharashtra,Pune,"Transport Nagar-Nigdi, Pune - IITM",11-03-2026 15:00,18.664282,73.763966,NO2,18,125,63
India,Maharashtra,Sangli,"Vijay Nagar, Sangli - MPCB",11-03-2026 15:00,16.5038,74.3623,PM10,86,145,114
India,Maharashtra,Sangli,"Vijay Nagar, Sangli - MPCB",11-03-2026 15:00,16.5038,74.3623,CO,11,58,30
India,Maharashtra,Sangli,"Vijay Nagar, Sangli - MPCB",11-03-2026 15:00,16.5038,74.3623,OZONE,13,55,43
India,Maharashtra,Solapur,"Dnyaneshwar Nagar, Solapur - MPCB",11-03-2026 15:00,17.6336264,75.9132495,PM10,89,109,101
India,Maharashtra,Solapur,"Ratandeep Housing Society, Solapur - MPCB",11-03-2026 15:00,17.65439,75.90649,PM10,75,112,97
India,Maharashtra,Solapur,"Ratandeep Housing Society, Solapur - MPCB",11-03-2026 15:00,17.65439,75.90649,NO2,7,55,23
India,Maharashtra,Solapur,"Ratandeep Housing Society, Solapur - MPCB",11-03-2026 15:00,17.65439,75.90649,OZONE,20,51,27
India,Maharashtra,Thane,"Kasarvadavali, Thane - MPCB",11-03-2026 15:00,19.26777,72.97182,NO2,41,150,85
India,Odisha,Byasanagar,"Ferro Chrome Colony, Byasanagar - OSPCB",11-03-2026 15:00,20.94185,86.1151,SO2,1,21,6
India,Odisha,Byasanagar,"Ferro Chrome Colony, Byasanagar - OSPCB",11-03-2026 15:00,20.94185,86.1151,OZONE,10,166,166
India,Odisha,Cuttack,"CDA Area, Cuttack - OSPCB",11-03-2026 15:00,20.48891,85.84768,NO2,9,24,16
India,Odisha,Keonjhar,"Jagamohanpur, Keonjhar - OSPCB",11-03-2026 15:00,21.6439,85.599355,SO2,8,31,13
India,Odisha,Keonjhar,"Jagamohanpur, Keonjhar - OSPCB",11-03-2026 15:00,21.6439,85.599355,OZONE,2,50,31
India,Odisha,Nayagarh,"Dabuna, Nayagarh - OSPCB",11-03-2026 15:00,21.847279,85.416905,PM2.5,40,80,63
India,Odisha,Nayagarh,"Dabuna, Nayagarh - OSPCB",11-03-2026 15:00,21.847279,85.416905,NO2,7,8,8
India,Odisha,Rourkela,"Fertilizer Township, Rourkela - OSPCB",11-03-2026 15:00,22.18972222,84.86277778,PM10,85,88,87
India,Odisha,Rourkela,"Raghunathpali, Rourkela - OSPCB",11-03-2026 15:00,22.220833,84.809444,PM10,20,339,128
India,Mizoram,Aizawl,"Sikulpuikawn, Aizawl - Mizoram PCB",11-03-2026 15:00,23.7176342,92.7192841,OZONE,1,50,11
India,Nagaland,Kohima,"PWD Junction, Kohima - NPCB",11-03-2026 15:00,25.6635413,94.0989878,SO2,13,22,17
India,Odisha,Angul,"Hakimapada, Angul - OSPCB",11-03-2026 15:00,20.832874,85.104082,PM2.5,45,298,106
India,Odisha,Angul,"Hakimapada, Angul - OSPCB",11-03-2026 15:00,20.832874,85.104082,NO2,7,59,24
India,Odisha,Angul,"Hakimapada, Angul - OSPCB",11-03-2026 15:00,20.832874,85.104082,SO2,9,106,29
India,Odisha,Angul,"Hakimapada, Angul - OSPCB",11-03-2026 15:00,20.832874,85.104082,OZONE,6,233,233
India,Odisha,Balasore,"Kalidaspur, Balasore - OSPCB",11-03-2026 15:00,21.51161,86.89088,NH3,2,3,2
India,Odisha,Balasore,"Kalidaspur, Balasore - OSPCB",11-03-2026 15:00,21.51161,86.89088,OZONE,67,220,145
India,Odisha,Barbil,"Forest Office, Barbil - OSPCB",11-03-2026 15:00,22.1166054,85.3945546,OZONE,2,165,87
India,Maharashtra,Ulhasnagar,"Sidhi Vinayak Nagar, Ulhasnagar - MPCB",11-03-2026 15:00,19.235581,73.159121,PM10,84,223,155
India,Maharashtra,Ulhasnagar,"Sidhi Vinayak Nagar, Ulhasnagar - MPCB",11-03-2026 15:00,19.235581,73.159121,NH3,4,9,6
India,Maharashtra,Ulhasnagar,"Vithalwadi, Ulhasnagar - MPCB",11-03-2026 15:00,19.2307571,73.155192,PM2.5,NA,NA,NA
India,Maharashtra,Ulhasnagar,"Vithalwadi, Ulhasnagar - MPCB",11-03-2026 15:00,19.2307571,73.155192,NO2,NA,NA,NA
India,Maharashtra,Ulhasnagar,"Vithalwadi, Ulhasnagar - MPCB",11-03-2026 15:00,19.2307571,73.155192,NH3,NA,NA,NA
India,Meghalaya,Shillong,"Lumpyngngad, Shillong - Meghalaya PCB",11-03-2026 15:00,25.5586,91.8985,SO2,12,14,13
India,Meghalaya,Shillong,"Lumpyngngad, Shillong - Meghalaya PCB",11-03-2026 15:00,25.5586,91.8985,CO,10,40,28
India,Maharashtra,Pune,"Bhumkar Nagar, Pune - IITM",11-03-2026 15:00,18.60577,73.749976,CO,22,140,76
India,Maharashtra,Pune,"Hadapsar, Pune - IITM",11-03-2026 15:00,18.501793,73.927532,CO,1,125,80
India,Maharashtra,Pune,"Hadapsar, Pune - IITM",11-03-2026 15:00,18.501793,73.927532,OZONE,1,72,35
India,Maharashtra,Pune,"Katraj Dairy, Pune - MPCB",11-03-2026 15:00,18.45445,73.854155,NO2,NA,NA,NA
India,Maharashtra,Pune,"Panchawati_Pashan, Pune - IITM",11-03-2026 15:00,18.536457,73.805454,PM2.5,26,186,99
India,Maharashtra,Navi Mumbai,"Sector-2E Kalamboli, Navi Mumbai - MPCB",11-03-2026 15:00,19.02579,73.10297,NO2,12,65,31
India,Maharashtra,Parbhani,"Masoom Colony, Parbhani - MPCB",11-03-2026 15:00,19.265594,76.761463,NO2,42,98,63
India,Maharashtra,Pimpri-Chinchwad,"Gavalinagar, Pimpri Chinchwad - MPCB",11-03-2026 15:00,18.63673,73.82487,PM10,102,164,132
India,Maharashtra,Pimpri-Chinchwad,"Gavalinagar, Pimpri Chinchwad - MPCB",11-03-2026 15:00,18.63673,73.82487,SO2,2,8,4
India,Odisha,Bhubaneswar,"Lingraj Mandir, Bhubaneswar - OSPCB",11-03-2026 15:00,20.24079,85.836784,SO2,1,8,4
India,Odisha,Bhubaneswar,"Patia, Bhubaneswar - OSPCB",11-03-2026 15:00,20.34652,85.8163,SO2,6,10,8
India,Odisha,Brajrajnagar,"GM Office, Brajrajnagar - OSPCB",11-03-2026 15:00,21.8004996,83.8396977,SO2,1,22,18
India,Odisha,Byasanagar,"Ferro Chrome Colony, Byasanagar - OSPCB",11-03-2026 15:00,20.94185,86.1151,NO2,7,18,11
India,Maharashtra,Pimpri-Chinchwad,"Thergaon, Pimpri Chinchwad - MPCB",11-03-2026 15:00,18.616318,73.765797,NO2,37,136,80
India,Maharashtra,Pimpri-Chinchwad,"Thergaon, Pimpri Chinchwad - MPCB",11-03-2026 15:00,18.616318,73.765797,NH3,6,13,10
India,Maharashtra,Pune,"Bhosari, Pune - IITM",11-03-2026 15:00,18.640051,73.848956,PM10,57,145,111
India,Maharashtra,Pimpri-Chinchwad,"Savta Mali Nagar, Pimpri-Chinchwad - IITM",11-03-2026 15:00,18.614767,73.799516,NO2,26,161,82
India,Maharashtra,Pimpri-Chinchwad,"Savta Mali Nagar, Pimpri-Chinchwad - IITM",11-03-2026 15:00,18.614767,73.799516,CO,22,89,43
India,Odisha,Rourkela,"Sector-2, Rourkela - OSPCB",11-03-2026 15:00,22.245,84.88111111,PM2.5,49,49,49
India,Odisha,Rourkela,"Sector-2, Rourkela - OSPCB",11-03-2026 15:00,22.245,84.88111111,PM10,59,59,59
India,Odisha,Suakati,"OMC Colony, Suakati - OSPCB",11-03-2026 15:00,21.606865,85.510538,NO2,15,15,15
India,Odisha,Suakati,"OMC Colony, Suakati - OSPCB",11-03-2026 15:00,21.606865,85.510538,SO2,3,10,6
India,Odisha,Talcher,"Talcher Coalfields,Talcher - OSPCB",11-03-2026 15:00,20.9360711,85.1707021,PM10,5,176,80
India,Odisha,Talcher,"Talcher Coalfields,Talcher - OSPCB",11-03-2026 15:00,20.9360711,85.1707021,NO2,23,53,36
India,Odisha,Talcher,"Talcher Coalfields,Talcher - OSPCB",11-03-2026 15:00,20.9360711,85.1707021,OZONE,27,80,57
India,Odisha,Tensa,"Barsua Iron Ore Mines, Tensa - OSPCB",11-03-2026 15:00,21.869985,85.167016,PM10,96,135,112
India,Odisha,Tensa,"Barsua Iron Ore Mines, Tensa - OSPCB",11-03-2026 15:00,21.869985,85.167016,OZONE,5,20,11
India,Puducherry,Puducherry,"Jawahar Nagar, Puducherry - PPCC",11-03-2026 15:00,11.9309,79.8027,PM10,28,54,39
India,Puducherry,Puducherry,"Jawahar Nagar, Puducherry - PPCC",11-03-2026 15:00,11.9309,79.8027,NO2,6,29,15
India,Puducherry,Puducherry,"Jawahar Nagar, Puducherry - PPCC",11-03-2026 15:00,11.9309,79.8027,NH3,2,4,3
India,Rajasthan,Jodhpur,"Collectorate, Jodhpur - RSPCB",11-03-2026 15:00,26.268249,73.0193853,SO2,1,12,6
India,Rajasthan,Jodhpur,"Digari Kalan, Jodhpur - RSPCB",11-03-2026 15:00,26.29581,73.082283,CO,12,107,33
India,Rajasthan,Jodhpur,"Digari Kalan, Jodhpur - RSPCB",11-03-2026 15:00,26.29581,73.082283,OZONE,1,164,96
India,Rajasthan,Jodhpur,"Jhalamand, Jodhpur - RSPCB",11-03-2026 15:00,26.215415,73.070156,NO2,6,97,40
India,Rajasthan,Jodhpur,"Mandor, Jodhpur - RSPCB",11-03-2026 15:00,26.358805,73.047444,NO2,8,120,49
India,Rajasthan,Jodhpur,"Mandor, Jodhpur - RSPCB",11-03-2026 15:00,26.358805,73.047444,SO2,4,12,7
India,Rajasthan,Jodhpur,"Mandor, Jodhpur - RSPCB",11-03-2026 15:00,26.358805,73.047444,CO,16,84,39
India,Rajasthan,Jodhpur,"Samrat Ashok Udhyan, Jodhpur - RSPCB",11-03-2026 15:00,26.253384,72.976571,NH3,5,10,7
India,Rajasthan,Jodhpur,"Samrat Ashok Udhyan, Jodhpur - RSPCB",11-03-2026 15:00,26.253384,72.976571,SO2,4,66,12
India,Rajasthan,Jodhpur,"Samrat Ashok Udhyan, Jodhpur - RSPCB",11-03-2026 15:00,26.253384,72.976571,CO,2,121,19
India,Rajasthan,Banswara,"Rati Talai, Banswara - RSPCB",11-03-2026 15:00,23.55519,74.44001,NO2,12,122,52
India,Rajasthan,Baran,"Bamboliya, Baran - RSPCB",11-03-2026 15:00,25.106006,76.469948,NO2,6,104,40
India,Rajasthan,Baran,"Bamboliya, Baran - RSPCB",11-03-2026 15:00,25.106006,76.469948,CO,6,64,18
India,Rajasthan,Barmer,"Railway Colony, Barmer - RSPCB",11-03-2026 15:00,25.747299,71.393989,SO2,5,15,9
India,Rajasthan,Barmer,"Railway Colony, Barmer - RSPCB",11-03-2026 15:00,25.747299,71.393989,CO,12,53,21
India,Rajasthan,Bharatpur,"Krishna Nagar, Bharatpur - RSPCB",11-03-2026 15:00,27.215415,77.50873,PM10,77,186,123
India,Rajasthan,Bharatpur,"Krishna Nagar, Bharatpur - RSPCB",11-03-2026 15:00,27.215415,77.50873,SO2,3,27,12
India,Rajasthan,Bhilwara,"Pratap Nagar, Bhilwara - RSPCB",11-03-2026 15:00,25.339605,74.618883,CO,6,115,15
India,Rajasthan,Churu,"Subash Chowk, Churu - RSPCB",11-03-2026 15:00,28.296139,74.961696,NH3,3,7,5
India,Rajasthan,Churu,"Subash Chowk, Churu - RSPCB",11-03-2026 15:00,28.296139,74.961696,SO2,5,8,6
India,Rajasthan,Dausa,"Khatikan Mohalla, Dausa - RSPCB",11-03-2026 15:00,26.895552,76.334753,PM2.5,23,293,89
India,Rajasthan,Dausa,"Khatikan Mohalla, Dausa - RSPCB",11-03-2026 15:00,26.895552,76.334753,OZONE,5,135,92
India,Rajasthan,Dungarpur,"Bhoiwada, Dungarpur - RSPCB",11-03-2026 15:00,23.837789,73.714926,NH3,11,18,13
India,Rajasthan,Dungarpur,"Bhoiwada, Dungarpur - RSPCB",11-03-2026 15:00,23.837789,73.714926,OZONE,14,69,51
India,Rajasthan,Hanumangarh,"Housing Board, Hanumangarh - RSPCB",11-03-2026 15:00,29.61075,74.283608,PM10,74,241,148
India,Rajasthan,Hanumangarh,"Housing Board, Hanumangarh - RSPCB",11-03-2026 15:00,29.61075,74.283608,SO2,38,55,42
India,Rajasthan,Bhiwadi,"RIICO Ind. Area III, Bhiwadi - RSPCB",11-03-2026 15:00,28.194909,76.862296,NO2,23,89,53
India,Rajasthan,Bhiwadi,"RIICO Ind. Area III, Bhiwadi - RSPCB",11-03-2026 15:00,28.194909,76.862296,OZONE,8,73,40
India,Rajasthan,Bhiwadi,"Vasundhara Nagar_UIT, Bhiwadi - RSPCB",11-03-2026 15:00,28.207266,76.829265,NO2,13,167,61
India,Rajasthan,Bhiwadi,"Vasundhara Nagar_UIT, Bhiwadi - RSPCB",11-03-2026 15:00,28.207266,76.829265,OZONE,4,124,76
India,Rajasthan,Chittorgarh,"Shastri Nagar, Chittorgarh - RSPCB",11-03-2026 15:00,24.892047,74.623527,PM10,32,401,103
India,Rajasthan,Chittorgarh,"Shastri Nagar, Chittorgarh - RSPCB",11-03-2026 15:00,24.892047,74.623527,NH3,6,19,12
India,Rajasthan,Chittorgarh,"Shastri Nagar, Chittorgarh - RSPCB",11-03-2026 15:00,24.892047,74.623527,CO,3,44,15
India,Rajasthan,Chittorgarh,"Shastri Nagar, Chittorgarh - RSPCB",11-03-2026 15:00,24.892047,74.623527,OZONE,1,160,160
India,Rajasthan,Jaipur,"Adarsh Nagar, Jaipur - RSPCB",11-03-2026 15:00,26.902909,75.836858,PM10,49,119,94
India,Rajasthan,Jaipur,"Adarsh Nagar, Jaipur - RSPCB",11-03-2026 15:00,26.902909,75.836858,NH3,7,27,16
India,Rajasthan,Jaipur,"Mansarovar Sector-12, Jaipur - RSPCB",11-03-2026 15:00,26.843698,75.766894,PM10,47,411,188
India,Rajasthan,Jaipur,"Police Commissionerate, Jaipur - RSPCB",11-03-2026 15:00,26.9164092,75.7994901,PM10,54,178,122
India,Rajasthan,Jaipur,"Police Commissionerate, Jaipur - RSPCB",11-03-2026 15:00,26.9164092,75.7994901,NO2,2,300,51
India,Rajasthan,Jaipur,"Sector-2 Murlipura, Jaipur - RSPCB",11-03-2026 15:00,26.960669,75.771817,CO,84,117,97
India,Rajasthan,Jalore,"Mudtra Sili, Jalore - RSPCB",11-03-2026 15:00,25.344694,72.626208,PM2.5,38,113,61
India,Rajasthan,Jalore,"Mudtra Sili, Jalore - RSPCB",11-03-2026 15:00,25.344694,72.626208,OZONE,3,141,91
India,Rajasthan,Jhalawar,"Rajlaxmi Nagar, Jhalawar - RSPCB",11-03-2026 15:00,24.588397,76.172782,CO,20,110,30
India,Rajasthan,Jhalawar,"Rajlaxmi Nagar, Jhalawar - RSPCB",11-03-2026 15:00,24.588397,76.172782,OZONE,7,130,88
India,Rajasthan,Jodhpur,"Collectorate, Jodhpur - RSPCB",11-03-2026 15:00,26.268249,73.0193853,PM2.5,25,89,54
India,Rajasthan,Jodhpur,"Collectorate, Jodhpur - RSPCB",11-03-2026 15:00,26.268249,73.0193853,NO2,18,52,32
India,Punjab,Amritsar,"Golden Temple, Amritsar - PPCB",11-03-2026 15:00,31.62,74.876512,PM10,65,120,91
India,Punjab,Jalandhar,"Civil Line, Jalandhar - PPCB",11-03-2026 15:00,31.321907,75.578914,NH3,3,3,3
India,Punjab,Jalandhar,"Civil Line, Jalandhar - PPCB",11-03-2026 15:00,31.321907,75.578914,SO2,14,15,15
India,Punjab,Ludhiana,"Punjab Agricultural University, Ludhiana - PPCB",11-03-2026 15:00,30.9028,75.8086,NH3,7,9,8
India,Punjab,Ludhiana,"Punjab Agricultural University, Ludhiana - PPCB",11-03-2026 15:00,30.9028,75.8086,OZONE,30,47,38
India,Punjab,Patiala,"Model Town, Patiala - PPCB",11-03-2026 15:00,30.349388,76.366642,PM2.5,64,94,81
India,Rajasthan,Ajmer,"Civil Lines,  Ajmer - RSPCB",11-03-2026 15:00,26.470859,74.646594,PM10,56,163,106
India,Rajasthan,Ajmer,"Civil Lines,  Ajmer - RSPCB",11-03-2026 15:00,26.470859,74.646594,NH3,3,5,4
India,Rajasthan,Alwar,"Moti Doongri, Alwar - RSPCB",11-03-2026 15:00,27.554793,76.611536,PM10,78,154,108
India,TamilNadu,Chennai,"Perungudi, Chennai - TNPCB",11-03-2026 15:00,12.9533,80.2357,NO2,3,10,6
India,TamilNadu,Chennai,"Royapuram, Chennai - TNPCB",11-03-2026 15:00,13.1036,80.2909,NH3,1,4,1
India,TamilNadu,Chennai,"Royapuram, Chennai - TNPCB",11-03-2026 15:00,13.1036,80.2909,OZONE,16,18,17
India,TamilNadu,Chennai,"Velachery Res. Area, Chennai - CPCB",11-03-2026 15:00,13.0052189,80.2398125,NO2,12,18,12
India,TamilNadu,Coimbatore,"SIDCO Kurichi, Coimbatore - TNPCB",11-03-2026 15:00,10.942451,76.978996,OZONE,20,24,21
India,TamilNadu,Gummidipoondi,"Anthoni Pillai Nagar, Gummidipoondi - TNPCB",11-03-2026 15:00,13.4127,80.1081,PM10,51,362,123
India,TamilNadu,Perundurai,"SIPCOT Industrial Park, Perundurai - TNPCB",11-03-2026 15:00,11.258242,77.552761,PM10,32,83,49
India,TamilNadu,Perundurai,"SIPCOT Industrial Park, Perundurai - TNPCB",11-03-2026 15:00,11.258242,77.552761,OZONE,2,32,26
India,TamilNadu,Thoothukudi,"Meelavittan, Thoothukudi - TNPCB",11-03-2026 15:00,8.816428,78.099039,OZONE,27,35,31
India,Telangana,Hyderabad,"Central University, Hyderabad - TSPCB",11-03-2026 15:00,17.460103,78.334361,OZONE,14,16,14
India,Telangana,Hyderabad,"ICRISAT Patancheru, Hyderabad - TSPCB",11-03-2026 15:00,17.5184,78.278777,CO,4,60,25
India,Telangana,Hyderabad,"IDA Pashamylaram, Hyderabad - TSPCB",11-03-2026 15:00,17.5316895,78.218939,CO,4,58,24
India,Rajasthan,Karauli,"Satyawati Vihar, Karauli - RSPCB",11-03-2026 15:00,26.506177,77.025989,CO,1,78,24
India,Rajasthan,Kota,"Dhanmandi, Kota - RSPCB",11-03-2026 15:00,25.16409,75.858137,PM2.5,7,391,128
India,Rajasthan,Kota,"Dhanmandi, Kota - RSPCB",11-03-2026 15:00,25.16409,75.858137,NH3,7,15,9
India,Rajasthan,Kota,"Shrinath Puram, Kota - RSPCB",11-03-2026 15:00,25.14389,75.821256,PM2.5,78,249,132
India,Rajasthan,Kota,"Shrinath Puram, Kota - RSPCB",11-03-2026 15:00,25.14389,75.821256,SO2,4,117,24
India,Rajasthan,Nagaur,"Karni Colony, Nagaur - RSPCB",11-03-2026 15:00,27.213494,73.734444,NH3,7,11,10
India,Rajasthan,Rajsamand,"Dhoinda, Rajsamand - RSPCB",11-03-2026 15:00,25.03636,73.883502,OZONE,4,131,85
India,Rajasthan,Sawai Madhopur,"Sahu Nagar, Sawai Madhopur - RSPCB",11-03-2026 15:00,26.031443,76.359327,NH3,6,15,8
India,Rajasthan,Sawai Madhopur,"Sahu Nagar, Sawai Madhopur - RSPCB",11-03-2026 15:00,26.031443,76.359327,CO,4,117,29
India,Rajasthan,Sirohi,"Vedhaynath Colony, Sirohi - RSPCB",11-03-2026 15:00,24.885261,72.857549,PM2.5,28,140,63
India,Rajasthan,Sirohi,"Vedhaynath Colony, Sirohi - RSPCB",11-03-2026 15:00,24.885261,72.857549,PM10,55,191,100
India,Rajasthan,Sirohi,"Vedhaynath Colony, Sirohi - RSPCB",11-03-2026 15:00,24.885261,72.857549,NO2,7,101,50
India,Rajasthan,Nagaur,"Karni Colony, Nagaur - RSPCB",11-03-2026 15:00,27.213494,73.734444,OZONE,45,320,123
India,Rajasthan,Pali,"Indira Colony Vistar, Pali - RSPCB",11-03-2026 15:00,25.771061,73.340227,OZONE,8,106,60
India,Rajasthan,Pratapgarh,"Pragati Nagar, Pratapgarh - RSPCB",11-03-2026 15:00,24.041198,74.780702,NO2,9,45,22
India,Rajasthan,Pratapgarh,"Pragati Nagar, Pratapgarh - RSPCB",11-03-2026 15:00,24.041198,74.780702,NH3,4,6,5
India,Rajasthan,Rajsamand,"Dhoinda, Rajsamand - RSPCB",11-03-2026 15:00,25.03636,73.883502,PM10,24,215,92
India,Rajasthan,Tonk,"Shastri Nagar, Tonk - RSPCB",11-03-2026 15:00,26.159933,75.780517,PM2.5,32,213,89
India,Rajasthan,Tonk,"Shastri Nagar, Tonk - RSPCB",11-03-2026 15:00,26.159933,75.780517,NO2,6,99,32
India,Sikkim,Gangtok,"Zero Point GICI, Gangtok - SSPCB",11-03-2026 15:00,27.33853,88.614099,NO2,6,7,6
India,Sikkim,Gangtok,"Zero Point GICI, Gangtok - SSPCB",11-03-2026 15:00,27.33853,88.614099,NH3,1,1,1
India,TamilNadu,Chennai,"Arumbakkam, Chennai - TNPCB",11-03-2026 15:00,13.0664,80.2112,NO2,10,22,14
India,Telangana,Hyderabad,"IDA Pashamylaram, Hyderabad - TSPCB",11-03-2026 15:00,17.5316895,78.218939,OZONE,16,19,18
India,Telangana,Hyderabad,"IITH Kandi, Hyderabad - TSPCB",11-03-2026 15:00,17.585705,78.126199,NO2,13,19,16
India,Telangana,Hyderabad,"IITH Kandi, Hyderabad - TSPCB",11-03-2026 15:00,17.585705,78.126199,NH3,5,7,6
India,Telangana,Hyderabad,"IITH Kandi, Hyderabad - TSPCB",11-03-2026 15:00,17.585705,78.126199,OZONE,15,34,25
India,Telangana,Hyderabad,"Kokapet, Hyderabad - TSPCB",11-03-2026 15:00,17.393559,78.339194,SO2,13,18,15
India,TamilNadu,Chennai,"Manali Village, Chennai - TNPCB",11-03-2026 15:00,13.1662,80.2584,NO2,3,6,5
India,TamilNadu,Chennai,"Manali, Chennai - CPCB",11-03-2026 15:00,13.164544,80.26285,NH3,6,7,7
India,TamilNadu,Chennai,"Manali, Chennai - CPCB",11-03-2026 15:00,13.164544,80.26285,CO,11,55,28
India,TamilNadu,Chennai,"Arumbakkam, Chennai - TNPCB",11-03-2026 15:00,13.0664,80.2112,NH3,2,3,2
India,TamilNadu,Chennai,"Kodungaiyur, Chennai - TNPCB",11-03-2026 15:00,13.1278,80.2642,CO,46,66,52
India,Uttar_Pradesh,Bareilly,"Rajendra Nagar, Bareilly - UPPCB",11-03-2026 15:00,28.38910936,79.42963708,SO2,39,44,41
India,Uttar_Pradesh,Bulandshahr,"Yamunapuram, Bulandshahr - UPPCB",11-03-2026 15:00,28.406963,77.849831,NH3,9,19,15
India,Uttar_Pradesh,Firozabad,"Nagla Bhau, Firozabad - UPPCB",11-03-2026 15:00,27.168897,78.37696,PM2.5,36,313,115
India,Uttar_Pradesh,Firozabad,"Vibhab Nagar, Firozabad - UPPCB",11-03-2026 15:00,27.1594,78.3953,NO2,15,15,15
India,Uttar_Pradesh,Firozabad,"Vibhab Nagar, Firozabad - UPPCB",11-03-2026 15:00,27.1594,78.3953,CO,6,8,8
India,Uttar_Pradesh,Ghaziabad,"Indirapuram, Ghaziabad - UPPCB",11-03-2026 15:00,28.646233,77.358075,PM10,147,428,272
India,Uttar_Pradesh,Ghaziabad,"Indirapuram, Ghaziabad - UPPCB",11-03-2026 15:00,28.646233,77.358075,NO2,21,169,102
India,Uttar_Pradesh,Ghaziabad,"Indirapuram, Ghaziabad - UPPCB",11-03-2026 15:00,28.646233,77.358075,OZONE,19,160,89
India,Uttar_Pradesh,Ghaziabad,"Loni, Ghaziabad - UPPCB",11-03-2026 15:00,28.757294,77.278792,PM2.5,92,405,306
India,Uttar_Pradesh,Lucknow,"Lalbagh, Lucknow - CPCB",11-03-2026 15:00,26.8458805,80.9365541,PM2.5,87,293,180
India,Uttar_Pradesh,Lucknow,"Lalbagh, Lucknow - CPCB",11-03-2026 15:00,26.8458805,80.9365541,PM10,148,220,183
India,Uttar_Pradesh,Lucknow,"Talkatora District Industries Center, Lucknow - CPCB",11-03-2026 15:00,26.83399722,80.8917361,CO,2,87,35
India,Uttar_Pradesh,Meerut,"Ganga Nagar, Meerut - UPPCB",11-03-2026 15:00,28.999264,77.7590354,PM2.5,46,336,249
India,Uttar_Pradesh,Meerut,"Ganga Nagar, Meerut - UPPCB",11-03-2026 15:00,28.999264,77.7590354,SO2,18,29,24
India,Uttar_Pradesh,Meerut,"Jai Bhim Nagar, Meerut - UPPCB",11-03-2026 15:00,28.9535882,77.7622941,PM2.5,49,342,248
India,Uttar_Pradesh,Meerut,"Pallavpuram Phase 2, Meerut - UPPCB",11-03-2026 15:00,29.06351,77.709723,PM10,96,398,257
India,Uttar_Pradesh,Meerut,"Pallavpuram Phase 2, Meerut - UPPCB",11-03-2026 15:00,29.06351,77.709723,OZONE,8,162,162
India,Uttar_Pradesh,Moradabad,"Eco Herbal Park, Moradabad - UPPCB",11-03-2026 15:00,28.840739,78.697531,PM2.5,94,309,222
India,Uttar_Pradesh,Moradabad,"Employment Office, Moradabad - UPPCB",11-03-2026 15:00,28.88528,78.7388,PM10,120,204,159
India,Uttar_Pradesh,Moradabad,"Employment Office, Moradabad - UPPCB",11-03-2026 15:00,28.88528,78.7388,CO,35,72,54
India,Uttar_Pradesh,Moradabad,"Jigar Colony, Moradabad - UPPCB",11-03-2026 15:00,28.856664,78.772638,PM10,72,164,130
India,Uttar_Pradesh,Moradabad,"Jigar Colony, Moradabad - UPPCB",11-03-2026 15:00,28.856664,78.772638,OZONE,17,22,18
India,Uttar_Pradesh,Moradabad,"Kashiram Nagar, Moradabad - UPPCB",11-03-2026 15:00,28.849399,78.742362,PM2.5,79,218,133
India,Uttar_Pradesh,Moradabad,"Kashiram Nagar, Moradabad - UPPCB",11-03-2026 15:00,28.849399,78.742362,NO2,24,25,25
India,Uttar_Pradesh,Moradabad,"Kashiram Nagar, Moradabad - UPPCB",11-03-2026 15:00,28.849399,78.742362,NH3,4,4,4
India,Uttar_Pradesh,Moradabad,"Kashiram Nagar, Moradabad - UPPCB",11-03-2026 15:00,28.849399,78.742362,SO2,111,139,122
India,Uttar_Pradesh,Hapur,"Anand Vihar, Hapur - UPPCB",11-03-2026 15:00,28.725645,77.749675,NO2,5,54,23
India,Uttar_Pradesh,Hapur,"Anand Vihar, Hapur - UPPCB",11-03-2026 15:00,28.725645,77.749675,SO2,19,121,54
India,Uttar_Pradesh,Kanpur,"FTI Kidwai Nagar, Kanpur - UPPCB",11-03-2026 15:00,26.428282,80.327067,PM2.5,58,261,147
India,Uttar_Pradesh,Kanpur,"FTI Kidwai Nagar, Kanpur - UPPCB",11-03-2026 15:00,26.428282,80.327067,CO,34,45,38
India,Uttar_Pradesh,Kanpur,"NSI Kalyanpur, Kanpur - UPPCB",11-03-2026 15:00,26.509954,80.249612,PM2.5,62,223,142
India,Uttar_Pradesh,Kanpur,"NSI Kalyanpur, Kanpur - UPPCB",11-03-2026 15:00,26.509954,80.249612,OZONE,15,18,16
India,Uttar_Pradesh,Kanpur,"Nehru Nagar, Kanpur - UPPCB",11-03-2026 15:00,26.4703136,80.3229863,CO,40,95,58
India,Uttar_Pradesh,Khurja,"Kalindi Kunj, Khurja - UPPCB",11-03-2026 15:00,28.2348927,77.8683002,NH3,1,1,1
India,Uttar_Pradesh,Ghaziabad,"Sanjay Nagar, Ghaziabad - UPPCB",11-03-2026 15:00,28.685382,77.453839,PM10,156,315,225
India,Uttar_Pradesh,Ghaziabad,"Sanjay Nagar, Ghaziabad - UPPCB",11-03-2026 15:00,28.685382,77.453839,SO2,12,36,18
India,Uttar_Pradesh,Ghaziabad,"Vasundhara, Ghaziabad - UPPCB",11-03-2026 15:00,28.6603346,77.3572563,PM10,148,417,252
India,Uttar_Pradesh,Gorakhpur,"Madan Mohan Malaviya University of Technology, Gorakhpur - UPPCB",11-03-2026 15:00,26.730136,83.433859,PM2.5,68,112,83
India,Uttar_Pradesh,Greater Noida,"Knowledge Park - III, Greater Noida - UPPCB",11-03-2026 15:00,28.47272,77.482,NH3,11,24,14
India,Uttar_Pradesh,Greater Noida,"Knowledge Park - V, Greater Noida - UPPCB",11-03-2026 15:00,28.557054,77.453663,PM2.5,93,389,311
India,Telangana,Hyderabad,"Kompally Municipal Office, Hyderabad - TSPCB",11-03-2026 15:00,17.544899,78.486949,NH3,3,4,4
India,Telangana,Hyderabad,"Nacharam_TSIIC IALA, Hyderabad - TSPCB",11-03-2026 15:00,17.429398,78.569354,PM2.5,48,69,53
India,Telangana,Hyderabad,"Nacharam_TSIIC IALA, Hyderabad - TSPCB",11-03-2026 15:00,17.429398,78.569354,NO2,15,20,16
India,Telangana,Hyderabad,"Nacharam_TSIIC IALA, Hyderabad - TSPCB",11-03-2026 15:00,17.429398,78.569354,SO2,10,16,11
India,Telangana,Hyderabad,"Ramachandrapuram, Hyderabad - TSPCB",11-03-2026 15:00,17.528544,78.286195,PM10,67,89,82
India,Telangana,Hyderabad,"Sanathnagar, Hyderabad - TSPCB",11-03-2026 15:00,17.4559458,78.4332152,SO2,7,19,12
India,Telangana,Hyderabad,"Somajiguda, Hyderabad - TSPCB",11-03-2026 15:00,17.417094,78.457437,SO2,16,18,17
India,Telangana,Hyderabad,"Zoo Park, Hyderabad - TSPCB",11-03-2026 15:00,17.349694,78.451437,CO,2,61,39
India,Uttar_Pradesh,Agra,"Manoharpur, Agra - UPPCB",11-03-2026 15:00,27.23711,78.01936,PM10,113,457,268
India,Uttar_Pradesh,Agra,"Manoharpur, Agra - UPPCB",11-03-2026 15:00,27.23711,78.01936,NO2,20,20,20
India,Uttar_Pradesh,Agra,"Rohta, Agra - UPPCB",11-03-2026 15:00,27.106972,78.000111,PM2.5,79,387,261
India,Uttar_Pradesh,Agra,"Rohta, Agra - UPPCB",11-03-2026 15:00,27.106972,78.000111,PM10,102,454,251
India,Uttar_Pradesh,Agra,"Sanjay Palace, Agra - UPPCB",11-03-2026 15:00,27.19865833,78.00598056,NO2,8,19,13
India,Uttar_Pradesh,Agra,"Sanjay Palace, Agra - UPPCB",11-03-2026 15:00,27.19865833,78.00598056,OZONE,3,134,88
India,Uttar_Pradesh,Agra,"Sector-3B Avas Vikas Colony, Agra - UPPCB",11-03-2026 15:00,27.19412,77.96237,SO2,13,14,13
India,Uttar_Pradesh,Baghpat,"Sardar Patel Inter College, Baghpat - UPPCB",11-03-2026 15:00,28.964949,77.278761,NO2,16,58,34
India,Uttar_Pradesh,Bareilly,"Civil Lines, Bareilly - UPPCB",11-03-2026 15:00,28.359581,79.414455,PM2.5,15,41,30
India,Uttar_Pradesh,Bareilly,"Civil Lines, Bareilly - UPPCB",11-03-2026 15:00,28.359581,79.414455,NO2,2,3,2
India,Uttar_Pradesh,Khurja,"Kalindi Kunj, Khurja - UPPCB",11-03-2026 15:00,28.2348927,77.8683002,CO,40,94,71
India,Uttar_Pradesh,Lucknow,"Kendriya Vidyalaya, Lucknow - CPCB",11-03-2026 15:00,26.906111,80.948222,PM10,11,500,337
India,Uttar_Pradesh,Noida,"Sector - 125, Noida - UPPCB",11-03-2026 15:00,28.5447608,77.3231257,NO2,15,131,71
India,Uttar_Pradesh,Noida,"Sector - 62, Noida - IMD",11-03-2026 15:00,28.6245479,77.3577104,PM10,131,259,192
India,Uttar_Pradesh,Noida,"Sector - 62, Noida - IMD",11-03-2026 15:00,28.6245479,77.3577104,NO2,8,41,16
India,Uttar_Pradesh,Noida,"Sector-1, Noida - UPPCB",11-03-2026 15:00,28.5898,77.3101,PM2.5,62,338,256
India,Uttar_Pradesh,Noida,"Sector-1, Noida - UPPCB",11-03-2026 15:00,28.5898,77.3101,CO,8,115,56
India,Uttar_Pradesh,Noida,"Sector-116, Noida - UPPCB",11-03-2026 15:00,28.56923,77.393848,CO,7,151,26
India,Uttar_Pradesh,Noida,"Sector-116, Noida - UPPCB",11-03-2026 15:00,28.56923,77.393848,OZONE,7,56,19
India,Uttar_Pradesh,Prayagraj,"Motilal Nehru NIT, Prayagraj - UPPCB",11-03-2026 15:00,25.494,81.863,CO,20,37,30
India,Uttar_Pradesh,Raebareli," Indira Nagar, Raebareli - NTPC Unchahar",11-03-2026 15:00,26.207781,81.245571,PM2.5,97,175,118
India,Uttar_Pradesh,Raebareli," Indira Nagar, Raebareli - NTPC Unchahar",11-03-2026 15:00,26.207781,81.245571,SO2,NA,NA,NA
India,Uttar_Pradesh,Raebareli," Indira Nagar, Raebareli - NTPC Unchahar",11-03-2026 15:00,26.207781,81.245571,CO,20,46,35
India,Uttar_Pradesh,Varanasi,"Ardhali Bazar, Varanasi - UPPCB",11-03-2026 15:00,25.3505986,82.9083074,NO2,37,43,41
India,Uttar_Pradesh,Varanasi,"Bhelupur, Varanasi - UPPCB",11-03-2026 15:00,25.301778,82.996789,NO2,8,8,8
India,Uttar_Pradesh,Varanasi,"IESD Banaras Hindu University, Varanasi - UPPCB",11-03-2026 15:00,25.262326,82.995408,OZONE,3,19,5
India,Uttar_Pradesh,Varanasi,"Maldahiya, Varanasi - UPPCB",11-03-2026 15:00,25.32393,82.99687,PM2.5,49,138,79
India,Uttar_Pradesh,Vrindavan,"Omex Eternity, Vrindavan - UPPCB",11-03-2026 15:00,27.571409,77.655757,NO2,27,27,27
India,Uttarakhand,Kashipur,"Govt. Girls Inter College, Kashipur - UKPCB",11-03-2026 15:00,29.2124114,78.9611753,PM2.5,168,304,237
India,Uttarakhand,Rishikesh,"Shivaji Nagar, Rishikesh - UKPCB",11-03-2026 15:00,30.075911,78.2859547,PM2.5,2,2,2
India,West_Bengal,Asansol,"Mahabir Colliery, Asansol - WBPCB",11-03-2026 15:00,23.618183,87.105718,NO2,7,25,10
India,West_Bengal,Asansol,"Mahabir Colliery, Asansol - WBPCB",11-03-2026 15:00,23.618183,87.105718,SO2,5,10,6
India,West_Bengal,Durgapur,"Womens College_City Center, Durgapur - WBPCB",11-03-2026 15:00,23.549395,87.300496,PM2.5,43,160,79
India,West_Bengal,Durgapur,"Womens College_City Center, Durgapur - WBPCB",11-03-2026 15:00,23.549395,87.300496,PM10,74,225,124
India,West_Bengal,Durgapur,"Womens College_City Center, Durgapur - WBPCB",11-03-2026 15:00,23.549395,87.300496,NH3,2,6,3
India,West_Bengal,Durgapur,"Womens College_City Center, Durgapur - WBPCB",11-03-2026 15:00,23.549395,87.300496,SO2,27,28,28
India,West_Bengal,Durgapur,"Womens College_City Center, Durgapur - WBPCB",11-03-2026 15:00,23.549395,87.300496,CO,30,89,51
India,West_Bengal,Haldia,"Priyambada Housing Estate, Haldia - WBPCB",11-03-2026 15:00,22.06047,88.109737,PM2.5,39,65,54
India,West_Bengal,Howrah,"Botanical Garden, Howrah - WBPCB",11-03-2026 15:00,22.554954,88.292568,PM2.5,31,48,42
India,West_Bengal,Howrah,"Botanical Garden, Howrah - WBPCB",11-03-2026 15:00,22.554954,88.292568,PM10,49,80,61
India,West_Bengal,Howrah,"Dasnagar, Howrah - WBPCB",11-03-2026 15:00,22.6025571,88.3105664,PM2.5,14,83,44
India,West_Bengal,Howrah,"Dasnagar, Howrah - WBPCB",11-03-2026 15:00,22.6025571,88.3105664,NH3,4,5,5
India,West_Bengal,Howrah,"Ghusuri, Howrah - WBPCB",11-03-2026 15:00,22.611968,88.347422,PM10,68,135,94
India,West_Bengal,Howrah,"Ghusuri, Howrah - WBPCB",11-03-2026 15:00,22.611968,88.347422,NH3,9,20,15
India,West_Bengal,Howrah,"Ghusuri, Howrah - WBPCB",11-03-2026 15:00,22.611968,88.347422,CO,6,22,14
India,West_Bengal,Howrah,"Padmapukur, Howrah - WBPCB",11-03-2026 15:00,22.5687319,88.2797276,OZONE,7,35,22
India,West_Bengal,Kolkata,"Bidhannagar, Kolkata - WBPCB",11-03-2026 15:00,22.58157048,88.41002457,PM2.5,44,76,58
India,West_Bengal,Kolkata,"Fort William, Kolkata - WBPCB",11-03-2026 15:00,22.55664,88.342674,PM10,48,64,55
India,West_Bengal,Kolkata,"Fort William, Kolkata - WBPCB",11-03-2026 15:00,22.55664,88.342674,NH3,9,10,9
India,West_Bengal,Kolkata,"Fort William, Kolkata - WBPCB",11-03-2026 15:00,22.55664,88.342674,SO2,4,16,7
India,West_Bengal,Kolkata,"Fort William, Kolkata - WBPCB",11-03-2026 15:00,22.55664,88.342674,OZONE,2,22,14
India,West_Bengal,Kolkata,"Jadavpur, Kolkata - WBPCB",11-03-2026 15:00,22.49929,88.36917,SO2,2,2,2
India,West_Bengal,Kolkata,"Jadavpur, Kolkata - WBPCB",11-03-2026 15:00,22.49929,88.36917,OZONE,8,31,18
India,West_Bengal,Kolkata,"Rabindra Bharati University, Kolkata - WBPCB",11-03-2026 15:00,22.627847,88.380669,PM10,82,102,90
India,West_Bengal,Kolkata,"Rabindra Sarobar, Kolkata - WBPCB",11-03-2026 15:00,22.51106,88.35142,NH3,7,9,8
India,West_Bengal,Kolkata,"Rabindra Sarobar, Kolkata - WBPCB",11-03-2026 15:00,22.51106,88.35142,OZONE,8,27,18
India,West_Bengal,Kolkata,"Victoria, Kolkata - WBPCB",11-03-2026 15:00,22.5448082,88.3403691,NO2,28,36,30
India,West_Bengal,Kolkata,"Victoria, Kolkata - WBPCB",11-03-2026 15:00,22.5448082,88.3403691,SO2,5,30,16
India,Bihar,Manguraha,"Forest Rest House, Manguraha - BSPCB",11-03-2026 15:00,27.308328,84.531742,OZONE,6,10,10
India,Bihar,Muzaffarpur,"Buddha Colony, Muzaffarpur - BSPCB",11-03-2026 15:00,26.11442,85.39813,PM2.5,92,241,167
India,Bihar,Muzaffarpur,"Buddha Colony, Muzaffarpur - BSPCB",11-03-2026 15:00,26.11442,85.39813,OZONE,9,61,43
India,Bihar,Muzaffarpur,"MIT-Daudpur Kothi, Muzaffarpur - BSPCB",11-03-2026 15:00,26.1403345,85.3650192,NO2,1,2,2
India,Bihar,Muzaffarpur,"MIT-Daudpur Kothi, Muzaffarpur - BSPCB",11-03-2026 15:00,26.1403345,85.3650192,OZONE,13,59,30
India,Bihar,Muzaffarpur,"Muzaffarpur Collectorate, Muzaffarpur - BSPCB",11-03-2026 15:00,26.1209,85.3647,PM2.5,87,120,97
India,Bihar,Muzaffarpur,"Muzaffarpur Collectorate, Muzaffarpur - BSPCB",11-03-2026 15:00,26.1209,85.3647,NO2,10,21,13
India,Bihar,Muzaffarpur,"Muzaffarpur Collectorate, Muzaffarpur - BSPCB",11-03-2026 15:00,26.1209,85.3647,OZONE,8,21,12
India,Bihar,Patna,"DRM Office Danapur, Patna - BSPCB",11-03-2026 15:00,25.586562,85.043586,PM10,82,206,130
India,Andhra_Pradesh,Rajamahendravaram,"Anand Kala Kshetram, Rajamahendravaram - APPCB",11-03-2026 15:00,16.9872867,81.7363176,OZONE,4,18,11
India,Andhra_Pradesh,Tirumala,"Toll Gate, Tirumala - APPCB",11-03-2026 15:00,13.67,79.35,OZONE,1,91,35
India,Andhra_Pradesh,Tirupati,"Vaikuntapuram, Tirupati - APPCB",11-03-2026 15:00,13.615387,79.40923,OZONE,13,26,18
India,Andhra_Pradesh,Vijayawada,"HB Colony, Vijayawada - APPCB",11-03-2026 15:00,16.536107,80.594233,PM10,NA,NA,NA
India,Andhra_Pradesh,Vijayawada,"HB Colony, Vijayawada - APPCB",11-03-2026 15:00,16.536107,80.594233,NO2,14,16,14
India,Andhra_Pradesh,Vijayawada,"Kanuru, Vijayawada - APPCB",11-03-2026 15:00,16.486692,80.699436,PM10,38,69,46
India,Andhra_Pradesh,Vijayawada,"Rajiv Gandhi Park, Vijayawada - APPCB",11-03-2026 15:00,16.509717,80.612222,PM10,39,77,58
India,Andhra_Pradesh,Vijayawada,"Rajiv Gandhi Park, Vijayawada - APPCB",11-03-2026 15:00,16.509717,80.612222,OZONE,34,55,46
India,Assam,Silchar,"Tarapur, Silchar - PCBA",11-03-2026 15:00,24.82827,92.79525,PM2.5,25,59,45
India,Assam,Silchar,"Tarapur, Silchar - PCBA",11-03-2026 15:00,24.82827,92.79525,CO,34,63,55
India,Assam,Sivasagar,"Girls College, Sivasagar - PCBA",11-03-2026 15:00,26.987634,94.636574,PM2.5,43,84,66
India,Assam,Sivasagar,"Girls College, Sivasagar - PCBA",11-03-2026 15:00,26.987634,94.636574,OZONE,6,85,58
India,Bihar,Araria,"Kharahiya Basti, Araria - BSPCB",11-03-2026 15:00,26.146529,87.454184,NO2,1,6,2
India,Bihar,Arrah,"New DM Office, Arrah - BSPCB",11-03-2026 15:00,25.5626095,84.663264,PM2.5,73,197,140
India,Bihar,Arrah,"New DM Office, Arrah - BSPCB",11-03-2026 15:00,25.5626095,84.663264,PM10,64,121,101
India,Bihar,Aurangabad,"Gurdeo Nagar, Aurangabad - BSPCB",11-03-2026 15:00,24.75746,84.366208,NO2,7,8,8
India,Bihar,Bhagalpur,"Mayaganj, Bhagalpur - BSPCB",11-03-2026 15:00,25.265194,87.012947,OZONE,7,14,10
India,Bihar,Bihar Sharif,"D M Colony, Bihar Sharif - BSPCB",11-03-2026 15:00,25.204762,85.51496,NO2,9,10,10
India,Bihar,Bihar Sharif,"D M Colony, Bihar Sharif - BSPCB",11-03-2026 15:00,25.204762,85.51496,NH3,3,4,3
India,Bihar,Buxar,"Charitra Van, Buxar - BSPCB",11-03-2026 15:00,25.56752,83.966379,CO,22,28,25
India,Bihar,Buxar,"Charitra Van, Buxar - BSPCB",11-03-2026 15:00,25.56752,83.966379,OZONE,1,7,4
India,Bihar,Chhapra,"Darshan Nagar, Chhapra - BSPCB",11-03-2026 15:00,25.7808257,84.7446768,OZONE,3,13,7
India,Bihar,Gaya,"Kareemganj, Gaya - BSPCB",11-03-2026 15:00,24.792403,84.992416,PM10,93,306,196
India,Bihar,Gaya,"Kareemganj, Gaya - BSPCB",11-03-2026 15:00,24.792403,84.992416,NO2,11,13,12
India,Bihar,Gaya,"Kareemganj, Gaya - BSPCB",11-03-2026 15:00,24.792403,84.992416,NH3,1,1,1
India,Bihar,Gaya,"Kareemganj, Gaya - BSPCB",11-03-2026 15:00,24.792403,84.992416,OZONE,14,54,26
India,Bihar,Gaya,"SFTI Kusdihra, Gaya - BSPCB",11-03-2026 15:00,24.762518,84.982348,PM2.5,19,61,38
India,Bihar,Gaya,"SFTI Kusdihra, Gaya - BSPCB",11-03-2026 15:00,24.762518,84.982348,SO2,6,7,7
India,Bihar,Hajipur,"Industrial Area, Hajipur - BSPCB",11-03-2026 15:00,25.697189,85.2459,SO2,3,7,5
India,Bihar,Hajipur,"Industrial Area, Hajipur - BSPCB",11-03-2026 15:00,25.697189,85.2459,OZONE,10,90,60
India,Bihar,Kishanganj,"SDM Office_Khagra, Kishanganj - BSPCB",11-03-2026 15:00,26.0881305,87.93840336,NH3,3,3,3
India,Andhra_Pradesh,Vijayawada,"Rajiv Nagar, Vijayawada - APPCB",11-03-2026 15:00,16.554731,80.64911,NH3,3,5,4
India,Andhra_Pradesh,Vijayawada,"Rajiv Nagar, Vijayawada - APPCB",11-03-2026 15:00,16.554731,80.64911,SO2,12,15,14
India,Andhra_Pradesh,Vijayawada,"Rajiv Nagar, Vijayawada - APPCB",11-03-2026 15:00,16.554731,80.64911,OZONE,21,34,25
India,Andhra_Pradesh,Visakhapatnam,"GVM Corporation, Visakhapatnam - APPCB",11-03-2026 15:00,17.72,83.3,PM2.5,48,188,116
India,Arunachal_Pradesh,Naharlagun,"Naharlagun, Naharlagun - APSPCB",11-03-2026 15:00,27.103358,93.679645,CO,22,42,25
India,Assam,Guwahati,"LGBI Airport, Guwahati - PCBA",11-03-2026 15:00,26.10887,91.589544,PM2.5,34,123,63
India,Andhra_Pradesh,Anantapur,"Gulzarpet, Anantapur - APPCB",11-03-2026 15:00,14.675886,77.593027,PM2.5,43,94,63
India,Andhra_Pradesh,Eluru,"District Court, Eluru - APPCB",11-03-2026 15:00,16.711754,81.092095,PM2.5,NA,NA,NA
India,Andhra_Pradesh,Eluru,"District Court, Eluru - APPCB",11-03-2026 15:00,16.711754,81.092095,CO,26,36,32
India,Andhra_Pradesh,Guntur,"Rajendra Nagar North, Guntur - APPCB",11-03-2026 15:00,16.316553,80.413302,PM2.5,NA,NA,NA
India,Andhra_Pradesh,Guntur,"Rajendra Nagar North, Guntur - APPCB",11-03-2026 15:00,16.316553,80.413302,PM10,NA,NA,NA
India,Andhra_Pradesh,Guntur,"Rajendra Nagar North, Guntur - APPCB",11-03-2026 15:00,16.316553,80.413302,OZONE,21,31,26
India,Andhra_Pradesh,Kadapa,"Yerramukkapalli, Kadapa - APPCB",11-03-2026 15:00,14.465052,78.824187,SO2,12,19,18
India,Assam,Guwahati,"Pan Bazaar, Guwahati - PCBA",11-03-2026 15:00,26.1875,91.744194,NO2,NA,NA,NA
India,Assam,Guwahati,"Pan Bazaar, Guwahati - PCBA",11-03-2026 15:00,26.1875,91.744194,NH3,1,1,1
India,Assam,Guwahati,"Railway Colony, Guwahati - PCBA",11-03-2026 15:00,26.181742,91.78063,NH3,1,1,1
India,Assam,Guwahati,"Railway Colony, Guwahati - PCBA",11-03-2026 15:00,26.181742,91.78063,CO,5,42,24
India,Assam,Nagaon,"Christianpatty, Nagaon - PCBA",11-03-2026 15:00,26.349082,92.68449,PM2.5,99,232,151
India,Assam,Nagaon,"Christianpatty, Nagaon - PCBA",11-03-2026 15:00,26.349082,92.68449,OZONE,6,91,24
India,Assam,Nalbari,"Bata Chowk, Nalbari - PCBA",11-03-2026 15:00,26.446912,91.439057,NO2,14,15,14
India,Bihar,Begusarai,"Lohiyanagar, Begusarai - BSPCB",11-03-2026 15:00,25.42742023,86.13886079,CO,23,30,27
India,Bihar,Bettiah,"Kamalnath Nagar, Bettiah - BSPCB",11-03-2026 15:00,26.80365,84.51954,CO,30,62,48
India,Bihar,Bettiah,"Kamalnath Nagar, Bettiah - BSPCB",11-03-2026 15:00,26.80365,84.51954,OZONE,20,30,24
India,Bihar,Bhagalpur,"DM Office_Kachari Chowk, Bhagalpur - BSPCB",11-03-2026 15:00,25.251013,86.989001,PM2.5,72,180,118
India,Bihar,Patna,"DRM Office Danapur, Patna - BSPCB",11-03-2026 15:00,25.586562,85.043586,CO,40,75,57
India,Bihar,Patna,"Govt. High School Shikarpur, Patna - BSPCB",11-03-2026 15:00,25.592539,85.227158,NH3,4,5,5
India,Bihar,Patna,"IGSC Planetarium Complex, Patna - BSPCB",11-03-2026 15:00,25.610369,85.132568,SO2,1,21,11
India,Delhi,Delhi,"Dr. Karni Singh Shooting Range, Delhi - DPCC",11-03-2026 15:00,28.498571,77.26484,PM2.5,67,302,177
India,Delhi,Delhi,"Dr. Karni Singh Shooting Range, Delhi - DPCC",11-03-2026 15:00,28.498571,77.26484,SO2,15,36,21
India,Delhi,Delhi,"Dr. Karni Singh Shooting Range, Delhi - DPCC",11-03-2026 15:00,28.498571,77.26484,CO,15,112,33
India,Delhi,Delhi,"Dwarka-Sector 8, Delhi - DPCC ",11-03-2026 15:00,28.5710274,77.0719006,PM2.5,83,366,240
India,Delhi,Delhi,"Dwarka-Sector 8, Delhi - DPCC ",11-03-2026 15:00,28.5710274,77.0719006,CO,24,148,65
India,Delhi,Delhi,"IGI Airport (T3), Delhi - IMD",11-03-2026 15:00,28.5627763,77.1180053,PM2.5,90,323,176
India,Delhi,Delhi,"IGI Airport (T3), Delhi - IMD",11-03-2026 15:00,28.5627763,77.1180053,PM10,141,401,236
India,Delhi,Delhi,"IGNOU_Maidan Garhi, Delhi - DPCC",11-03-2026 15:00,28.493624,77.201159,PM2.5,59,360,244
India,Delhi,Delhi,"IGNOU_Maidan Garhi, Delhi - DPCC",11-03-2026 15:00,28.493624,77.201159,PM10,118,348,215
India,Chhattisgarh,Raipur,"Krishak Nagar, Raipur - CECB",11-03-2026 15:00,21.237755,81.705301,PM10,56,105,83
India,Chhattisgarh,Raipur,"Siltara Phase-II, Raipur - CECB",11-03-2026 15:00,21.371751,81.664929,NO2,14,53,29
India,Chhattisgarh,Raipur,"Siltara Phase-II, Raipur - CECB",11-03-2026 15:00,21.371751,81.664929,NH3,2,2,2
India,Chhattisgarh,Raipur,"Siltara Phase-II, Raipur - CECB",11-03-2026 15:00,21.371751,81.664929,OZONE,1,29,16
India,Chhattisgarh,Tumidih,"OP Jindal Industrial Park, Tumidih - CECB",11-03-2026 15:00,22.06631475,83.33820077,PM10,73,163,109
India,Chhattisgarh,Tumidih,"OP Jindal Industrial Park, Tumidih - CECB",11-03-2026 15:00,22.06631475,83.33820077,CO,26,66,34
India,Delhi,Delhi,"Alipur, Delhi - DPCC",11-03-2026 15:00,28.815329,77.15301,SO2,4,24,9
India,Bihar,Sasaram,"Dada Peer, Sasaram - BSPCB",11-03-2026 15:00,24.952822,84.002396,SO2,4,5,5
India,Bihar,Siwan,"Chitragupta Nagar, Siwan - BSPCB",11-03-2026 15:00,26.2271665,84.3570427,CO,36,108,37
India,Bihar,Siwan,"Chitragupta Nagar, Siwan - BSPCB",11-03-2026 15:00,26.2271665,84.3570427,OZONE,14,16,14
India,Chandigarh,Chandigarh,"Sector 22, Chandigarh - CPCC",11-03-2026 15:00,30.735567,76.775714,PM2.5,20,180,95
India,Chandigarh,Chandigarh,"Sector 22, Chandigarh - CPCC",11-03-2026 15:00,30.735567,76.775714,CO,56,108,62
India,Chandigarh,Chandigarh,"Sector-25, Chandigarh - CPCC",11-03-2026 15:00,30.751462,76.762879,PM2.5,69,302,213
India,Chandigarh,Chandigarh,"Sector-25, Chandigarh - CPCC",11-03-2026 15:00,30.751462,76.762879,PM10,103,183,139
India,Chhattisgarh,Bhilai,"Civic Center, Bhilai - Bhilai Steel Plant",11-03-2026 15:00,21.185571,81.343175,NH3,3,3,3
India,Chhattisgarh,Bhilai,"Hathkhoj, Bhilai - CECB",11-03-2026 15:00,21.224231,81.40835,SO2,16,106,42
India,Chhattisgarh,Bilaspur,"Mangala, Bilaspur - NTPC",11-03-2026 15:00,22.08815,82.13737,PM10,68,137,92
India,Chhattisgarh,Chhal,"Nawapara SECL Colony, Chhal - CECB",11-03-2026 15:00,22.118125,83.140608,PM2.5,59,100,76
India,Chhattisgarh,Chhal,"Nawapara SECL Colony, Chhal - CECB",11-03-2026 15:00,22.118125,83.140608,PM10,62,229,98
India,Chhattisgarh,Chhal,"Nawapara SECL Colony, Chhal - CECB",11-03-2026 15:00,22.118125,83.140608,SO2,3,67,18
India,Chhattisgarh,Chhal,"Nawapara SECL Colony, Chhal - CECB",11-03-2026 15:00,22.118125,83.140608,CO,27,82,42
India,Delhi,Delhi,"Ashok Vihar, Delhi - DPCC",11-03-2026 15:00,28.695381,77.181665,PM10,149,334,234
India,Delhi,Delhi,"Burari Crossing, Delhi - IMD",11-03-2026 15:00,28.7256504,77.2011573,PM10,132,298,206
India,Delhi,Delhi,"Cantonment Area, Delhi - DPCC ",11-03-2026 15:00,28.594169,77.1251,PM2.5,41,68,55
India,Delhi,Delhi,"Cantonment Area, Delhi - DPCC ",11-03-2026 15:00,28.594169,77.1251,PM10,121,315,194
India,Delhi,Delhi,"Cantonment Area, Delhi - DPCC ",11-03-2026 15:00,28.594169,77.1251,NH3,1,5,3
India,Delhi,Delhi,"Cantonment Area, Delhi - DPCC ",11-03-2026 15:00,28.594169,77.1251,SO2,55,61,57
India,Chhattisgarh,Milupara,"Govt. Higher Secondary School, Milupara - CECB",11-03-2026 15:00,22.1910172,83.5197009,NO2,17,74,39
India,Chhattisgarh,Milupara,"Govt. Higher Secondary School, Milupara - CECB",11-03-2026 15:00,22.1910172,83.5197009,SO2,13,16,14
India,Chhattisgarh,Milupara,"Govt. Higher Secondary School, Milupara - CECB",11-03-2026 15:00,22.1910172,83.5197009,CO,22,92,33
India,Chhattisgarh,Raipur,"AIIMS, Raipur - CECB",11-03-2026 15:00,21.258815,81.578979,PM2.5,21,103,57
India,Chhattisgarh,Raipur,"AIIMS, Raipur - CECB",11-03-2026 15:00,21.258815,81.578979,CO,21,52,43
India,Chhattisgarh,Raipur,"AIIMS, Raipur - CECB",11-03-2026 15:00,21.258815,81.578979,OZONE,3,44,12
India,Bihar,Patna,"Muradpur, Patna - BSPCB",11-03-2026 15:00,25.619651,85.147382,NH3,4,5,4
India,Bihar,Patna,"Rajbansi Nagar, Patna - BSPCB",11-03-2026 15:00,25.599486,85.113666,NO2,11,13,12
India,Bihar,Patna,"Rajbansi Nagar, Patna - BSPCB",11-03-2026 15:00,25.599486,85.113666,NH3,4,5,4
India,Bihar,Patna,"Samanpura, Patna - BSPCB",11-03-2026 15:00,25.596727,85.085624,NO2,31,53,37
India,Bihar,Purnia,"Mariam Nagar, Purnia - BSPCB",11-03-2026 15:00,25.366336,87.117468,OZONE,5,40,23
India,Bihar,Saharsa,"Police Line, Saharsa - BSPCB",11-03-2026 15:00,25.892357,86.590325,OZONE,8,16,10
India,Bihar,Samastipur,"DM Office_Kasipur, Samastipur - BSPCB",11-03-2026 15:00,25.859655,85.77944,NH3,1,1,1
India,Bihar,Samastipur,"DM Office_Kasipur, Samastipur - BSPCB",11-03-2026 15:00,25.859655,85.77944,CO,NA,NA,NA
India,Bihar,Sasaram,"Dada Peer, Sasaram - BSPCB",11-03-2026 15:00,24.952822,84.002396,PM10,58,123,89
India,Delhi,Delhi,"Chandni Chowk, Delhi - IITM",11-03-2026 15:00,28.656756,77.227234,PM10,190,497,386
India,Delhi,Delhi,"Chandni Chowk, Delhi - IITM",11-03-2026 15:00,28.656756,77.227234,SO2,10,27,15
India,Delhi,Delhi,"Jawaharlal Nehru Stadium, Delhi - DPCC",11-03-2026 15:00,28.58028,77.233829,PM2.5,57,338,219
India,Delhi,Delhi,"Jawaharlal Nehru Stadium, Delhi - DPCC",11-03-2026 15:00,28.58028,77.233829,CO,14,123,40
India,Delhi,Delhi,"Lodhi Road, Delhi - IMD",11-03-2026 15:00,28.5918245,77.2273074,PM2.5,82,327,182
India,Delhi,Delhi,"Lodhi Road, Delhi - IMD",11-03-2026 15:00,28.5918245,77.2273074,PM10,126,330,187
India,Delhi,Delhi,"Lodhi Road, Delhi - IMD",11-03-2026 15:00,28.5918245,77.2273074,NO2,13,78,32
India,Delhi,Delhi,"Major Dhyan Chand National Stadium, Delhi - DPCC",11-03-2026 15:00,28.611281,77.237738,PM2.5,48,321,171
India,Delhi,Delhi,"Major Dhyan Chand National Stadium, Delhi - DPCC",11-03-2026 15:00,28.611281,77.237738,NH3,16,23,19
India,Delhi,Delhi,"Major Dhyan Chand National Stadium, Delhi - DPCC",11-03-2026 15:00,28.611281,77.237738,SO2,21,53,31
India,Delhi,Delhi,"Mandir Marg, Delhi - DPCC",11-03-2026 15:00,28.636429,77.201067,PM10,119,308,168
India,Delhi,Delhi,"Najafgarh, Delhi - DPCC",11-03-2026 15:00,28.570173,76.933762,SO2,16,82,23
India,Delhi,Delhi,"Narela, Delhi - DPCC",11-03-2026 15:00,28.822836,77.101981,OZONE,14,117,30
India,Delhi,Delhi,"Nehru Nagar, Delhi - DPCC",11-03-2026 15:00,28.56789,77.250515,NO2,30,101,64
India,Delhi,Delhi,"New Moti Bagh, Delhi - MHUA",11-03-2026 15:00,28.57834,77.184,PM2.5,101,356,255
India,Delhi,Delhi,"North Campus, DU, Delhi - IMD",11-03-2026 15:00,28.6573814,77.1585447,PM2.5,94,313,214
India,Delhi,Delhi,"North Campus, DU, Delhi - IMD",11-03-2026 15:00,28.6573814,77.1585447,CO,18,132,65
India,Delhi,Delhi,"Okhla Phase-2, Delhi - DPCC",11-03-2026 15:00,28.530785,77.271255,PM2.5,55,358,218
India,Delhi,Delhi,"Okhla Phase-2, Delhi - DPCC",11-03-2026 15:00,28.530785,77.271255,CO,5,137,24
India,Delhi,Delhi,"Patparganj, Delhi - DPCC",11-03-2026 15:00,28.623763,77.287209,PM2.5,63,329,245
India,Delhi,Delhi,"Patparganj, Delhi - DPCC",11-03-2026 15:00,28.623763,77.287209,NO2,24,174,91
India,Delhi,Delhi,"Patparganj, Delhi - DPCC",11-03-2026 15:00,28.623763,77.287209,SO2,16,37,25
India,Delhi,Delhi,"Punjabi Bagh, Delhi - DPCC",11-03-2026 15:00,28.674045,77.131023,PM2.5,42,350,231
India,Delhi,Delhi,"Pusa, Delhi - DPCC",11-03-2026 15:00,28.639652,77.146275,NO2,42,152,90
India,Delhi,Delhi,"Pusa, Delhi - DPCC",11-03-2026 15:00,28.639652,77.146275,NH3,10,25,16
India,Delhi,Delhi,"Pusa, Delhi - IMD",11-03-2026 15:00,28.63611,77.173332,PM2.5,74,297,170
India,Delhi,Delhi,"R K Puram, Delhi - DPCC",11-03-2026 15:00,28.563262,77.186937,NH3,5,23,9
India,Delhi,Delhi,"Shadipur, Delhi - CPCB",11-03-2026 15:00,28.6514781,77.1473105,SO2,5,26,14
India,Delhi,Delhi,"Shadipur, Delhi - CPCB",11-03-2026 15:00,28.6514781,77.1473105,CO,28,107,57
India,Delhi,Delhi,"Sirifort, Delhi - CPCB",11-03-2026 15:00,28.5504249,77.2159377,PM10,129,413,237
India,Delhi,Delhi,"Sirifort, Delhi - CPCB",11-03-2026 15:00,28.5504249,77.2159377,OZONE,13,34,22
India,Delhi,Delhi,"Sonia Vihar, Delhi - DPCC",11-03-2026 15:00,28.710508,77.249485,NO2,16,61,30
India,Delhi,Delhi,"Sonia Vihar, Delhi - DPCC",11-03-2026 15:00,28.710508,77.249485,OZONE,3,62,8
India,Delhi,Delhi,"Vivek Vihar, Delhi - DPCC",11-03-2026 15:00,28.672342,77.31526,PM2.5,84,380,261
India,Delhi,Delhi,"Vivek Vihar, Delhi - DPCC",11-03-2026 15:00,28.672342,77.31526,PM10,136,391,224
India,Gujarat,Ahmedabad,"Chandkheda, Ahmedabad - IITM",11-03-2026 15:00,23.107969,72.574648,NO2,9,124,42
India,Gujarat,Ahmedabad,"Chandkheda, Ahmedabad - IITM",11-03-2026 15:00,23.107969,72.574648,NH3,1,9,7
India,Delhi,Delhi,"IHBAS, Dilshad Garden, Delhi - CPCB",11-03-2026 15:00,28.6811736,77.3025234,CO,4,104,20
India,Delhi,Delhi,"ITO, Delhi - CPCB",11-03-2026 15:00,28.628624,77.24106,NO2,23,138,60
India,Delhi,Delhi,"ITO, Delhi - CPCB",11-03-2026 15:00,28.628624,77.24106,NH3,3,9,5
India,Delhi,Delhi,"JNU, Delhi - DPCC",11-03-2026 15:00,28.540721,77.168544,PM10,112,265,180
India,Delhi,Delhi,"JNU, Delhi - DPCC",11-03-2026 15:00,28.540721,77.168544,NH3,2,21,5
India,Delhi,Delhi,"Mandir Marg, Delhi - DPCC",11-03-2026 15:00,28.636429,77.201067,SO2,3,50,26
India,Delhi,Delhi,"Mundka, Delhi - DPCC",11-03-2026 15:00,28.684678,77.076574,PM10,146,500,263
India,Delhi,Delhi,"Mundka, Delhi - DPCC",11-03-2026 15:00,28.684678,77.076574,NO2,73,110,91
India,Delhi,Delhi,"NSIT Dwarka, Delhi - CPCB",11-03-2026 15:00,28.60909,77.0325413,NH3,6,9,7
India,Delhi,Delhi,"JNU, Delhi - DPCC",11-03-2026 15:00,28.540721,77.168544,SO2,17,20,17
India,Delhi,Delhi,"JNU, Delhi - DPCC",11-03-2026 15:00,28.540721,77.168544,CO,89,125,112
India,Delhi,Delhi,"NSUT Jaffarpur, Delhi - DPCC",11-03-2026 15:00,28.594004,76.909423,CO,108,121,113
India,Gujarat,Gandhinagar,"Sector-10, Gandhinagar - GPCB",11-03-2026 15:00,23.221714,72.654328,NO2,21,70,36
India,Gujarat,Gandhinagar,"Sector-10, Gandhinagar - GPCB",11-03-2026 15:00,23.221714,72.654328,NH3,2,7,3
India,Gujarat,Mehsana,"Sadanand Nagar, Mehsana - Nexteng Enviro",11-03-2026 15:00,23.59315,72.372792,PM2.5,29,169,93
India,Gujarat,Mehsana,"Sadanand Nagar, Mehsana - Nexteng Enviro",11-03-2026 15:00,23.59315,72.372792,NH3,5,12,9
India,Gujarat,Mehsana,"Sadanand Nagar, Mehsana - Nexteng Enviro",11-03-2026 15:00,23.59315,72.372792,SO2,14,36,21
India,Gujarat,Nandesari,"GIDC, Nandesari - Nandesari Ind. Association",11-03-2026 15:00,22.410802,73.097923,PM10,NA,NA,NA
India,Gujarat,Nandesari,"GIDC, Nandesari - Nandesari Ind. Association",11-03-2026 15:00,22.410802,73.097923,NO2,NA,NA,NA
India,Gujarat,Rajkot,"Mavdi, Rajkot - Nexteng Enviro ",11-03-2026 15:00,22.248853,70.776774,PM10,44,116,79
India,Gujarat,Surat,"Katargam, Surat - Nexteng Enviro",11-03-2026 15:00,21.217779,72.834787,PM2.5,34,353,154
India,Gujarat,Surat,"Katargam, Surat - Nexteng Enviro",11-03-2026 15:00,21.217779,72.834787,SO2,21,85,48
India,Haryana,Bahadurgarh,"Arya Nagar, Bahadurgarh - HSPCB",11-03-2026 15:00,28.6701,76.9254,NO2,12,14,13
India,Haryana,Bahadurgarh,"Arya Nagar, Bahadurgarh - HSPCB",11-03-2026 15:00,28.6701,76.9254,CO,43,50,47
India,Haryana,Bahadurgarh,"Arya Nagar, Bahadurgarh - HSPCB",11-03-2026 15:00,28.6701,76.9254,OZONE,14,18,17
India,Haryana,Ballabgarh,"Nathu Colony, Ballabgarh - HSPCB",11-03-2026 15:00,28.3419248,77.319699,PM2.5,37,368,130
India,Haryana,Ballabgarh,"Nathu Colony, Ballabgarh - HSPCB",11-03-2026 15:00,28.3419248,77.319699,PM10,141,418,293
India,Haryana,Bhiwani,"H.B. Colony, Bhiwani - HSPCB",11-03-2026 15:00,28.806223,76.141105,NO2,8,10,9
India,Haryana,Charkhi Dadri,"Mini Secretariat, Charkhi Dadri - HSPCB",11-03-2026 15:00,28.593883,76.270653,PM10,81,106,96
India,Haryana,Dharuhera,"Municipal Corporation Office, Dharuhera -  HSPCB",11-03-2026 15:00,28.2068,76.7997,SO2,7,8,8
India,Haryana,Dharuhera,"Municipal Corporation Office, Dharuhera -  HSPCB",11-03-2026 15:00,28.2068,76.7997,CO,7,35,20
India,Haryana,Kaithal,"Rishi Nagar, Kaithal - HSPCB",11-03-2026 15:00,29.8006,76.4155,NO2,28,33,31
India,Haryana,Kaithal,"Rishi Nagar, Kaithal - HSPCB",11-03-2026 15:00,29.8006,76.4155,OZONE,6,39,31
India,Haryana,Karnal,"Sector-12, Karnal - HSPCB",11-03-2026 15:00,29.6953,77.0027,NO2,6,7,6
India,Haryana,Karnal,"Sector-12, Karnal - HSPCB",11-03-2026 15:00,29.6953,77.0027,SO2,2,7,4
India,Haryana,Karnal,"Sector-12, Karnal - HSPCB",11-03-2026 15:00,29.6953,77.0027,OZONE,20,86,60
India,Haryana,Kurukshetra,"Sector-7, Kurukshetra - HSPCB",11-03-2026 15:00,29.966942,76.875879,PM2.5,62,222,101
India,Haryana,Mandikhera,"General Hospital, Mandikhera(Nuh) - HSPCB",11-03-2026 15:00,27.9002,76.9938,NO2,19,23,21
India,Haryana,Manesar,"Sector-2 IMT, Manesar - HSPCB",11-03-2026 15:00,28.360699,76.93609,NH3,9,13,10
India,Haryana,Narnaul,"Shastri Nagar, Narnaul - HSPCB",11-03-2026 15:00,28.060249,76.113115,NH3,NA,NA,NA
India,Haryana,Faridabad,"Sector 11, Faridabad - HSPCB",11-03-2026 15:00,28.376058,77.315741,PM10,NA,NA,NA
India,Haryana,Faridabad,"Sector 30, Faridabad - HSPCB",11-03-2026 15:00,28.4417,77.3217,NH3,11,12,11
India,Haryana,Faridabad,"Sector 30, Faridabad - HSPCB",11-03-2026 15:00,28.4417,77.3217,CO,40,66,57
India,Haryana,Fatehabad,"Huda Sector, Fatehabad - HSPCB",11-03-2026 15:00,29.503664,75.467934,SO2,10,11,11
India,Haryana,Gurugram,"NISE Gwal Pahari, Gurugram - IMD",11-03-2026 15:00,28.422681,77.148944,CO,18,77,39
India,Haryana,Gurugram,"NISE Gwal Pahari, Gurugram - IMD",11-03-2026 15:00,28.422681,77.148944,OZONE,6,79,49
India,Haryana,Gurugram,"Sector-51, Gurugram - HSPCB",11-03-2026 15:00,28.4227,77.0667,SO2,1,7,5
India,Haryana,Gurugram,"Teri Gram, Gurugram - HSPCB",11-03-2026 15:00,28.4275,77.1465,NO2,36,77,51
India,Gujarat,Ahmedabad,"SVPI Airport Hansol, Ahmedabad - IITM",11-03-2026 15:00,23.076793,72.627874,OZONE,3,73,54
India,Gujarat,Ankleshwar,"GIDC, Ankleshwar - GPCB",11-03-2026 15:00,21.613267,73.010555,PM10,88,162,129
India,Gujarat,Ankleshwar,"GIDC, Ankleshwar - GPCB",11-03-2026 15:00,21.613267,73.010555,CO,51,108,85
India,Gujarat,Bhavnagar,"Vidhyanagar, Bhavnagar - Nexteng Enviro",11-03-2026 15:00,21.755417,72.139056,PM2.5,16,67,40
India,Gujarat,Bhavnagar,"Vidhyanagar, Bhavnagar - Nexteng Enviro",11-03-2026 15:00,21.755417,72.139056,PM10,69,167,115
India,Gujarat,Bhavnagar,"Vidhyanagar, Bhavnagar - Nexteng Enviro",11-03-2026 15:00,21.755417,72.139056,NO2,36,113,94
India,Gujarat,Bhavnagar,"Vidhyanagar, Bhavnagar - Nexteng Enviro",11-03-2026 15:00,21.755417,72.139056,SO2,11,78,22
India,Gujarat,Surat,"Science Center, Surat - SMC",11-03-2026 15:00,21.170046,72.795405,PM2.5,66,381,195
India,Gujarat,Surat,"Science Center, Surat - SMC",11-03-2026 15:00,21.170046,72.795405,NO2,18,23,21
India,Gujarat,Vadodara,"Bapunagar, Vadodara - Nexteng Enviro",11-03-2026 15:00,22.320153,73.216285,PM2.5,22,141,72
India,Gujarat,Vadodara,"Bapunagar, Vadodara - Nexteng Enviro",11-03-2026 15:00,22.320153,73.216285,SO2,7,17,11
India,Gujarat,Vatva,"Phase-4 GIDC, Vatva - GPCB",11-03-2026 15:00,22.969611,72.6435,SO2,34,56,41
India,Haryana,Ambala,"Patti Mehar, Ambala - HSPCB",11-03-2026 15:00,30.379589,76.778328,OZONE,16,20,18
India,Gujarat,Ahmedabad,"Rakhial, Ahmedabad - IITM",11-03-2026 15:00,23.016834,72.625775,OZONE,3,102,67
India,Gujarat,Ahmedabad,"SAC ISRO Bopal, Ahmedabad - IITM",11-03-2026 15:00,23.041137,72.456691,PM10,72,148,121
India,Gujarat,Ahmedabad,"SAC ISRO Bopal, Ahmedabad - IITM",11-03-2026 15:00,23.041137,72.456691,NO2,10,69,37
India,Gujarat,Ahmedabad,"SAC ISRO Bopal, Ahmedabad - IITM",11-03-2026 15:00,23.041137,72.456691,NH3,4,12,8
India,Gujarat,Ahmedabad,"SAC ISRO Bopal, Ahmedabad - IITM",11-03-2026 15:00,23.041137,72.456691,SO2,8,53,18
India,Haryana,Jind,"Police Lines, Jind - HSPCB",11-03-2026 15:00,29.307814,76.337619,NH3,4,6,5
India,Haryana,Jind,"Police Lines, Jind - HSPCB",11-03-2026 15:00,29.307814,76.337619,CO,4,72,35
India,Gujarat,Ahmedabad,"Raikhad, Ahmedabad - IITM",11-03-2026 15:00,23.020509,72.579261,NH3,11,55,23
India,Karnataka,Chikkaballapur,"Chikkaballapur Rural, Chikkaballapur - KSPCB",11-03-2026 15:00,13.428828,77.731418,PM10,27,79,42
India,Karnataka,Chikkaballapur,"Chikkaballapur Rural, Chikkaballapur - KSPCB",11-03-2026 15:00,13.428828,77.731418,SO2,9,15,11
India,Karnataka,Dharwad,"Kalabhavan, Dharwad - KSPCB",11-03-2026 15:00,15.459706,75.008381,OZONE,33,34,34
India,Karnataka,Hubballi,"Lingaraj Nagar, Hubballi - KSPCB",11-03-2026 15:00,15.3714823,75.1160168,PM2.5,44,98,50
India,Karnataka,Hubballi,"Lingaraj Nagar, Hubballi - KSPCB",11-03-2026 15:00,15.3714823,75.1160168,PM10,59,96,63
India,Karnataka,Hubballi,"Lingaraj Nagar, Hubballi - KSPCB",11-03-2026 15:00,15.3714823,75.1160168,CO,8,22,12
India,Karnataka,Kalaburagi,"Mahatma Basaveswar Colony, Kalaburgi - KSPCB",11-03-2026 15:00,17.336318,76.847397,PM2.5,21,61,48
India,Karnataka,Kalaburagi,"Mahatma Basaveswar Colony, Kalaburgi - KSPCB",11-03-2026 15:00,17.336318,76.847397,PM10,28,85,62
India,Karnataka,Kalaburagi,"Mahatma Basaveswar Colony, Kalaburgi - KSPCB",11-03-2026 15:00,17.336318,76.847397,CO,32,46,36
India,Karnataka,Madikeri,"Stuart Hill, Madikeri - KSPCB",11-03-2026 15:00,12.415911,75.73505,PM10,18,40,29
India,Karnataka,Madikeri,"Stuart Hill, Madikeri - KSPCB",11-03-2026 15:00,12.415911,75.73505,SO2,7,7,7
India,Haryana,Sonipat,"Murthal, Sonipat - HSPCB",11-03-2026 15:00,29.0272,77.0621,NH3,11,11,11
India,Haryana,Yamuna Nagar,"Gobind Pura, Yamuna Nagar - HSPCB",11-03-2026 15:00,30.1480566,77.2893471,SO2,10,15,12
India,Haryana,Yamuna Nagar,"Gobind Pura, Yamuna Nagar - HSPCB",11-03-2026 15:00,30.1480566,77.2893471,CO,30,52,49
India,Himachal Pradesh,Baddi,"HIMUDA Complex Phase-1, Baddi - HPPCB",11-03-2026 15:00,30.943887,76.801991,NO2,6,39,16
India,Jammu_and_Kashmir,Pampore,"Khrew, Pampore - JKPCC",11-03-2026 15:00,34.031606,75.009712,SO2,1,2,1
India,Jammu_and_Kashmir,Srinagar,"Rajbagh, Srinagar - JKPCC",11-03-2026 15:00,34.066206,74.81982,PM10,21,48,29
India,Jammu_and_Kashmir,Srinagar,"Rajbagh, Srinagar - JKPCC",11-03-2026 15:00,34.066206,74.81982,OZONE,1,3,1
India,Jharkhand,Dhanbad,"Sardar Patel Nagar, Dhanbad - JSPCB",11-03-2026 15:00,23.80569,86.44268,PM10,90,182,127
India,Kerala,Thiruvananthapuram,"Kariavattom, Thiruvananthapuram - Kerala PCB",11-03-2026 15:00,8.5637,76.8865,CO,46,103,62
India,Kerala,Thiruvananthapuram,"Plammoodu, Thiruvananthapuram - Kerala PCB",11-03-2026 15:00,8.5149093,76.9435879,PM10,40,125,76
India,Kerala,Thrissur,"Corporation Ground, Thrissur - Kerala PCB",11-03-2026 15:00,10.5324,76.2159,PM10,62,95,77
India,Kerala,Thrissur,"Corporation Ground, Thrissur - Kerala PCB",11-03-2026 15:00,10.5324,76.2159,OZONE,29,30,30
India,Madhya Pradesh,Bhopal,"Idgah Hills, Bhopal - MPPCB",11-03-2026 15:00,23.264759,77.381568,NO2,10,38,22
India,Madhya Pradesh,Bhopal,"Paryavaran Parisar, Bhopal - MPPCB",11-03-2026 15:00,23.210494,77.425409,CO,2,110,23
India,Madhya Pradesh,Bhopal,"T T Nagar, Bhopal - MPPCB",11-03-2026 15:00,23.233584,77.400574,PM10,50,197,112
India,Karnataka,Bengaluru,"BWSSB Kadabesanahalli, Bengaluru - CPCB",11-03-2026 15:00,12.9352049,77.6814488,NO2,5,23,14
India,Karnataka,Bengaluru,"BWSSB Kadabesanahalli, Bengaluru - CPCB",11-03-2026 15:00,12.9352049,77.6814488,OZONE,10,26,15
India,Karnataka,Bengaluru,"Bapuji Nagar, Bengaluru - KSPCB",11-03-2026 15:00,12.951913,77.539784,PM2.5,5,49,31
India,Karnataka,Bengaluru,"Bapuji Nagar, Bengaluru - KSPCB",11-03-2026 15:00,12.951913,77.539784,NO2,16,19,18
India,Karnataka,Bengaluru,"Bapuji Nagar, Bengaluru - KSPCB",11-03-2026 15:00,12.951913,77.539784,NH3,3,4,3
India,Karnataka,Bengaluru,"City Railway Station, Bengaluru - KSPCB",11-03-2026 15:00,12.9756843,77.5660749,SO2,9,10,10
India,Karnataka,Bengaluru,"Peenya, Bengaluru - CPCB",11-03-2026 15:00,13.0270199,77.494094,PM10,68,99,81
India,Karnataka,Bengaluru,"Shivapura_Peenya, Bengaluru - KSPCB",11-03-2026 15:00,13.0246342,77.5080115,PM2.5,28,54,37
India,Karnataka,Bengaluru,"Shivapura_Peenya, Bengaluru - KSPCB",11-03-2026 15:00,13.0246342,77.5080115,SO2,3,16,5
India,Karnataka,Chamarajanagar,"Urban, Chamarajanagar - KSPCB",11-03-2026 15:00,11.55358,76.55521,PM10,35,77,47
India,Karnataka,Chamarajanagar,"Urban, Chamarajanagar - KSPCB",11-03-2026 15:00,11.55358,76.55521,SO2,2,8,3
India,Karnataka,Chamarajanagar,"Urban, Chamarajanagar - KSPCB",11-03-2026 15:00,11.55358,76.55521,CO,12,25,21
India,Karnataka,Shivamogga,"Vinoba Nagara, Shivamogga - KSPCB",11-03-2026 15:00,13.94,75.555917,NH3,3,3,3
India,Karnataka,Vijayapura,"Ibrahimpur, Vijayapura - KSPCB",11-03-2026 15:00,16.802639,75.722694,PM10,61,62,62
India,Kerala,Eloor,"Udyogamandal, Eloor - Kerala PCB",11-03-2026 15:00,10.073232,76.302765,CO,10,124,55
India,Kerala,Kollam,"Polayathode, Kollam - Kerala PCB",11-03-2026 15:00,8.8787,76.6073,PM10,70,81,76
India,Karnataka,Bengaluru,"Hebbal, Bengaluru - KSPCB",11-03-2026 15:00,13.029152,77.585901,CO,4,28,22
India,Karnataka,Bengaluru,"Hombegowda Nagar, Bengaluru - KSPCB",11-03-2026 15:00,12.938539,77.5901,NO2,17,56,29
India,Karnataka,Bengaluru,"Jayanagar 5th Block, Bengaluru - KSPCB",11-03-2026 15:00,12.920984,77.584908,CO,4,34,21
India,Karnataka,Bengaluru,"Jayanagar 5th Block, Bengaluru - KSPCB",11-03-2026 15:00,12.920984,77.584908,OZONE,4,21,8
India,Karnataka,Bengaluru,"Jigani, Bengaluru - KSPCB",11-03-2026 15:00,12.7816279,77.6299145,PM2.5,36,68,53
India,Haryana,Palwal,"Shyam Nagar, Palwal - HSPCB",11-03-2026 15:00,28.1485564,77.3320667,PM2.5,43,62,53
India,Haryana,Panipat,"Sector-18, Panipat - HSPCB",11-03-2026 15:00,29.432304,76.972765,PM2.5,52,177,118
India,Haryana,Panipat,"Sector-18, Panipat - HSPCB",11-03-2026 15:00,29.432304,76.972765,CO,48,52,49
India,Haryana,Rohtak,"MD University, Rohtak - HSPCB",11-03-2026 15:00,28.52123,76.37138,PM2.5,NA,NA,NA
India,Karnataka,Mangalore,"Kadri, Mangalore - KSPCB",11-03-2026 15:00,12.88925,74.853,PM10,66,103,84
India,Karnataka,Shivamogga,"Vinoba Nagara, Shivamogga - KSPCB",11-03-2026 15:00,13.94,75.555917,PM2.5,25,46,29
India,Maharashtra,Ambernath,"Chinchpada, Ambernath - MPCB",11-03-2026 15:00,19.215784,73.199781,PM10,66,272,159
India,Maharashtra,Amravati,"Shivneri Colony, Amravati - MPCB",11-03-2026 15:00,20.9402359,77.7895248,NO2,6,41,20
India,Maharashtra,Amravati,"Shivneri Colony, Amravati - MPCB",11-03-2026 15:00,20.9402359,77.7895248,CO,8,36,25
India,Maharashtra,Amravati,"Shri Shivaji Science College, Amravati - MPCB",11-03-2026 15:00,20.939198,77.765701,PM10,64,145,108
India,Maharashtra,Aurangabad,"More Chowk Waluj, Aurangabad - MPCB",11-03-2026 15:00,19.8389439,75.244448,PM10,71,181,108
India,Maharashtra,Aurangabad,"More Chowk Waluj, Aurangabad - MPCB",11-03-2026 15:00,19.8389439,75.244448,SO2,16,33,21
India,Maharashtra,Aurangabad,"Rachnakar Colony, Aurangabad - MPCB",11-03-2026 15:00,19.863756,75.321188,PM2.5,51,281,114
India,Madhya Pradesh,Satna,"Bandhavgar Colony, Satna - Birla Cement",11-03-2026 15:00,24.58434363,80.8549414,PM2.5,49,52,50
India,Madhya Pradesh,Ujjain,"Mahashweta Nagar, Ujjain - MPPCB",11-03-2026 15:00,23.1633321,75.800225,PM10,32,129,87
India,Madhya Pradesh,Ujjain,"Mahashweta Nagar, Ujjain - MPPCB",11-03-2026 15:00,23.1633321,75.800225,NO2,27,120,63
India,Maharashtra,Ahmednagar,"Tarakpur, Ahmednagar - MPCB",11-03-2026 15:00,19.10122,74.73339,NO2,17,27,21
India,Maharashtra,Akola,"Ramdaspeth, Akola - MPCB",11-03-2026 15:00,20.719516,77.000253,PM2.5,38,133,83
India,Madhya Pradesh,Katni,"Gole Bazar, Katni - MPPCB",11-03-2026 15:00,23.50016,80.23284,NO2,22,46,35
India,Madhya Pradesh,Pithampur,"Sector-2 Industrial Area, Pithampur - MPPCB",11-03-2026 15:00,22.624758,75.675238,PM10,66,296,151
India,Madhya Pradesh,Ratlam,"Shasthri Nagar, Ratlam - IPCA Lab",11-03-2026 15:00,23.331731,75.045981,PM10,40,262,107
India,Madhya Pradesh,Sagar,"Civil Lines, Sagar - MPPCB",11-03-2026 15:00,23.838586,78.759431,PM10,46,180,74
India,Madhya Pradesh,Sagar,"Civil Lines, Sagar - MPPCB",11-03-2026 15:00,23.838586,78.759431,NO2,5,38,16
India,Madhya Pradesh,Bhopal,"T T Nagar, Bhopal - MPPCB",11-03-2026 15:00,23.233584,77.400574,OZONE,16,241,241
India,Madhya Pradesh,Dewas,"Bhopal Chauraha, Dewas - MPPCB",11-03-2026 15:00,22.9682591,76.064118,SO2,14,42,28
India,Madhya Pradesh,Gwalior,"Deen Dayal Nagar, Gwalior - MPPCB",11-03-2026 15:00,26.259242,78.216432,PM10,56,467,197
India,Madhya Pradesh,Gwalior,"Deen Dayal Nagar, Gwalior - MPPCB",11-03-2026 15:00,26.259242,78.216432,NO2,10,17,14
India,Madhya Pradesh,Gwalior,"Maharaj Bada, Gwalior - MPPCB",11-03-2026 15:00,26.200388,78.147714,NO2,11,34,21
India,Madhya Pradesh,Gwalior,"Maharaj Bada, Gwalior - MPPCB",11-03-2026 15:00,26.200388,78.147714,OZONE,15,130,67
India,Madhya Pradesh,Indore,"Chhoti Gwaltoli, Indore - MPPCB",11-03-2026 15:00,22.431,75.5213,PM2.5,8,190,56
India,Madhya Pradesh,Indore,"Chhoti Gwaltoli, Indore - MPPCB",11-03-2026 15:00,22.431,75.5213,CO,24,118,31
India,Madhya Pradesh,Indore,"Maguda Nagar, Indore - IMC",11-03-2026 15:00,22.7524,75.8872,NO2,16,30,23
India,Madhya Pradesh,Indore,"Residency Area, Indore - IMC",11-03-2026 15:00,22.7084,75.8815,OZONE,5,15,8
India,Madhya Pradesh,Jabalpur,"Govindh Bhavan Colony, Jabalpur - JMC",11-03-2026 15:00,23.163174,79.973061,CO,NA,NA,NA
India,Madhya Pradesh,Jabalpur,"Gupteshwar, Jabalpur - JMC",11-03-2026 15:00,23.142888,79.916147,SO2,1,28,12
India,Madhya Pradesh,Jabalpur,"Marhatal, Jabalpur - MPPCB",11-03-2026 15:00,23.168606,79.932247,PM10,52,190,95
India,Madhya Pradesh,Jabalpur,"Marhatal, Jabalpur - MPPCB",11-03-2026 15:00,23.168606,79.932247,NO2,26,46,33
India,Madhya Pradesh,Jabalpur,"Marhatal, Jabalpur - MPPCB",11-03-2026 15:00,23.168606,79.932247,SO2,8,69,39
India,Maharashtra,Boisar,"Khaira, Boisar - MPCB",11-03-2026 15:00,19.786089,72.757971,CO,18,102,43
India,Maharashtra,Chandrapur,"MIDC Khutala, Chandrapur - MPCB",11-03-2026 15:00,19.9775302,79.2337086,PM2.5,52,172,86
India,Maharashtra,Chandrapur,"MIDC Khutala, Chandrapur - MPCB",11-03-2026 15:00,19.9775302,79.2337086,NH3,1,5,3
India,Maharashtra,Dombivli,"Kalu Nagar, Dombivli - MPCB",11-03-2026 15:00,19.2268427,73.0788456,CO,26,116,78
India,Maharashtra,Aurangabad,"Rachnakar Colony, Aurangabad - MPCB",11-03-2026 15:00,19.863756,75.321188,NH3,2,5,4
India,Maharashtra,Boisar,"Khaira, Boisar - MPCB",11-03-2026 15:00,19.786089,72.757971,NO2,10,92,37
India,Madhya Pradesh,Sagar,"Civil Lines, Sagar - MPPCB",11-03-2026 15:00,23.838586,78.759431,NH3,2,5,4
India,Maharashtra,Mira-Bhayandar,"Bhayandar West, Mira-Bhayandar - MPCB",11-03-2026 15:00,19.296481,72.840923,NO2,19,102,46
India,Maharashtra,Mira-Bhayandar,"Bhayandar West, Mira-Bhayandar - MPCB",11-03-2026 15:00,19.296481,72.840923,NH3,3,12,7
India,Maharashtra,Mumbai,"Bandra Kurla Complex, Mumbai - IITM",11-03-2026 15:00,19.053536,72.84643,PM10,89,155,118
India,Maharashtra,Mumbai,"Bandra Kurla Complex, Mumbai - IITM",11-03-2026 15:00,19.053536,72.84643,CO,17,128,46
India,Maharashtra,Mumbai,"Bandra Kurla Complex, Mumbai - MPCB",11-03-2026 15:00,19.065931,72.862131,CO,8,23,21
India,Maharashtra,Mumbai,"Borivali East, Mumbai - IITM",11-03-2026 15:00,19.23241,72.86895,NO2,30,37,31
India,Maharashtra,Mumbai,"Borivali East, Mumbai - IITM",11-03-2026 15:00,19.23241,72.86895,CO,25,95,68
India,Maharashtra,Mumbai,"Borivali East, Mumbai - MPCB",11-03-2026 15:00,19.2243333,72.8658113,PM10,52,90,73
India,Maharashtra,Mumbai,"Borivali East, Mumbai - MPCB",11-03-2026 15:00,19.2243333,72.8658113,NH3,1,9,4
India,Maharashtra,Mumbai,"Borivali East, Mumbai - MPCB",11-03-2026 15:00,19.2243333,72.8658113,OZONE,9,10,10
India,Maharashtra,Mumbai,"Byculla, Mumbai - BMC",11-03-2026 15:00,18.9767,72.838,PM10,99,141,116
India,Maharashtra,Mumbai,"Byculla, Mumbai - BMC",11-03-2026 15:00,18.9767,72.838,NO2,42,156,99
India,Maharashtra,Mumbai,"Kandivali West, Mumbai - BMC",11-03-2026 15:00,19.215859,72.831718,OZONE,3,201,34
India,Maharashtra,Mumbai,"Kherwadi_Bandra East, Mumbai - MPCB",11-03-2026 15:00,19.0632143,72.8456324,PM2.5,58,96,74
India,Maharashtra,Mumbai,"Kherwadi_Bandra East, Mumbai - MPCB",11-03-2026 15:00,19.0632143,72.8456324,NO2,15,85,43
India,Maharashtra,Mumbai,"Kherwadi_Bandra East, Mumbai - MPCB",11-03-2026 15:00,19.0632143,72.8456324,SO2,2,4,3
India,Maharashtra,Mumbai,"Kherwadi_Bandra East, Mumbai - MPCB",11-03-2026 15:00,19.0632143,72.8456324,CO,29,30,30
India,Maharashtra,Mumbai,"Khindipada-Bhandup West, Mumbai - IITM",11-03-2026 15:00,19.1653323,72.922099,PM2.5,71,162,107
India,Maharashtra,Mumbai,"Khindipada-Bhandup West, Mumbai - IITM",11-03-2026 15:00,19.1653323,72.922099,CO,34,94,50
India,Maharashtra,Mumbai,"Kurla, Mumbai - MPCB",11-03-2026 15:00,19.0863,72.8888,PM2.5,52,174,101
India,Maharashtra,Mumbai,"Kurla, Mumbai - MPCB",11-03-2026 15:00,19.0863,72.8888,SO2,36,37,37
India,Maharashtra,Mumbai,"Malad West, Mumbai - IITM",11-03-2026 15:00,19.19709,72.82204,PM2.5,49,123,81
India,Maharashtra,Mumbai,"Malad West, Mumbai - IITM",11-03-2026 15:00,19.19709,72.82204,NO2,56,116,96
India,Maharashtra,Mumbai,"Malad West, Mumbai - IITM",11-03-2026 15:00,19.19709,72.82204,SO2,1,31,14
India,Maharashtra,Nagpur,"Ram Nagar, Nagpur - MPCB",11-03-2026 15:00,21.143383,79.048912,CO,12,86,37
India,Maharashtra,Nanded,"Sneh Nagar, Nanded - MPCB",11-03-2026 15:00,19.173852,77.296291,PM2.5,56,137,91
India,Maharashtra,Nanded,"Sneh Nagar, Nanded - MPCB",11-03-2026 15:00,19.173852,77.296291,OZONE,9,99,67
India,Maharashtra,Nashik,"Gangapur Road, Nashik - MPCB",11-03-2026 15:00,20.0073285,73.7762427,NH3,3,3,3
India,Maharashtra,Nashik,"Gangapur Road, Nashik - MPCB",11-03-2026 15:00,20.0073285,73.7762427,CO,26,27,26
India,Maharashtra,Nashik,"Hirawadi, Nashik - MPCB",11-03-2026 15:00,20.021503,73.813844,PM2.5,NA,NA,NA
India,Maharashtra,Nashik,"Hirawadi, Nashik - MPCB",11-03-2026 15:00,20.021503,73.813844,PM10,NA,NA,NA
India,Maharashtra,Nashik,"Hirawadi, Nashik - MPCB",11-03-2026 15:00,20.021503,73.813844,NH3,NA,NA,NA
India,Maharashtra,Nashik,"Hirawadi, Nashik - MPCB",11-03-2026 15:00,20.021503,73.813844,OZONE,8,90,75
India,Maharashtra,Nashik,"MIDC Ambad, Nashik - MPCB",11-03-2026 15:00,19.95022,73.73148,PM2.5,45,75,61
India,Maharashtra,Dombivli,"Kalu Nagar, Dombivli - MPCB",11-03-2026 15:00,19.2268427,73.0788456,OZONE,3,300,13
India,Maharashtra,Hingoli,"Ashta Vinayak Nagar, Hingoli - MPCB",11-03-2026 15:00,19.710842,77.151824,PM10,52,192,118
India,Maharashtra,Hingoli,"Ashta Vinayak Nagar, Hingoli - MPCB",11-03-2026 15:00,19.710842,77.151824,SO2,2,45,12
India,Maharashtra,Hingoli,"Ashta Vinayak Nagar, Hingoli - MPCB",11-03-2026 15:00,19.710842,77.151824,OZONE,29,229,221
India,Maharashtra,Jalgaon,"Prabhat Colony, Jalgaon - MPCB",11-03-2026 15:00,21.001264,75.565602,CO,18,68,26
India,Maharashtra,Kalyan,"Khadakpada, Kalyan - MPCB",11-03-2026 15:00,19.25292,73.142019,PM2.5,27,347,132
India,Maharashtra,Kalyan,"Khadakpada, Kalyan - MPCB",11-03-2026 15:00,19.25292,73.142019,PM10,28,267,108
India,Maharashtra,Mumbai,"Byculla, Mumbai - BMC",11-03-2026 15:00,18.9767,72.838,NH3,8,36,20
India,Maharashtra,Mumbai,"Byculla, Mumbai - BMC",11-03-2026 15:00,18.9767,72.838,OZONE,1,99,32
India,Maharashtra,Mumbai,"Chakala-Andheri East, Mumbai - IITM",11-03-2026 15:00,19.11074,72.86084,NO2,39,104,74
India,Maharashtra,Mumbai,"Chakala-Andheri East, Mumbai - IITM",11-03-2026 15:00,19.11074,72.86084,CO,2,68,18
India,Maharashtra,Mumbai,"Chembur, Mumbai - MPCB",11-03-2026 15:00,19.0364585,72.8954371,PM10,86,113,100
India,Maharashtra,Mumbai,"Chembur, Mumbai - MPCB",11-03-2026 15:00,19.0364585,72.8954371,NH3,30,46,40
India,Maharashtra,Mumbai,"Chembur, Mumbai - MPCB",11-03-2026 15:00,19.0364585,72.8954371,CO,28,68,35
India,Maharashtra,Mumbai,"Ghatkopar, Mumbai - BMC",11-03-2026 15:00,19.083694,72.920967,SO2,2,4,3
India,Maharashtra,Mumbai,"Worli, Mumbai -MPCB",11-03-2026 15:00,18.994218,72.8158167,CO,1,40,22
India,Maharashtra,Nagpur,"Ambazari, Nagpur - MPCB",11-03-2026 15:00,21.121801,79.04952,PM2.5,65,174,109
India,Maharashtra,Nagpur,"Ambazari, Nagpur - MPCB",11-03-2026 15:00,21.121801,79.04952,PM10,76,133,110
India,Maharashtra,Nagpur,"Ambazari, Nagpur - MPCB",11-03-2026 15:00,21.121801,79.04952,NO2,4,90,34
India,Maharashtra,Nagpur,"Mahal, Nagpur - MPCB",11-03-2026 15:00,21.14472,79.107595,NO2,25,81,48
India,Maharashtra,Nagpur,"Opp GPO Civil Lines, Nagpur - MPCB",11-03-2026 15:00,21.152875,79.0517531,PM10,74,170,123
India,Maharashtra,Kolhapur,"Sinchan Bhavan, Kolhapur - MPCB",11-03-2026 15:00,16.7143745,74.2426398,NO2,NA,NA,NA
India,Maharashtra,Kolhapur,"Sinchan Bhavan, Kolhapur - MPCB",11-03-2026 15:00,16.7143745,74.2426398,SO2,NA,NA,NA
India,Maharashtra,Mahad,"Kamble Tarf Birwadi, Mahad - MPCB",11-03-2026 15:00,18.1023399,73.4783687,CO,2,72,39
India,Maharashtra,Mahad,"Kamble Tarf Birwadi, Mahad - MPCB",11-03-2026 15:00,18.1023399,73.4783687,OZONE,29,96,45
India,Maharashtra,Malegaon,"Mahesh Nagar, Malegaon - MPCB",11-03-2026 15:00,20.555712,74.529236,PM2.5,NA,NA,NA
India,Maharashtra,Malegaon,"Mahesh Nagar, Malegaon - MPCB",11-03-2026 15:00,20.555712,74.529236,PM10,NA,NA,NA
India,Maharashtra,Mumbai,"Mazgaon, Mumbai - IITM",11-03-2026 15:00,18.96702,72.84214,PM2.5,NA,NA,NA
India,Maharashtra,Mumbai,"Navy Nagar-Colaba, Mumbai - IITM",11-03-2026 15:00,18.897756,72.81332,PM10,68,153,111
India,Maharashtra,Mumbai,"Navy Nagar-Colaba, Mumbai - IITM",11-03-2026 15:00,18.897756,72.81332,NO2,28,130,66
India,Maharashtra,Mumbai,"Powai, Mumbai - MPCB",11-03-2026 15:00,19.1375,72.915056,NO2,7,8,7
India,Maharashtra,Mumbai,"Sewri, Mumbai - BMC",11-03-2026 15:00,19.000084,72.85673,PM10,48,231,119
India,Maharashtra,Nashik,"Pandav Nagari, Nashik - MPCB",11-03-2026 15:00,19.9591346,73.7788008,SO2,NA,NA,NA
India,Maharashtra,Pune,"Mhada Colony, Pune - IITM",11-03-2026 15:00,18.57304,73.927715,PM10,88,163,130
India,Maharashtra,Pune,"Panchawati_Pashan, Pune - IITM",11-03-2026 15:00,18.536457,73.805454,PM10,60,143,102
India,Maharashtra,Pune,"Revenue Colony-Shivajinagar, Pune - IITM",11-03-2026 15:00,18.530085,73.849598,PM10,111,196,154
India,Maharashtra,Pune,"Revenue Colony-Shivajinagar, Pune - IITM",11-03-2026 15:00,18.530085,73.849598,SO2,10,53,28
India,Maharashtra,Pune,"Revenue Colony-Shivajinagar, Pune - IITM",11-03-2026 15:00,18.530085,73.849598,CO,50,139,85
India,Maharashtra,Pune,"Savitribai Phule Pune University, Pune - MPCB",11-03-2026 15:00,18.547056,73.826908,OZONE,1,81,56
India,Maharashtra,Pune,"Transport Nagar-Nigdi, Pune - IITM",11-03-2026 15:00,18.664282,73.763966,CO,48,66,61
India,Maharashtra,Pune,"Transport Nagar-Nigdi, Pune - IITM",11-03-2026 15:00,18.664282,73.763966,OZONE,4,33,18
India,Maharashtra,Sangli,"Vijay Nagar, Sangli - MPCB",11-03-2026 15:00,16.5038,74.3623,NO2,10,66,33
India,Maharashtra,Sangli,"Vijay Nagar, Sangli - MPCB",11-03-2026 15:00,16.5038,74.3623,SO2,1,40,13
India,Maharashtra,Virar,"Bolinj, Virar - MPCB",11-03-2026 15:00,19.445821,72.7988231,PM2.5,26,269,91
India,Maharashtra,Virar,"Bolinj, Virar - MPCB",11-03-2026 15:00,19.445821,72.7988231,NO2,13,114,49
India,Mizoram,Aizawl,"Sikulpuikawn, Aizawl - Mizoram PCB",11-03-2026 15:00,23.7176342,92.7192841,PM2.5,42,45,44
India,Nagaland,Kohima,"PWD Junction, Kohima - NPCB",11-03-2026 15:00,25.6635413,94.0989878,NH3,1,1,1
India,Nagaland,Kohima,"PWD Junction, Kohima - NPCB",11-03-2026 15:00,25.6635413,94.0989878,CO,8,20,10
India,Odisha,Angul,"Hakimapada, Angul - OSPCB",11-03-2026 15:00,20.832874,85.104082,PM10,70,173,112
India,Odisha,Angul,"Hakimapada, Angul - OSPCB",11-03-2026 15:00,20.832874,85.104082,CO,12,120,81
India,Odisha,Balasore,"Kalidaspur, Balasore - OSPCB",11-03-2026 15:00,21.51161,86.89088,PM2.5,58,117,75
India,Maharashtra,Parbhani,"Masoom Colony, Parbhani - MPCB",11-03-2026 15:00,19.265594,76.761463,OZONE,10,10,10
India,Maharashtra,Pimpri-Chinchwad,"Gavalinagar, Pimpri Chinchwad - MPCB",11-03-2026 15:00,18.63673,73.82487,NH3,8,25,13
India,Maharashtra,Pimpri-Chinchwad,"Park Street Wakad, Pimpri Chinchwad - MPCB",11-03-2026 15:00,18.59051,73.77946,NO2,40,109,68
India,Maharashtra,Pimpri-Chinchwad,"Park Street Wakad, Pimpri Chinchwad - MPCB",11-03-2026 15:00,18.59051,73.77946,CO,24,132,59
India,Maharashtra,Pimpri-Chinchwad,"Park Street Wakad, Pimpri Chinchwad - MPCB",11-03-2026 15:00,18.59051,73.77946,OZONE,1,137,77
India,Maharashtra,Pimpri-Chinchwad,"Savta Mali Nagar, Pimpri-Chinchwad - IITM",11-03-2026 15:00,18.614767,73.799516,PM10,70,127,103
India,Maharashtra,Pimpri-Chinchwad,"Thergaon, Pimpri Chinchwad - MPCB",11-03-2026 15:00,18.616318,73.765797,PM2.5,10,298,147
India,Odisha,Rairangpur,"Divisional Forest Office, Rairangpur - OSPCB",11-03-2026 15:00,22.265816,86.174829,PM2.5,NA,NA,NA
India,Odisha,Rairangpur,"Divisional Forest Office, Rairangpur - OSPCB",11-03-2026 15:00,22.265816,86.174829,CO,NA,NA,NA
India,Odisha,Rairangpur,"Divisional Forest Office, Rairangpur - OSPCB",11-03-2026 15:00,22.265816,86.174829,OZONE,NA,NA,NA
India,Odisha,Rourkela,"Fertilizer Township, Rourkela - OSPCB",11-03-2026 15:00,22.18972222,84.86277778,CO,12,26,14
India,Odisha,Rourkela,"Raghunathpali, Rourkela - OSPCB",11-03-2026 15:00,22.220833,84.809444,PM2.5,20,310,164
India,Odisha,Rourkela,"Raghunathpali, Rourkela - OSPCB",11-03-2026 15:00,22.220833,84.809444,NO2,15,18,15
India,Odisha,Rourkela,"Sector-2, Rourkela - OSPCB",11-03-2026 15:00,22.245,84.88111111,NO2,16,16,16
India,Odisha,Rourkela,"Sector-2, Rourkela - OSPCB",11-03-2026 15:00,22.245,84.88111111,CO,46,46,46
India,Maharashtra,Navi Mumbai,"Kopripada-Vashi, Navi Mumbai - MPCB",11-03-2026 15:00,19.090337,73.014232,CO,14,50,28
India,Maharashtra,Navi Mumbai,"Mahape, Navi Mumbai - MPCB",11-03-2026 15:00,19.1135051,73.008978,PM10,NA,NA,NA
India,Maharashtra,Navi Mumbai,"Nerul, Navi Mumbai - MPCB",11-03-2026 15:00,19.008751,73.01662,PM10,NA,NA,NA
India,Maharashtra,Navi Mumbai,"Nerul, Navi Mumbai - MPCB",11-03-2026 15:00,19.008751,73.01662,NO2,NA,NA,NA
India,Maharashtra,Navi Mumbai,"Sanpada, Navi Mumbai - MPCB",11-03-2026 15:00,19.0575752,73.0151367,NH3,3,74,22
India,Maharashtra,Navi Mumbai,"Sector-2E Kalamboli, Navi Mumbai - MPCB",11-03-2026 15:00,19.02579,73.10297,PM2.5,28,208,90
India,Maharashtra,Navi Mumbai,"Sector-2E Kalamboli, Navi Mumbai - MPCB",11-03-2026 15:00,19.02579,73.10297,PM10,30,331,103
India,Maharashtra,Pimpri-Chinchwad,"Thergaon, Pimpri Chinchwad - MPCB",11-03-2026 15:00,18.616318,73.765797,OZONE,1,80,58
India,Maharashtra,Pune,"Bhosari, Pune - IITM",11-03-2026 15:00,18.640051,73.848956,OZONE,1,53,32
India,Maharashtra,Pune,"Bhumkar Nagar, Pune - IITM",11-03-2026 15:00,18.60577,73.749976,OZONE,2,62,33
India,Maharashtra,Pune,"Hadapsar, Pune - IITM",11-03-2026 15:00,18.501793,73.927532,PM10,71,234,146
India,Maharashtra,Pune,"Hadapsar, Pune - IITM",11-03-2026 15:00,18.501793,73.927532,NO2,51,141,113
India,Maharashtra,Pune,"Katraj Dairy, Pune - MPCB",11-03-2026 15:00,18.45445,73.854155,OZONE,NA,NA,NA
India,Odisha,Bhubaneswar,"Patia, Bhubaneswar - OSPCB",11-03-2026 15:00,20.34652,85.8163,CO,91,102,100
India,Odisha,Brajrajnagar,"GM Office, Brajrajnagar - OSPCB",11-03-2026 15:00,21.8004996,83.8396977,PM10,NA,NA,NA
India,Odisha,Brajrajnagar,"GM Office, Brajrajnagar - OSPCB",11-03-2026 15:00,21.8004996,83.8396977,NO2,6,251,67
India,Odisha,Cuttack,"CDA Area, Cuttack - OSPCB",11-03-2026 15:00,20.48891,85.84768,PM10,93,123,106
India,Odisha,Cuttack,"CDA Area, Cuttack - OSPCB",11-03-2026 15:00,20.48891,85.84768,SO2,4,8,6
India,Odisha,Balasore,"Kalidaspur, Balasore - OSPCB",11-03-2026 15:00,21.51161,86.89088,PM10,65,111,82
India,Odisha,Barbil,"Forest Office, Barbil - OSPCB",11-03-2026 15:00,22.1166054,85.3945546,PM2.5,73,318,200
India,Odisha,Barbil,"Forest Office, Barbil - OSPCB",11-03-2026 15:00,22.1166054,85.3945546,PM10,97,249,148
India,Odisha,Bhubaneswar,"Lingraj Mandir, Bhubaneswar - OSPCB",11-03-2026 15:00,20.24079,85.836784,NO2,5,25,11
India,Maharashtra,Solapur,"Dnyaneshwar Nagar, Solapur - MPCB",11-03-2026 15:00,17.6336264,75.9132495,NO2,3,39,12
India,Maharashtra,Solapur,"Dnyaneshwar Nagar, Solapur - MPCB",11-03-2026 15:00,17.6336264,75.9132495,NH3,8,27,12
India,Maharashtra,Solapur,"Ratandeep Housing Society, Solapur - MPCB",11-03-2026 15:00,17.65439,75.90649,SO2,9,36,14
India,Maharashtra,Thane,"Upvan Fort, Thane - MPCB",11-03-2026 15:00,19.222279,72.957979,NH3,NA,NA,NA
India,Rajasthan,Bhilwara,"Pratap Nagar, Bhilwara - RSPCB",11-03-2026 15:00,25.339605,74.618883,NO2,8,107,42
India,Rajasthan,Bhiwadi,"RIICO Ind. Area III, Bhiwadi - RSPCB",11-03-2026 15:00,28.194909,76.862296,PM2.5,93,355,182
India,Rajasthan,Bhiwadi,"RIICO Ind. Area III, Bhiwadi - RSPCB",11-03-2026 15:00,28.194909,76.862296,PM10,102,385,170
India,Rajasthan,Bhiwadi,"Vasundhara Nagar_UIT, Bhiwadi - RSPCB",11-03-2026 15:00,28.207266,76.829265,PM2.5,86,419,289
India,Rajasthan,Bhiwadi,"Vasundhara Nagar_UIT, Bhiwadi - RSPCB",11-03-2026 15:00,28.207266,76.829265,PM10,106,473,271
India,Rajasthan,Bhiwadi,"Vasundhara Nagar_UIT, Bhiwadi - RSPCB",11-03-2026 15:00,28.207266,76.829265,NH3,1,6,4
India,Rajasthan,Bikaner,"MM Ground, Bikaner - RSPCB",11-03-2026 15:00,28.018792,73.292658,CO,10,110,27
India,Rajasthan,Bundi,"New Colony, Bundi - RSPCB",11-03-2026 15:00,25.435774,75.644272,NO2,11,149,45
India,Rajasthan,Bundi,"New Colony, Bundi - RSPCB",11-03-2026 15:00,25.435774,75.644272,SO2,1,14,6
India,Odisha,Talcher,"Talcher Coalfields,Talcher - OSPCB",11-03-2026 15:00,20.9360711,85.1707021,PM2.5,7,316,77
India,Odisha,Talcher,"Talcher Coalfields,Talcher - OSPCB",11-03-2026 15:00,20.9360711,85.1707021,NH3,6,9,6
India,Odisha,Tensa,"Barsua Iron Ore Mines, Tensa - OSPCB",11-03-2026 15:00,21.869985,85.167016,CO,28,78,55
India,Puducherry,Puducherry,"Jawahar Nagar, Puducherry - PPCC",11-03-2026 15:00,11.9309,79.8027,PM2.5,23,49,34
India,Puducherry,Puducherry,"Jawahar Nagar, Puducherry - PPCC",11-03-2026 15:00,11.9309,79.8027,OZONE,3,33,23
India,Punjab,Amritsar,"Golden Temple, Amritsar - PPCB",11-03-2026 15:00,31.62,74.876512,NH3,5,7,6
India,Punjab,Amritsar,"Golden Temple, Amritsar - PPCB",11-03-2026 15:00,31.62,74.876512,SO2,14,18,16
India,Punjab,Bathinda,"Hardev Nagar, Bathinda - PPCB",11-03-2026 15:00,30.233011,74.907758,NO2,17,31,27
India,Rajasthan,Alwar,"Moti Doongri, Alwar - RSPCB",11-03-2026 15:00,27.554793,76.611536,NO2,39,78,54
India,Rajasthan,Alwar,"Moti Doongri, Alwar - RSPCB",11-03-2026 15:00,27.554793,76.611536,SO2,3,39,18
India,Rajasthan,Alwar,"Moti Doongri, Alwar - RSPCB",11-03-2026 15:00,27.554793,76.611536,CO,6,84,45
India,Rajasthan,Banswara,"Rati Talai, Banswara - RSPCB",11-03-2026 15:00,23.55519,74.44001,NH3,4,12,6
India,Rajasthan,Baran,"Bamboliya, Baran - RSPCB",11-03-2026 15:00,25.106006,76.469948,PM10,53,255,120
India,Rajasthan,Baran,"Bamboliya, Baran - RSPCB",11-03-2026 15:00,25.106006,76.469948,NH3,3,14,9
India,Rajasthan,Barmer,"Railway Colony, Barmer - RSPCB",11-03-2026 15:00,25.747299,71.393989,NO2,4,44,17
India,Rajasthan,Barmer,"Railway Colony, Barmer - RSPCB",11-03-2026 15:00,25.747299,71.393989,NH3,4,7,5
India,Rajasthan,Barmer,"Railway Colony, Barmer - RSPCB",11-03-2026 15:00,25.747299,71.393989,OZONE,49,180,114
India,Punjab,Khanna,"Kalal Majra, Khanna - PPCB",11-03-2026 15:00,30.736056,76.209694,PM2.5,80,240,122
India,Punjab,Khanna,"Kalal Majra, Khanna - PPCB",11-03-2026 15:00,30.736056,76.209694,PM10,90,160,114
India,Punjab,Khanna,"Kalal Majra, Khanna - PPCB",11-03-2026 15:00,30.736056,76.209694,SO2,4,8,7
India,Punjab,Mandi Gobindgarh,"RIMT University, Mandi Gobindgarh - PPCB",11-03-2026 15:00,30.649961,76.331442,PM10,36,120,64
India,Punjab,Mandi Gobindgarh,"RIMT University, Mandi Gobindgarh - PPCB",11-03-2026 15:00,30.649961,76.331442,NO2,23,24,24
India,Punjab,Mandi Gobindgarh,"RIMT University, Mandi Gobindgarh - PPCB",11-03-2026 15:00,30.649961,76.331442,OZONE,33,33,33
India,Punjab,Patiala,"Model Town, Patiala - PPCB",11-03-2026 15:00,30.349388,76.366642,PM10,104,137,120
India,Punjab,Patiala,"Model Town, Patiala - PPCB",11-03-2026 15:00,30.349388,76.366642,NH3,6,7,6
India,Punjab,Patiala,"Model Town, Patiala - PPCB",11-03-2026 15:00,30.349388,76.366642,SO2,17,58,33
India,Rajasthan,Jaipur,"RIICO Sitapura, Jaipur - RSPCB",11-03-2026 15:00,26.786682,75.827928,NH3,3,9,7
India,Rajasthan,Jaipur,"Sector-2 Murlipura, Jaipur - RSPCB",11-03-2026 15:00,26.960669,75.771817,NO2,23,137,61
India,Rajasthan,Jaipur,"Shastri Nagar, Jaipur - RSPCB",11-03-2026 15:00,26.9502929,75.730943,PM10,74,226,134
India,Rajasthan,Jaisalmer,"Sadar Bazar, Jaisalmer - RSPCB",11-03-2026 15:00,26.912329,70.909168,PM2.5,38,133,59
India,Rajasthan,Jaisalmer,"Sadar Bazar, Jaisalmer - RSPCB",11-03-2026 15:00,26.912329,70.909168,PM10,70,227,120
India,Rajasthan,Jaisalmer,"Sadar Bazar, Jaisalmer - RSPCB",11-03-2026 15:00,26.912329,70.909168,SO2,3,6,5
India,Rajasthan,Jalore,"Mudtra Sili, Jalore - RSPCB",11-03-2026 15:00,25.344694,72.626208,NO2,6,148,54
India,Rajasthan,Jhunjhunu,"Indra Nagar, Jhunjhunu - RSPCB",11-03-2026 15:00,28.108988,75.386577,PM2.5,20,107,58
India,Rajasthan,Jodhpur,"Digari Kalan, Jodhpur - RSPCB",11-03-2026 15:00,26.29581,73.082283,NO2,8,108,54
India,Rajasthan,Jodhpur,"Digari Kalan, Jodhpur - RSPCB",11-03-2026 15:00,26.29581,73.082283,SO2,3,13,6
India,Rajasthan,Jodhpur,"Jhalamand, Jodhpur - RSPCB",11-03-2026 15:00,26.215415,73.070156,PM10,46,461,168
India,Rajasthan,Jodhpur,"Mandor, Jodhpur - RSPCB",11-03-2026 15:00,26.358805,73.047444,NH3,3,6,5
India,Rajasthan,Bundi,"New Colony, Bundi - RSPCB",11-03-2026 15:00,25.435774,75.644272,OZONE,24,156,156
India,Rajasthan,Chittorgarh,"Shastri Nagar, Chittorgarh - RSPCB",11-03-2026 15:00,24.892047,74.623527,PM2.5,28,163,82
India,Rajasthan,Churu,"Subash Chowk, Churu - RSPCB",11-03-2026 15:00,28.296139,74.961696,PM2.5,7,157,50
India,Rajasthan,Dausa,"Khatikan Mohalla, Dausa - RSPCB",11-03-2026 15:00,26.895552,76.334753,NO2,11,141,64
India,Rajasthan,Hanumangarh,"Housing Board, Hanumangarh - RSPCB",11-03-2026 15:00,29.61075,74.283608,PM2.5,11,81,37
India,Rajasthan,Hanumangarh,"Housing Board, Hanumangarh - RSPCB",11-03-2026 15:00,29.61075,74.283608,CO,48,86,64
India,Rajasthan,Jaipur,"Mansarovar Sector-12, Jaipur - RSPCB",11-03-2026 15:00,26.843698,75.766894,CO,27,141,46
India,Rajasthan,Jodhpur,"Samrat Ashok Udhyan, Jodhpur - RSPCB",11-03-2026 15:00,26.253384,72.976571,PM2.5,23,340,120
India,Rajasthan,Jodhpur,"Samrat Ashok Udhyan, Jodhpur - RSPCB",11-03-2026 15:00,26.253384,72.976571,PM10,45,423,159
India,Rajasthan,Jodhpur,"Samrat Ashok Udhyan, Jodhpur - RSPCB",11-03-2026 15:00,26.253384,72.976571,OZONE,4,199,116
India,Rajasthan,Pratapgarh,"Pragati Nagar, Pratapgarh - RSPCB",11-03-2026 15:00,24.041198,74.780702,OZONE,57,144,95
India,Rajasthan,Rajsamand,"Dhoinda, Rajsamand - RSPCB",11-03-2026 15:00,25.03636,73.883502,SO2,2,35,10
India,Rajasthan,Rajsamand,"Dhoinda, Rajsamand - RSPCB",11-03-2026 15:00,25.03636,73.883502,CO,4,157,27
India,Rajasthan,Sawai Madhopur,"Sahu Nagar, Sawai Madhopur - RSPCB",11-03-2026 15:00,26.031443,76.359327,SO2,6,19,9
India,Rajasthan,Sawai Madhopur,"Sahu Nagar, Sawai Madhopur - RSPCB",11-03-2026 15:00,26.031443,76.359327,OZONE,2,195,195
India,Rajasthan,Sikar,"Radhakishan Pura, Sikar - RSPCB",11-03-2026 15:00,27.608912,75.153302,PM10,53,434,177
India,Rajasthan,Sirohi,"Vedhaynath Colony, Sirohi - RSPCB",11-03-2026 15:00,24.885261,72.857549,NH3,1,4,3
India,Rajasthan,Sirohi,"Vedhaynath Colony, Sirohi - RSPCB",11-03-2026 15:00,24.885261,72.857549,SO2,3,16,6
India,Rajasthan,Sirohi,"Vedhaynath Colony, Sirohi - RSPCB",11-03-2026 15:00,24.885261,72.857549,CO,16,50,31
India,TamilNadu,Chennai,"Manali Village, Chennai - TNPCB",11-03-2026 15:00,13.1662,80.2584,CO,18,37,31
India,TamilNadu,Chennai,"Manali, Chennai - CPCB",11-03-2026 15:00,13.164544,80.26285,NO2,9,12,10
India,TamilNadu,Chennai,"Manali, Chennai - CPCB",11-03-2026 15:00,13.164544,80.26285,OZONE,45,301,84
India,TamilNadu,Chennai,"Perungudi, Chennai - TNPCB",11-03-2026 15:00,12.9533,80.2357,PM2.5,27,182,61
India,TamilNadu,Chennai,"Royapuram, Chennai - TNPCB",11-03-2026 15:00,13.1036,80.2909,PM2.5,22,87,46
India,TamilNadu,Chennai,"Velachery Res. Area, Chennai - CPCB",11-03-2026 15:00,13.0052189,80.2398125,OZONE,4,11,9
India,TamilNadu,Coimbatore,"PSG College of Arts and Science, Coimbatore - TNPCB",11-03-2026 15:00,11.0328,77.0349,PM2.5,25,77,52
India,TamilNadu,Coimbatore,"PSG College of Arts and Science, Coimbatore - TNPCB",11-03-2026 15:00,11.0328,77.0349,PM10,21,59,41
India,TamilNadu,Gummidipoondi,"Anthoni Pillai Nagar, Gummidipoondi - TNPCB",11-03-2026 15:00,13.4127,80.1081,PM2.5,40,430,155
India,TamilNadu,Perundurai,"SIPCOT Industrial Park, Perundurai - TNPCB",11-03-2026 15:00,11.258242,77.552761,NO2,12,13,13
India,TamilNadu,Thoothukudi,"Meelavittan, Thoothukudi - TNPCB",11-03-2026 15:00,8.816428,78.099039,SO2,3,19,11
India,Telangana,Hyderabad,"Central University, Hyderabad - TSPCB",11-03-2026 15:00,17.460103,78.334361,PM2.5,7,42,23
India,Telangana,Hyderabad,"Central University, Hyderabad - TSPCB",11-03-2026 15:00,17.460103,78.334361,PM10,8,46,25
India,Telangana,Hyderabad,"ECIL Kapra, Hyderabad - TSPCB",11-03-2026 15:00,17.470431,78.566959,SO2,1,18,8
India,Telangana,Hyderabad,"ICRISAT Patancheru, Hyderabad - TSPCB",11-03-2026 15:00,17.5184,78.278777,PM2.5,8,68,45
India,Telangana,Hyderabad,"ICRISAT Patancheru, Hyderabad - TSPCB",11-03-2026 15:00,17.5184,78.278777,NH3,1,5,2
India,Telangana,Hyderabad,"ICRISAT Patancheru, Hyderabad - TSPCB",11-03-2026 15:00,17.5184,78.278777,OZONE,14,82,37
India,Telangana,Hyderabad,"IDA Pashamylaram, Hyderabad - TSPCB",11-03-2026 15:00,17.5316895,78.218939,NH3,1,1,1
India,Telangana,Hyderabad,"IDA Pashamylaram, Hyderabad - TSPCB",11-03-2026 15:00,17.5316895,78.218939,SO2,2,23,11
India,Telangana,Hyderabad,"IITH Kandi, Hyderabad - TSPCB",11-03-2026 15:00,17.585705,78.126199,PM10,75,100,81
India,Telangana,Hyderabad,"Kompally Municipal Office, Hyderabad - TSPCB",11-03-2026 15:00,17.544899,78.486949,PM10,74,110,87
India,Telangana,Hyderabad,"Kompally Municipal Office, Hyderabad - TSPCB",11-03-2026 15:00,17.544899,78.486949,OZONE,13,46,22
India,Telangana,Hyderabad,"Nacharam_TSIIC IALA, Hyderabad - TSPCB",11-03-2026 15:00,17.429398,78.569354,OZONE,15,36,28
India,Telangana,Hyderabad,"New Malakpet, Hyderabad - TSPCB",11-03-2026 15:00,17.37206,78.50864,SO2,13,22,16
India,Telangana,Hyderabad,"New Malakpet, Hyderabad - TSPCB",11-03-2026 15:00,17.37206,78.50864,CO,24,46,30
India,Rajasthan,Sri Ganganagar,"Old City, Sri Ganganagar - RSPCB",11-03-2026 15:00,29.931624,73.864511,NO2,11,114,49
India,Rajasthan,Sri Ganganagar,"Old City, Sri Ganganagar - RSPCB",11-03-2026 15:00,29.931624,73.864511,NH3,5,8,6
India,Rajasthan,Tonk,"Shastri Nagar, Tonk - RSPCB",11-03-2026 15:00,26.159933,75.780517,OZONE,NA,NA,NA
India,Rajasthan,Udaipur,"Ashok Nagar, Udaipur - RSPCB",11-03-2026 15:00,24.5886166,73.6321397,PM2.5,55,307,141
India,Sikkim,Gangtok,"Zero Point GICI, Gangtok - SSPCB",11-03-2026 15:00,27.33853,88.614099,PM2.5,52,84,68
India,Sikkim,Gangtok,"Zero Point GICI, Gangtok - SSPCB",11-03-2026 15:00,27.33853,88.614099,SO2,1,1,1
India,TamilNadu,Chennai,"Kodungaiyur, Chennai - TNPCB",11-03-2026 15:00,13.1278,80.2642,NO2,11,16,13
India,Rajasthan,Kota,"Nayapura, Kota - RSPCB",11-03-2026 15:00,25.196024,75.855668,OZONE,5,190,123
India,Rajasthan,Pali,"Indira Colony Vistar, Pali - RSPCB",11-03-2026 15:00,25.771061,73.340227,PM10,63,255,128
India,Rajasthan,Pali,"Indira Colony Vistar, Pali - RSPCB",11-03-2026 15:00,25.771061,73.340227,NH3,2,15,6
India,TamilNadu,Chennai,"Manali Village, Chennai - TNPCB",11-03-2026 15:00,13.1662,80.2584,PM2.5,17,147,57
India,Uttar_Pradesh,Meerut,"Jai Bhim Nagar, Meerut - UPPCB",11-03-2026 15:00,28.9535882,77.7622941,NH3,10,24,16
India,Uttar_Pradesh,Meerut,"Jai Bhim Nagar, Meerut - UPPCB",11-03-2026 15:00,28.9535882,77.7622941,CO,28,106,65
India,Uttar_Pradesh,Meerut,"Pallavpuram Phase 2, Meerut - UPPCB",11-03-2026 15:00,29.06351,77.709723,PM2.5,81,305,218
India,Uttar_Pradesh,Meerut,"Pallavpuram Phase 2, Meerut - UPPCB",11-03-2026 15:00,29.06351,77.709723,SO2,8,36,19
India,Uttar_Pradesh,Moradabad,"Buddhi Vihar, Moradabad - UPPCB",11-03-2026 15:00,28.83526,78.7446,PM2.5,68,195,122
India,Uttar_Pradesh,Moradabad,"Buddhi Vihar, Moradabad - UPPCB",11-03-2026 15:00,28.83526,78.7446,SO2,20,26,21
India,Uttar_Pradesh,Moradabad,"Buddhi Vihar, Moradabad - UPPCB",11-03-2026 15:00,28.83526,78.7446,CO,12,57,34
India,Uttar_Pradesh,Moradabad,"Eco Herbal Park, Moradabad - UPPCB",11-03-2026 15:00,28.840739,78.697531,NO2,23,61,37
India,Uttar_Pradesh,Moradabad,"Eco Herbal Park, Moradabad - UPPCB",11-03-2026 15:00,28.840739,78.697531,NH3,5,11,8
India,Uttar_Pradesh,Moradabad,"Eco Herbal Park, Moradabad - UPPCB",11-03-2026 15:00,28.840739,78.697531,SO2,7,43,17
India,Uttar_Pradesh,Moradabad,"Employment Office, Moradabad - UPPCB",11-03-2026 15:00,28.88528,78.7388,PM2.5,99,282,188
India,Uttar_Pradesh,Moradabad,"Employment Office, Moradabad - UPPCB",11-03-2026 15:00,28.88528,78.7388,NH3,4,4,4
India,Uttar_Pradesh,Moradabad,"Jigar Colony, Moradabad - UPPCB",11-03-2026 15:00,28.856664,78.772638,NH3,6,6,6
India,Uttar_Pradesh,Kanpur,"Nehru Nagar, Kanpur - UPPCB",11-03-2026 15:00,26.4703136,80.3229863,NO2,43,50,47
India,Uttar_Pradesh,Khurja,"Kalindi Kunj, Khurja - UPPCB",11-03-2026 15:00,28.2348927,77.8683002,PM10,89,277,162
India,Uttar_Pradesh,Lucknow,"B R Ambedkar University, Lucknow - UPPCB",11-03-2026 15:00,26.766433,80.927299,NO2,11,12,12
India,Uttar_Pradesh,Lucknow,"B R Ambedkar University, Lucknow - UPPCB",11-03-2026 15:00,26.766433,80.927299,SO2,18,20,18
India,Uttar_Pradesh,Lucknow,"B R Ambedkar University, Lucknow - UPPCB",11-03-2026 15:00,26.766433,80.927299,CO,14,20,17
India,Uttar_Pradesh,Lucknow,"Gomti Nagar, Lucknow - UPPCB",11-03-2026 15:00,26.86812,81.005119,NO2,8,10,9
India,Uttar_Pradesh,Lucknow,"Gomti Nagar, Lucknow - UPPCB",11-03-2026 15:00,26.86812,81.005119,CO,36,42,40
India,Uttar_Pradesh,Lucknow,"Gomti Nagar, Lucknow - UPPCB",11-03-2026 15:00,26.86812,81.005119,OZONE,36,47,42
India,Uttar_Pradesh,Lucknow,"Kendriya Vidyalaya, Lucknow - CPCB",11-03-2026 15:00,26.906111,80.948222,NO2,38,43,41
India,Uttar_Pradesh,Lucknow,"Kukrail Picnic Spot-1, Lucknow - UPPCB",11-03-2026 15:00,26.90723,80.98579,PM2.5,79,183,120
India,Uttar_Pradesh,Agra,"Rohta, Agra - UPPCB",11-03-2026 15:00,27.106972,78.000111,OZONE,10,14,13
India,Uttar_Pradesh,Agra,"Sanjay Palace, Agra - UPPCB",11-03-2026 15:00,27.19865833,78.00598056,PM2.5,50,331,228
India,Uttar_Pradesh,Agra,"Sanjay Palace, Agra - UPPCB",11-03-2026 15:00,27.19865833,78.00598056,CO,30,36,32
India,Uttar_Pradesh,Agra,"Sector-3B Avas Vikas Colony, Agra - UPPCB",11-03-2026 15:00,27.19412,77.96237,NO2,36,36,36
India,Uttar_Pradesh,Agra,"Shahjahan Garden, Agra - UPPCB",11-03-2026 15:00,27.169338,78.03582,SO2,54,71,62
India,Uttar_Pradesh,Agra,"Shastripuram, Agra - UPPCB",11-03-2026 15:00,27.19862,77.92066,NH3,3,3,3
India,Uttar_Pradesh,Agra,"Shastripuram, Agra - UPPCB",11-03-2026 15:00,27.19862,77.92066,SO2,29,61,41
India,Uttar_Pradesh,Agra,"Shastripuram, Agra - UPPCB",11-03-2026 15:00,27.19862,77.92066,CO,13,30,21
India,Uttar_Pradesh,Baghpat,"Sardar Patel Inter College, Baghpat - UPPCB",11-03-2026 15:00,28.964949,77.278761,CO,23,109,59
India,Uttar_Pradesh,Bareilly,"Civil Lines, Bareilly - UPPCB",11-03-2026 15:00,28.359581,79.414455,PM10,45,78,63
India,Uttar_Pradesh,Bareilly,"Rajendra Nagar, Bareilly - UPPCB",11-03-2026 15:00,28.38910936,79.42963708,NO2,9,10,9
India,Uttar_Pradesh,Bulandshahr,"Yamunapuram, Bulandshahr - UPPCB",11-03-2026 15:00,28.406963,77.849831,SO2,11,59,27
India,Uttar_Pradesh,Firozabad,"Vibhab Nagar, Firozabad - UPPCB",11-03-2026 15:00,27.1594,78.3953,PM10,36,88,56
India,Uttar_Pradesh,Lucknow,"Kukrail Picnic Spot-1, Lucknow - UPPCB",11-03-2026 15:00,26.90723,80.98579,NH3,6,6,6
India,Uttar_Pradesh,Lucknow,"Kukrail Picnic Spot-1, Lucknow - UPPCB",11-03-2026 15:00,26.90723,80.98579,CO,7,14,12
India,Uttar_Pradesh,Lucknow,"Lalbagh, Lucknow - CPCB",11-03-2026 15:00,26.8458805,80.9365541,SO2,2,12,6
India,Uttar_Pradesh,Lucknow,"Lalbagh, Lucknow - CPCB",11-03-2026 15:00,26.8458805,80.9365541,OZONE,10,51,31
India,Uttar_Pradesh,Lucknow,"Talkatora District Industries Center, Lucknow - CPCB",11-03-2026 15:00,26.83399722,80.8917361,SO2,1,15,6
India,Uttar_Pradesh,Meerut,"Ganga Nagar, Meerut - UPPCB",11-03-2026 15:00,28.999264,77.7590354,NH3,6,9,7
India,Uttar_Pradesh,Ghaziabad,"Sanjay Nagar, Ghaziabad - UPPCB",11-03-2026 15:00,28.685382,77.453839,PM2.5,70,326,279
India,Uttar_Pradesh,Ghaziabad,"Sanjay Nagar, Ghaziabad - UPPCB",11-03-2026 15:00,28.685382,77.453839,OZONE,10,66,28
India,Uttar_Pradesh,Ghaziabad,"Vasundhara, Ghaziabad - UPPCB",11-03-2026 15:00,28.6603346,77.3572563,PM2.5,73,359,263
India,Uttar_Pradesh,Ghaziabad,"Vasundhara, Ghaziabad - UPPCB",11-03-2026 15:00,28.6603346,77.3572563,SO2,5,101,40
India,Uttar_Pradesh,Ghaziabad,"Vasundhara, Ghaziabad - UPPCB",11-03-2026 15:00,28.6603346,77.3572563,OZONE,3,59,4
India,Uttar_Pradesh,Gorakhpur,"Madan Mohan Malaviya University of Technology, Gorakhpur - UPPCB",11-03-2026 15:00,26.730136,83.433859,PM10,NA,NA,NA
India,Uttar_Pradesh,Greater Noida,"Knowledge Park - III, Greater Noida - UPPCB",11-03-2026 15:00,28.47272,77.482,OZONE,3,135,68
India,Uttar_Pradesh,Greater Noida,"Knowledge Park - V, Greater Noida - UPPCB",11-03-2026 15:00,28.557054,77.453663,OZONE,2,165,82
India,Uttar_Pradesh,Jhansi,"Shivaji Nagar, Jhansi - UPPCB",11-03-2026 15:00,25.4547,78.6039,NH3,4,5,4
India,Uttar_Pradesh,Kanpur,"FTI Kidwai Nagar, Kanpur - UPPCB",11-03-2026 15:00,26.428282,80.327067,SO2,22,26,24
India,Telangana,Hyderabad,"Somajiguda, Hyderabad - TSPCB",11-03-2026 15:00,17.417094,78.457437,NO2,12,16,13
India,Telangana,Hyderabad,"Zoo Park, Hyderabad - TSPCB",11-03-2026 15:00,17.349694,78.451437,OZONE,22,27,24
India,Tripura,Agartala,"Bardowali, Agartala - Tripura SPCB",11-03-2026 15:00,23.8175497,91.2726974,OZONE,1,8,5
India,Uttar_Pradesh,Moradabad,"Transport Nagar, Moradabad - UPPCB",11-03-2026 15:00,28.802625,78.753728,CO,87,101,89
India,Uttar_Pradesh,Noida,"Sector - 125, Noida - UPPCB",11-03-2026 15:00,28.5447608,77.3231257,OZONE,9,138,67
India,West_Bengal,Durgapur,"Mahishkapur Road_B-Zone, Durgapur - WBPCB",11-03-2026 15:00,23.567923,87.306843,CO,45,89,53
India,West_Bengal,Durgapur,"PCBL Residential Complex, Durgapur - WBPCB",11-03-2026 15:00,23.508764,87.35444,NO2,24,60,34
India,West_Bengal,Durgapur,"PCBL Residential Complex, Durgapur - WBPCB",11-03-2026 15:00,23.508764,87.35444,NH3,7,10,9
India,West_Bengal,Durgapur,"PCBL Residential Complex, Durgapur - WBPCB",11-03-2026 15:00,23.508764,87.35444,CO,58,110,79
India,West_Bengal,Durgapur,"PCBL Residential Complex, Durgapur - WBPCB",11-03-2026 15:00,23.508764,87.35444,OZONE,1,36,18
India,West_Bengal,Durgapur,"Womens College_City Center, Durgapur - WBPCB",11-03-2026 15:00,23.549395,87.300496,NO2,18,30,24
India,West_Bengal,Durgapur,"Womens College_City Center, Durgapur - WBPCB",11-03-2026 15:00,23.549395,87.300496,OZONE,3,53,26
India,West_Bengal,Haldia,"Priyambada Housing Estate, Haldia - WBPCB",11-03-2026 15:00,22.06047,88.109737,NH3,6,9,7
India,West_Bengal,Howrah,"Belur Math, Howrah - WBPCB",11-03-2026 15:00,22.629801,88.352017,PM10,78,118,95
India,West_Bengal,Howrah,"Belur Math, Howrah - WBPCB",11-03-2026 15:00,22.629801,88.352017,NO2,31,89,53
India,West_Bengal,Howrah,"Belur Math, Howrah - WBPCB",11-03-2026 15:00,22.629801,88.352017,SO2,11,28,17
India,West_Bengal,Howrah,"Belur Math, Howrah - WBPCB",11-03-2026 15:00,22.629801,88.352017,CO,16,36,22
India,Uttar_Pradesh,Noida,"Sector-1, Noida - UPPCB",11-03-2026 15:00,28.5898,77.3101,NO2,NA,NA,NA
India,Uttar_Pradesh,Noida,"Sector-116, Noida - UPPCB",11-03-2026 15:00,28.56923,77.393848,NH3,13,33,21
India,Uttar_Pradesh,Prayagraj,"Jhunsi, Prayagraj - UPPCB",11-03-2026 15:00,25.425602,81.917152,PM2.5,31,133,94
India,Uttar_Pradesh,Prayagraj,"Jhunsi, Prayagraj - UPPCB",11-03-2026 15:00,25.425602,81.917152,PM10,85,141,115
India,Uttar_Pradesh,Prayagraj,"Motilal Nehru NIT, Prayagraj - UPPCB",11-03-2026 15:00,25.494,81.863,PM2.5,50,175,123
India,Uttar_Pradesh,Prayagraj,"Motilal Nehru NIT, Prayagraj - UPPCB",11-03-2026 15:00,25.494,81.863,PM10,79,118,99
India,Uttar_Pradesh,Prayagraj,"Motilal Nehru NIT, Prayagraj - UPPCB",11-03-2026 15:00,25.494,81.863,NO2,12,12,12
India,Uttar_Pradesh,Prayagraj,"Motilal Nehru NIT, Prayagraj - UPPCB",11-03-2026 15:00,25.494,81.863,NH3,8,8,8
India,Uttar_Pradesh,Prayagraj,"Nagar Nigam, Prayagraj - UPPCB",11-03-2026 15:00,25.44919916,81.82735986,NH3,9,12,11
India,Uttar_Pradesh,Prayagraj,"Nagar Nigam, Prayagraj - UPPCB",11-03-2026 15:00,25.44919916,81.82735986,CO,24,50,31
India,West_Bengal,Kolkata,"Fort William, Kolkata - WBPCB",11-03-2026 15:00,22.55664,88.342674,NO2,24,37,30
India,West_Bengal,Kolkata,"Jadavpur, Kolkata - WBPCB",11-03-2026 15:00,22.49929,88.36917,PM2.5,55,76,66
India,West_Bengal,Kolkata,"Jadavpur, Kolkata - WBPCB",11-03-2026 15:00,22.49929,88.36917,CO,14,28,21
India,West_Bengal,Kolkata,"Rabindra Bharati University, Kolkata - WBPCB",11-03-2026 15:00,22.627847,88.380669,NH3,12,12,12
India,West_Bengal,Kolkata,"Rabindra Sarobar, Kolkata - WBPCB",11-03-2026 15:00,22.51106,88.35142,PM2.5,41,66,52
India,West_Bengal,Kolkata,"Rabindra Sarobar, Kolkata - WBPCB",11-03-2026 15:00,22.51106,88.35142,CO,24,29,26
India,West_Bengal,Kolkata,"Victoria, Kolkata - WBPCB",11-03-2026 15:00,22.5448082,88.3403691,PM10,46,87,74
India,Uttar_Pradesh,Raebareli," Indira Nagar, Raebareli - NTPC Unchahar",11-03-2026 15:00,26.207781,81.245571,OZONE,3,93,39
India,Uttar_Pradesh,Varanasi,"Bhelupur, Varanasi - UPPCB",11-03-2026 15:00,25.301778,82.996789,NH3,1,1,1
India,Uttar_Pradesh,Varanasi,"Bhelupur, Varanasi - UPPCB",11-03-2026 15:00,25.301778,82.996789,SO2,24,27,25
India,Uttar_Pradesh,Varanasi,"Bhelupur, Varanasi - UPPCB",11-03-2026 15:00,25.301778,82.996789,CO,16,30,20
India,Uttar_Pradesh,Varanasi,"IESD Banaras Hindu University, Varanasi - UPPCB",11-03-2026 15:00,25.262326,82.995408,PM10,70,170,113
India,Uttar_Pradesh,Varanasi,"Maldahiya, Varanasi - UPPCB",11-03-2026 15:00,25.32393,82.99687,CO,24,54,29
India,West_Bengal,Howrah,"Ghusuri, Howrah - WBPCB",11-03-2026 15:00,22.611968,88.347422,OZONE,13,23,18
India,West_Bengal,Howrah,"Padmapukur, Howrah - WBPCB",11-03-2026 15:00,22.5687319,88.2797276,PM2.5,49,63,56
India,West_Bengal,Howrah,"Padmapukur, Howrah - WBPCB",11-03-2026 15:00,22.5687319,88.2797276,NO2,31,79,43
India,West_Bengal,Kolkata,"Ballygunge, Kolkata - WBPCB",11-03-2026 15:00,22.5367507,88.3638022,PM2.5,53,78,64
India,West_Bengal,Kolkata,"Bidhannagar, Kolkata - WBPCB",11-03-2026 15:00,22.58157048,88.41002457,PM10,57,112,87
India,West_Bengal,Kolkata,"Bidhannagar, Kolkata - WBPCB",11-03-2026 15:00,22.58157048,88.41002457,NO2,12,14,13
India,Uttarakhand,Kashipur,"Govt. Girls Inter College, Kashipur - UKPCB",11-03-2026 15:00,29.2124114,78.9611753,NH3,2,4,3
India,Uttarakhand,Kashipur,"Govt. Girls Inter College, Kashipur - UKPCB",11-03-2026 15:00,29.2124114,78.9611753,OZONE,16,18,17
India,Uttarakhand,Rishikesh,"Shivaji Nagar, Rishikesh - UKPCB",11-03-2026 15:00,30.075911,78.2859547,NO2,23,25,25
India,West_Bengal,Asansol,"Asansol Court Area, Asansol - WBPCB",11-03-2026 15:00,23.685297,86.945968,NH3,3,9,5
India,West_Bengal,Asansol,"Asansol Court Area, Asansol - WBPCB",11-03-2026 15:00,23.685297,86.945968,CO,24,54,42
India,West_Bengal,Asansol,"Evelyn Lodge, Asansol - WBPCB",11-03-2026 15:00,23.697936,86.944395,OZONE,4,50,27
India,West_Bengal,Asansol,"Mahabir Colliery, Asansol - WBPCB",11-03-2026 15:00,23.618183,87.105718,PM2.5,41,93,67
India,West_Bengal,Asansol,"Trivenidevi Bhalotia College, Asansol - WBPCB",11-03-2026 15:00,23.616515,87.119133,SO2,4,13,7
India,West_Bengal,Howrah,"Botanical Garden, Howrah - WBPCB",11-03-2026 15:00,22.554954,88.292568,NH3,1,1,1
India,West_Bengal,Howrah,"Botanical Garden, Howrah - WBPCB",11-03-2026 15:00,22.554954,88.292568,SO2,4,30,15
India,West_Bengal,Howrah,"Dasnagar, Howrah - WBPCB",11-03-2026 15:00,22.6025571,88.3105664,NO2,10,47,22
India,Andhra_Pradesh,Vijayawada,"Kanuru, Vijayawada - APPCB",11-03-2026 15:00,16.486692,80.699436,CO,22,38,29
India,Andhra_Pradesh,Vijayawada,"Kanuru, Vijayawada - APPCB",11-03-2026 15:00,16.486692,80.699436,OZONE,22,33,26
India,Andhra_Pradesh,Vijayawada,"Rajiv Gandhi Park, Vijayawada - APPCB",11-03-2026 15:00,16.509717,80.612222,PM2.5,40,81,61
India,Andhra_Pradesh,Vijayawada,"Rajiv Gandhi Park, Vijayawada - APPCB",11-03-2026 15:00,16.509717,80.612222,NH3,3,4,4
India,Andhra_Pradesh,Vijayawada,"Rajiv Gandhi Park, Vijayawada - APPCB",11-03-2026 15:00,16.509717,80.612222,SO2,14,20,15
India,Andhra_Pradesh,Vijayawada,"Rajiv Nagar, Vijayawada - APPCB",11-03-2026 15:00,16.554731,80.64911,NO2,19,26,25
India,Andhra_Pradesh,Vijayawada,"Rajiv Nagar, Vijayawada - APPCB",11-03-2026 15:00,16.554731,80.64911,CO,27,40,35
India,Andhra_Pradesh,Visakhapatnam,"GVM Corporation, Visakhapatnam - APPCB",11-03-2026 15:00,17.72,83.3,SO2,5,104,33
India,Arunachal_Pradesh,Naharlagun,"Naharlagun, Naharlagun - APSPCB",11-03-2026 15:00,27.103358,93.679645,NO2,7,8,7
India,Arunachal_Pradesh,Naharlagun,"Naharlagun, Naharlagun - APSPCB",11-03-2026 15:00,27.103358,93.679645,OZONE,6,6,6
India,Andhra_Pradesh,Machilipatnam,"Srinivas Nagar Colony, Machilipatnam - APPCB",11-03-2026 15:00,16.186555,81.13219,PM10,NA,NA,NA
India,Andhra_Pradesh,Rajamahendravaram,"Anand Kala Kshetram, Rajamahendravaram - APPCB",11-03-2026 15:00,16.9872867,81.7363176,PM2.5,29,117,69
India,Andhra_Pradesh,Rajamahendravaram,"Anand Kala Kshetram, Rajamahendravaram - APPCB",11-03-2026 15:00,16.9872867,81.7363176,NH3,2,4,3
India,Andhra_Pradesh,Tirumala,"Toll Gate, Tirumala - APPCB",11-03-2026 15:00,13.67,79.35,SO2,1,25,7
India,Andhra_Pradesh,Tirupati,"Vaikuntapuram, Tirupati - APPCB",11-03-2026 15:00,13.615387,79.40923,PM10,33,70,48
India,Andhra_Pradesh,Tirupati,"Vaikuntapuram, Tirupati - APPCB",11-03-2026 15:00,13.615387,79.40923,NH3,5,7,5
India,Andhra_Pradesh,Vijayawada,"HB Colony, Vijayawada - APPCB",11-03-2026 15:00,16.536107,80.594233,SO2,14,22,19
India,Bihar,Chhapra,"Darshan Nagar, Chhapra - BSPCB",11-03-2026 15:00,25.7808257,84.7446768,NH3,7,10,8
India,Bihar,Gaya,"Kareemganj, Gaya - BSPCB",11-03-2026 15:00,24.792403,84.992416,PM2.5,73,345,244
India,Bihar,Gaya,"Kareemganj, Gaya - BSPCB",11-03-2026 15:00,24.792403,84.992416,CO,4,66,12
India,Bihar,Gaya,"SFTI Kusdihra, Gaya - BSPCB",11-03-2026 15:00,24.762518,84.982348,PM10,50,92,69
India,Bihar,Gaya,"SFTI Kusdihra, Gaya - BSPCB",11-03-2026 15:00,24.762518,84.982348,NO2,19,23,21
India,Bihar,Gaya,"SFTI Kusdihra, Gaya - BSPCB",11-03-2026 15:00,24.762518,84.982348,NH3,3,5,4
India,Bihar,Gaya,"SFTI Kusdihra, Gaya - BSPCB",11-03-2026 15:00,24.762518,84.982348,CO,20,44,26
India,Bihar,Hajipur,"Industrial Area, Hajipur - BSPCB",11-03-2026 15:00,25.697189,85.2459,PM10,120,189,154
India,Assam,Guwahati,"IITG, Guwahati - PCBA",11-03-2026 15:00,26.2028636,91.70046436,SO2,32,40,34
India,Assam,Guwahati,"LGBI Airport, Guwahati - PCBA",11-03-2026 15:00,26.10887,91.589544,NH3,5,6,5
India,Assam,Guwahati,"LGBI Airport, Guwahati - PCBA",11-03-2026 15:00,26.10887,91.589544,CO,17,122,76
India,Assam,Guwahati,"Railway Colony, Guwahati - PCBA",11-03-2026 15:00,26.181742,91.78063,PM2.5,40,346,233
India,Assam,Guwahati,"Railway Colony, Guwahati - PCBA",11-03-2026 15:00,26.181742,91.78063,PM10,99,180,127
India,Assam,Nagaon,"Christianpatty, Nagaon - PCBA",11-03-2026 15:00,26.349082,92.68449,PM10,102,143,118
India,Assam,Nagaon,"Christianpatty, Nagaon - PCBA",11-03-2026 15:00,26.349082,92.68449,NH3,4,4,4
India,Assam,Nagaon,"Christianpatty, Nagaon - PCBA",11-03-2026 15:00,26.349082,92.68449,SO2,7,13,12
India,Assam,Nalbari,"Bata Chowk, Nalbari - PCBA",11-03-2026 15:00,26.446912,91.439057,SO2,5,8,8
India,Assam,Silchar,"Tarapur, Silchar - PCBA",11-03-2026 15:00,24.82827,92.79525,NO2,18,23,23
India,Assam,Sivasagar,"Girls College, Sivasagar - PCBA",11-03-2026 15:00,26.987634,94.636574,PM10,33,94,58
India,Assam,Sivasagar,"Girls College, Sivasagar - PCBA",11-03-2026 15:00,26.987634,94.636574,NO2,35,62,44
India,Bihar,Araria,"Kharahiya Basti, Araria - BSPCB",11-03-2026 15:00,26.146529,87.454184,PM2.5,45,302,119
India,Bihar,Araria,"Kharahiya Basti, Araria - BSPCB",11-03-2026 15:00,26.146529,87.454184,NH3,4,4,4
India,Bihar,Bhagalpur,"DM Office_Kachari Chowk, Bhagalpur - BSPCB",11-03-2026 15:00,25.251013,86.989001,PM10,54,201,98
India,Bihar,Bhagalpur,"Mayaganj, Bhagalpur - BSPCB",11-03-2026 15:00,25.265194,87.012947,PM2.5,13,47,28
India,Bihar,Buxar,"Charitra Van, Buxar - BSPCB",11-03-2026 15:00,25.56752,83.966379,SO2,22,41,32
India,Bihar,Chhapra,"Darshan Nagar, Chhapra - BSPCB",11-03-2026 15:00,25.7808257,84.7446768,PM10,43,285,167
India,Bihar,Aurangabad,"Gurdeo Nagar, Aurangabad - BSPCB",11-03-2026 15:00,24.75746,84.366208,SO2,1,20,12
India,Bihar,Begusarai,"Lohiyanagar, Begusarai - BSPCB",11-03-2026 15:00,25.42742023,86.13886079,PM2.5,48,200,99
India,Bihar,Bettiah,"Kamalnath Nagar, Bettiah - BSPCB",11-03-2026 15:00,26.80365,84.51954,SO2,3,11,6
India,Andhra_Pradesh,Anantapur,"Gulzarpet, Anantapur - APPCB",11-03-2026 15:00,14.675886,77.593027,NO2,14,15,15
India,Andhra_Pradesh,Eluru,"District Court, Eluru - APPCB",11-03-2026 15:00,16.711754,81.092095,PM10,NA,NA,NA
India,Andhra_Pradesh,Kadapa,"Yerramukkapalli, Kadapa - APPCB",11-03-2026 15:00,14.465052,78.824187,NO2,20,26,25
India,Andhra_Pradesh,Amaravati,"Secretariat, Amaravati - APPCB",11-03-2026 15:00,16.5150833,80.5181667,PM10,57,160,95
India,Andhra_Pradesh,Amaravati,"Secretariat, Amaravati - APPCB",11-03-2026 15:00,16.5150833,80.5181667,NH3,2,2,2
India,Andhra_Pradesh,Amaravati,"Secretariat, Amaravati - APPCB",11-03-2026 15:00,16.5150833,80.5181667,SO2,2,3,3
India,Andhra_Pradesh,Kadapa,"Yerramukkapalli, Kadapa - APPCB",11-03-2026 15:00,14.465052,78.824187,OZONE,13,16,14
India,Bihar,Katihar,"Mirchaibari, Katihar - BSPCB",11-03-2026 15:00,25.560083,87.553265,CO,61,94,81
India,Bihar,Kishanganj,"SDM Office_Khagra, Kishanganj - BSPCB",11-03-2026 15:00,26.0881305,87.93840336,PM10,20,211,61
India,Bihar,Manguraha,"Forest Rest House, Manguraha - BSPCB",11-03-2026 15:00,27.308328,84.531742,NH3,1,4,1
India,Bihar,Manguraha,"Forest Rest House, Manguraha - BSPCB",11-03-2026 15:00,27.308328,84.531742,SO2,16,17,16
India,Bihar,Manguraha,"Forest Rest House, Manguraha - BSPCB",11-03-2026 15:00,27.308328,84.531742,CO,32,33,32
India,Bihar,Motihari,"Gandak Colony, Motihari - BSPCB",11-03-2026 15:00,26.63086,84.90051,NO2,3,6,4
India,Bihar,Munger,"Town Hall, Munger - BSPCB",11-03-2026 15:00,25.376776,86.471523,PM2.5,33,83,45
India,Bihar,Munger,"Town Hall, Munger - BSPCB",11-03-2026 15:00,25.376776,86.471523,PM10,33,80,43
India,Bihar,Munger,"Town Hall, Munger - BSPCB",11-03-2026 15:00,25.376776,86.471523,NH3,2,3,3
India,Bihar,Munger,"Town Hall, Munger - BSPCB",11-03-2026 15:00,25.376776,86.471523,CO,20,40,36
India,Bihar,Munger,"Town Hall, Munger - BSPCB",11-03-2026 15:00,25.376776,86.471523,OZONE,9,10,10
India,Bihar,Muzaffarpur,"Buddha Colony, Muzaffarpur - BSPCB",11-03-2026 15:00,26.11442,85.39813,CO,20,66,33
India,Delhi,Delhi,"Alipur, Delhi - DPCC",11-03-2026 15:00,28.815329,77.15301,NO2,10,64,35
India,Delhi,Delhi,"Alipur, Delhi - DPCC",11-03-2026 15:00,28.815329,77.15301,OZONE,2,66,38
India,Delhi,Delhi,"Anand Vihar, Delhi - DPCC",11-03-2026 15:00,28.647622,77.315809,PM2.5,80,371,260
India,Delhi,Delhi,"Anand Vihar, Delhi - DPCC",11-03-2026 15:00,28.647622,77.315809,PM10,183,466,347
India,Delhi,Delhi,"Anand Vihar, Delhi - DPCC",11-03-2026 15:00,28.647622,77.315809,NO2,NA,NA,NA
India,Delhi,Delhi,"Anand Vihar, Delhi - DPCC",11-03-2026 15:00,28.647622,77.315809,NH3,1,2,1
India,Delhi,Delhi,"Ashok Vihar, Delhi - DPCC",11-03-2026 15:00,28.695381,77.181665,PM2.5,101,340,262
India,Delhi,Delhi,"Aya Nagar, Delhi - IMD",11-03-2026 15:00,28.4706914,77.1099364,OZONE,5,97,64
India,Delhi,Delhi,"Bawana, Delhi - DPCC",11-03-2026 15:00,28.7762,77.051074,PM2.5,93,441,290
India,Delhi,Delhi,"Bawana, Delhi - DPCC",11-03-2026 15:00,28.7762,77.051074,PM10,149,447,288
India,Delhi,Delhi,"Bawana, Delhi - DPCC",11-03-2026 15:00,28.7762,77.051074,NO2,7,61,27
India,Delhi,Delhi,"Bawana, Delhi - DPCC",11-03-2026 15:00,28.7762,77.051074,SO2,8,54,20
India,Chhattisgarh,Raipur,"AIIMS, Raipur - CECB",11-03-2026 15:00,21.258815,81.578979,NO2,26,45,37
India,Chhattisgarh,Raipur,"AIIMS, Raipur - CECB",11-03-2026 15:00,21.258815,81.578979,NH3,4,5,4
India,Chhattisgarh,Raipur,"Bhatagaon New ISBT, Raipur - CECB",11-03-2026 15:00,21.219665,81.630094,PM10,30,138,79
India,Chhattisgarh,Raipur,"Bhatagaon New ISBT, Raipur - CECB",11-03-2026 15:00,21.219665,81.630094,NO2,7,60,36
India,Chhattisgarh,Raipur,"Bhatagaon New ISBT, Raipur - CECB",11-03-2026 15:00,21.219665,81.630094,CO,24,109,49
India,Chhattisgarh,Raipur,"Krishak Nagar, Raipur - CECB",11-03-2026 15:00,21.237755,81.705301,PM2.5,42,77,57
India,Chhattisgarh,Raipur,"Krishak Nagar, Raipur - CECB",11-03-2026 15:00,21.237755,81.705301,NH3,2,2,2
India,Chhattisgarh,Raipur,"Siltara Phase-II, Raipur - CECB",11-03-2026 15:00,21.371751,81.664929,PM2.5,28,111,60
India,Chhattisgarh,Raipur,"Siltara Phase-II, Raipur - CECB",11-03-2026 15:00,21.371751,81.664929,CO,10,19,13
India,Chhattisgarh,Tumidih,"OP Jindal Industrial Park, Tumidih - CECB",11-03-2026 15:00,22.06631475,83.33820077,SO2,5,10,6
India,Bihar,Siwan,"Chitragupta Nagar, Siwan - BSPCB",11-03-2026 15:00,26.2271665,84.3570427,SO2,NA,NA,NA
India,Chandigarh,Chandigarh,"Sector 22, Chandigarh - CPCC",11-03-2026 15:00,30.735567,76.775714,NO2,8,32,15
India,Chhattisgarh,Bhilai,"32Bungalows, Bhilai - CECB",11-03-2026 15:00,21.194815,81.31477,PM10,17,49,35
India,Chhattisgarh,Bhilai,"32Bungalows, Bhilai - CECB",11-03-2026 15:00,21.194815,81.31477,NO2,27,47,33
India,Chhattisgarh,Bhilai,"32Bungalows, Bhilai - CECB",11-03-2026 15:00,21.194815,81.31477,NH3,1,2,1
India,Chhattisgarh,Bhilai,"Civic Center, Bhilai - Bhilai Steel Plant",11-03-2026 15:00,21.185571,81.343175,PM2.5,14,52,33
India,Chhattisgarh,Bhilai,"Civic Center, Bhilai - Bhilai Steel Plant",11-03-2026 15:00,21.185571,81.343175,OZONE,5,12,10
India,Bihar,Patna,"Samanpura, Patna - BSPCB",11-03-2026 15:00,25.596727,85.085624,NH3,9,12,9
India,Bihar,Patna,"Samanpura, Patna - BSPCB",11-03-2026 15:00,25.596727,85.085624,CO,64,112,80
India,Bihar,Purnia,"Mariam Nagar, Purnia - BSPCB",11-03-2026 15:00,25.366336,87.117468,PM10,57,94,70
India,Bihar,Purnia,"Mariam Nagar, Purnia - BSPCB",11-03-2026 15:00,25.366336,87.117468,NH3,3,3,3
India,Bihar,Purnia,"Mariam Nagar, Purnia - BSPCB",11-03-2026 15:00,25.366336,87.117468,CO,49,60,56
India,Bihar,Saharsa,"Police Line, Saharsa - BSPCB",11-03-2026 15:00,25.892357,86.590325,PM10,94,405,218
India,Bihar,Saharsa,"Police Line, Saharsa - BSPCB",11-03-2026 15:00,25.892357,86.590325,CO,39,48,43
India,Chhattisgarh,Bhilai,"Hathkhoj, Bhilai - CECB",11-03-2026 15:00,21.224231,81.40835,CO,37,101,65
India,Chhattisgarh,Bilaspur,"Mangala, Bilaspur - NTPC",11-03-2026 15:00,22.08815,82.13737,SO2,11,34,18
India,Chhattisgarh,Korba,"Rampur, Korba - CECB",11-03-2026 15:00,22.368195,82.746431,PM2.5,55,141,84
India,Chhattisgarh,Kunjemura,"OP Jindal School, Kunjemura - CECB",11-03-2026 15:00,22.12665,83.483212,PM2.5,49,251,134
India,Chhattisgarh,Kunjemura,"OP Jindal School, Kunjemura - CECB",11-03-2026 15:00,22.12665,83.483212,SO2,10,28,17
India,Bihar,Sasaram,"Dada Peer, Sasaram - BSPCB",11-03-2026 15:00,24.952822,84.002396,NH3,2,7,3
India,Bihar,Sasaram,"Dada Peer, Sasaram - BSPCB",11-03-2026 15:00,24.952822,84.002396,OZONE,12,37,17
India,Bihar,Siwan,"Chitragupta Nagar, Siwan - BSPCB",11-03-2026 15:00,26.2271665,84.3570427,PM2.5,NA,NA,NA
India,Bihar,Muzaffarpur,"MIT-Daudpur Kothi, Muzaffarpur - BSPCB",11-03-2026 15:00,26.1403345,85.3650192,CO,46,64,53
India,Bihar,Patna,"DRM Office Danapur, Patna - BSPCB",11-03-2026 15:00,25.586562,85.043586,OZONE,8,30,9
India,Bihar,Patna,"Muradpur, Patna - BSPCB",11-03-2026 15:00,25.619651,85.147382,OZONE,14,94,62
India,Delhi,Delhi,"Burari Crossing, Delhi - IMD",11-03-2026 15:00,28.7256504,77.2011573,OZONE,12,304,240
India,Delhi,Delhi,"CRRI Mathura Road, Delhi - IMD",11-03-2026 15:00,28.5512005,77.2735737,PM10,NA,NA,NA
India,Delhi,Delhi,"CRRI Mathura Road, Delhi - IMD",11-03-2026 15:00,28.5512005,77.2735737,NO2,NA,NA,NA
India,Delhi,Delhi,"Chandni Chowk, Delhi - IITM",11-03-2026 15:00,28.656756,77.227234,NH3,9,54,26
India,Delhi,Delhi,"Chandni Chowk, Delhi - IITM",11-03-2026 15:00,28.656756,77.227234,OZONE,1,166,71
India,Delhi,Delhi,"Commonwealth Sports Complex, Delhi - DPCC",11-03-2026 15:00,28.615828,77.271992,NO2,40,134,74
India,Delhi,Delhi,"Commonwealth Sports Complex, Delhi - DPCC",11-03-2026 15:00,28.615828,77.271992,NH3,9,20,16
India,Delhi,Delhi,"Commonwealth Sports Complex, Delhi - DPCC",11-03-2026 15:00,28.615828,77.271992,SO2,54,59,57
India,Delhi,Delhi,"IGI Airport (T3), Delhi - IMD",11-03-2026 15:00,28.5627763,77.1180053,CO,16,112,64
India,Delhi,Delhi,"IHBAS, Dilshad Garden, Delhi - CPCB",11-03-2026 15:00,28.6811736,77.3025234,NO2,53,159,97
India,Delhi,Delhi,"IHBAS, Dilshad Garden, Delhi - CPCB",11-03-2026 15:00,28.6811736,77.3025234,SO2,3,31,15
India,Delhi,Delhi,"IIT Delhi, Delhi - IITM",11-03-2026 15:00,28.54246,77.191651,PM10,132,363,184
India,Delhi,Delhi,"IIT Delhi, Delhi - IITM",11-03-2026 15:00,28.54246,77.191651,NO2,5,92,41
India,Delhi,Delhi,"ITO, Delhi - CPCB",11-03-2026 15:00,28.628624,77.24106,PM2.5,72,309,203
India,Delhi,Delhi,"JNU, Delhi - DPCC",11-03-2026 15:00,28.540721,77.168544,NO2,9,55,33
India,Delhi,Delhi,"Major Dhyan Chand National Stadium, Delhi - DPCC",11-03-2026 15:00,28.611281,77.237738,CO,8,135,34
India,Delhi,Delhi,"Mandir Marg, Delhi - DPCC",11-03-2026 15:00,28.636429,77.201067,NO2,41,134,70
India,Delhi,Delhi,"Mandir Marg, Delhi - DPCC",11-03-2026 15:00,28.636429,77.201067,CO,35,112,62
India,Delhi,Delhi,"Mandir Marg, Delhi - DPCC",11-03-2026 15:00,28.636429,77.201067,OZONE,6,156,94
India,Delhi,Delhi,"Mundka, Delhi - DPCC",11-03-2026 15:00,28.684678,77.076574,PM2.5,80,358,246
India,Delhi,Delhi,"Mundka, Delhi - DPCC",11-03-2026 15:00,28.684678,77.076574,OZONE,5,72,40
India,Delhi,Delhi,"NSIT Dwarka, Delhi - CPCB",11-03-2026 15:00,28.60909,77.0325413,PM2.5,50,333,106
India,Delhi,Delhi,"DTU, Delhi - CPCB",11-03-2026 15:00,28.7500499,77.1112615,NH3,7,9,9
India,Delhi,Delhi,"DTU, Delhi - CPCB",11-03-2026 15:00,28.7500499,77.1112615,SO2,29,34,32
India,Delhi,Delhi,"DTU, Delhi - CPCB",11-03-2026 15:00,28.7500499,77.1112615,CO,22,96,55
India,Delhi,Delhi,"Dr. Karni Singh Shooting Range, Delhi - DPCC",11-03-2026 15:00,28.498571,77.26484,PM10,84,208,148
India,Delhi,Delhi,"Dwarka-Sector 8, Delhi - DPCC ",11-03-2026 15:00,28.5710274,77.0719006,NO2,36,167,100
India,Delhi,Delhi,"Okhla Phase-2, Delhi - DPCC",11-03-2026 15:00,28.530785,77.271255,NO2,33,148,91
India,Delhi,Delhi,"Okhla Phase-2, Delhi - DPCC",11-03-2026 15:00,28.530785,77.271255,OZONE,5,184,92
India,Delhi,Delhi,"Punjabi Bagh, Delhi - DPCC",11-03-2026 15:00,28.674045,77.131023,NO2,16,79,43
India,Delhi,Delhi,"Jawaharlal Nehru Stadium, Delhi - DPCC",11-03-2026 15:00,28.58028,77.233829,NH3,13,17,15
India,Delhi,Delhi,"NSUT Jaffarpur, Delhi - DPCC",11-03-2026 15:00,28.594004,76.909423,NH3,13,18,16
India,Delhi,Delhi,"Jahangirpuri, Delhi - DPCC",11-03-2026 15:00,28.73282,77.170633,CO,30,115,66
India,Delhi,Delhi,"NSIT Dwarka, Delhi - CPCB",11-03-2026 15:00,28.60909,77.0325413,CO,34,73,54
India,Gujarat,Nandesari,"GIDC, Nandesari - Nandesari Ind. Association",11-03-2026 15:00,22.410802,73.097923,SO2,NA,NA,NA
India,Gujarat,Rajkot,"Mavdi, Rajkot - Nexteng Enviro ",11-03-2026 15:00,22.248853,70.776774,PM2.5,23,92,54
India,Gujarat,Rajkot,"Mavdi, Rajkot - Nexteng Enviro ",11-03-2026 15:00,22.248853,70.776774,NO2,8,67,26
India,Gujarat,Rajkot,"Mavdi, Rajkot - Nexteng Enviro ",11-03-2026 15:00,22.248853,70.776774,SO2,7,104,26
India,Gujarat,Rajkot,"Mavdi, Rajkot - Nexteng Enviro ",11-03-2026 15:00,22.248853,70.776774,OZONE,8,19,15
India,Gujarat,Surat,"Katargam, Surat - Nexteng Enviro",11-03-2026 15:00,21.217779,72.834787,PM10,31,292,133
India,Gujarat,Surat,"Katargam, Surat - Nexteng Enviro",11-03-2026 15:00,21.217779,72.834787,NO2,13,79,43
India,Gujarat,Surat,"Katargam, Surat - Nexteng Enviro",11-03-2026 15:00,21.217779,72.834787,NH3,2,7,4
India,Gujarat,Surat,"Science Center, Surat - SMC",11-03-2026 15:00,21.170046,72.795405,CO,59,103,89
India,Gujarat,Vadodara,"Bapunagar, Vadodara - Nexteng Enviro",11-03-2026 15:00,22.320153,73.216285,NO2,1,31,15
India,Gujarat,Vadodara,"Bapunagar, Vadodara - Nexteng Enviro",11-03-2026 15:00,22.320153,73.216285,CO,42,66,56
India,Gujarat,Bhavnagar,"Vidhyanagar, Bhavnagar - Nexteng Enviro",11-03-2026 15:00,21.755417,72.139056,OZONE,5,24,12
India,Gujarat,Gandhinagar,"GIFT City, Gandhinagar - IITM",11-03-2026 15:00,23.163798,72.677768,PM2.5,26,173,81
India,Gujarat,Gandhinagar,"GIFT City, Gandhinagar - IITM",11-03-2026 15:00,23.163798,72.677768,NH3,5,38,16
India,Gujarat,Gandhinagar,"IIPHG Lekawada, Gandhinagar - IITM",11-03-2026 15:00,23.243639,72.68994,PM10,55,163,112
India,Gujarat,Gandhinagar,"IIPHG Lekawada, Gandhinagar - IITM",11-03-2026 15:00,23.243639,72.68994,NH3,5,18,8
India,Gujarat,Gandhinagar,"IIPHG Lekawada, Gandhinagar - IITM",11-03-2026 15:00,23.243639,72.68994,OZONE,1,31,20
India,Gujarat,Gandhinagar,"Sector-10, Gandhinagar - GPCB",11-03-2026 15:00,23.221714,72.654328,PM10,65,352,129
India,Gujarat,Gandhinagar,"Sector-10, Gandhinagar - GPCB",11-03-2026 15:00,23.221714,72.654328,OZONE,4,78,44
India,Gujarat,Mehsana,"Sadanand Nagar, Mehsana - Nexteng Enviro",11-03-2026 15:00,23.59315,72.372792,NO2,25,57,47
India,Gujarat,Vapi,"Phase-1 GIDC, Vapi - GPCB",11-03-2026 15:00,20.362421,72.918013,OZONE,NA,NA,NA
India,Gujarat,Vatva,"Phase-4 GIDC, Vatva - GPCB",11-03-2026 15:00,22.969611,72.6435,PM2.5,68,417,136
India,Gujarat,Vatva,"Phase-4 GIDC, Vatva - GPCB",11-03-2026 15:00,22.969611,72.6435,NO2,28,190,101
India,Gujarat,Vatva,"Phase-4 GIDC, Vatva - GPCB",11-03-2026 15:00,22.969611,72.6435,NH3,2,16,8
India,Gujarat,Vatva,"Phase-4 GIDC, Vatva - GPCB",11-03-2026 15:00,22.969611,72.6435,CO,12,121,32
India,Haryana,Ambala,"Patti Mehar, Ambala - HSPCB",11-03-2026 15:00,30.379589,76.778328,NO2,8,12,10
India,Haryana,Ambala,"Patti Mehar, Ambala - HSPCB",11-03-2026 15:00,30.379589,76.778328,NH3,7,8,8
India,Haryana,Ballabgarh,"Nathu Colony, Ballabgarh - HSPCB",11-03-2026 15:00,28.3419248,77.319699,NO2,19,21,20
India,Haryana,Bhiwani,"H.B. Colony, Bhiwani - HSPCB",11-03-2026 15:00,28.806223,76.141105,CO,14,22,20
India,Gujarat,Ahmedabad,"Maninagar, Ahmedabad - GPCB",11-03-2026 15:00,23.002657,72.591912,CO,6,66,31
India,Gujarat,Ahmedabad,"Maninagar, Ahmedabad - GPCB",11-03-2026 15:00,23.002657,72.591912,OZONE,43,106,82
India,Gujarat,Ahmedabad,"Raikhad, Ahmedabad - IITM",11-03-2026 15:00,23.020509,72.579261,PM2.5,39,128,82
India,Gujarat,Ahmedabad,"Raikhad, Ahmedabad - IITM",11-03-2026 15:00,23.020509,72.579261,PM10,95,241,151
India,Gujarat,Ahmedabad,"Raikhad, Ahmedabad - IITM",11-03-2026 15:00,23.020509,72.579261,SO2,11,65,25
India,Gujarat,Ahmedabad,"Rakhial, Ahmedabad - IITM",11-03-2026 15:00,23.016834,72.625775,NO2,36,366,147
India,Gujarat,Ahmedabad,"Rakhial, Ahmedabad - IITM",11-03-2026 15:00,23.016834,72.625775,SO2,7,107,49
India,Gujarat,Ahmedabad,"SAC ISRO Bopal, Ahmedabad - IITM",11-03-2026 15:00,23.041137,72.456691,PM2.5,72,233,162
India,Haryana,Charkhi Dadri,"Mini Secretariat, Charkhi Dadri - HSPCB",11-03-2026 15:00,28.593883,76.270653,NH3,5,8,6
India,Haryana,Dharuhera,"Municipal Corporation Office, Dharuhera -  HSPCB",11-03-2026 15:00,28.2068,76.7997,NO2,16,56,42
India,Haryana,Faridabad,"New Industrial Town, Faridabad - HSPCB",11-03-2026 15:00,28.39072,77.30059,PM2.5,181,202,194
India,Haryana,Faridabad,"New Industrial Town, Faridabad - HSPCB",11-03-2026 15:00,28.39072,77.30059,PM10,129,136,133
India,Haryana,Faridabad,"Sector 30, Faridabad - HSPCB",11-03-2026 15:00,28.4417,77.3217,PM2.5,103,103,103
India,Delhi,Delhi,"Pusa, Delhi - DPCC",11-03-2026 15:00,28.639652,77.146275,PM2.5,85,322,189
India,Delhi,Delhi,"Pusa, Delhi - DPCC",11-03-2026 15:00,28.639652,77.146275,CO,48,114,81
India,Delhi,Delhi,"Pusa, Delhi - IMD",11-03-2026 15:00,28.63611,77.173332,PM10,102,309,189
India,Delhi,Delhi,"R K Puram, Delhi - DPCC",11-03-2026 15:00,28.563262,77.186937,PM2.5,80,392,259
India,Delhi,Delhi,"Shadipur, Delhi - CPCB",11-03-2026 15:00,28.6514781,77.1473105,PM2.5,153,467,303
India,Delhi,Delhi,"Shadipur, Delhi - CPCB",11-03-2026 15:00,28.6514781,77.1473105,NH3,12,26,16
India,Delhi,Delhi,"Sirifort, Delhi - CPCB",11-03-2026 15:00,28.5504249,77.2159377,SO2,31,38,35
India,Delhi,Delhi,"Sri Aurobindo Marg, Delhi - DPCC",11-03-2026 15:00,28.531346,77.190156,PM10,115,308,155
India,Delhi,Delhi,"Sri Aurobindo Marg, Delhi - DPCC",11-03-2026 15:00,28.531346,77.190156,OZONE,2,97,59
India,Delhi,Delhi,"Vivek Vihar, Delhi - DPCC",11-03-2026 15:00,28.672342,77.31526,NO2,22,86,52
India,Gujarat,Ahmedabad,"Gyaspur, Ahmedabad - IITM",11-03-2026 15:00,22.977134,72.553024,NH3,2,14,5
India,Gujarat,Ahmedabad,"Gyaspur, Ahmedabad - IITM",11-03-2026 15:00,22.977134,72.553024,CO,16,86,34
India,Gujarat,Ankleshwar,"GIDC, Ankleshwar - GPCB",11-03-2026 15:00,21.613267,73.010555,NH3,6,6,6
India,Haryana,Mandikhera,"General Hospital, Mandikhera(Nuh) - HSPCB",11-03-2026 15:00,27.9002,76.9938,SO2,30,37,34
India,Haryana,Manesar,"Sector-2 IMT, Manesar - HSPCB",11-03-2026 15:00,28.360699,76.93609,PM2.5,117,383,284
India,Haryana,Manesar,"Sector-2 IMT, Manesar - HSPCB",11-03-2026 15:00,28.360699,76.93609,CO,6,46,32
India,Haryana,Manesar,"Sector-2 IMT, Manesar - HSPCB",11-03-2026 15:00,28.360699,76.93609,OZONE,10,50,36
India,Haryana,Narnaul,"Shastri Nagar, Narnaul - HSPCB",11-03-2026 15:00,28.060249,76.113115,SO2,6,7,7
India,Haryana,Palwal,"Shyam Nagar, Palwal - HSPCB",11-03-2026 15:00,28.1485564,77.3320667,NO2,23,24,24
India,Haryana,Palwal,"Shyam Nagar, Palwal - HSPCB",11-03-2026 15:00,28.1485564,77.3320667,OZONE,8,9,8
India,Haryana,Panchgaon,"Amity University, Panchgaon - IITM",11-03-2026 15:00,28.3153,76.9143,CO,6,26,24
India,Haryana,Panchkula,"Sector-6, Panchkula - HSPCB ",11-03-2026 15:00,30.7057778,76.85318056,PM2.5,34,199,82
India,Jammu_and_Kashmir,Pampore,"Khrew, Pampore - JKPCC",11-03-2026 15:00,34.031606,75.009712,PM10,12,55,36
India,Jammu_and_Kashmir,Srinagar,"Rajbagh, Srinagar - JKPCC",11-03-2026 15:00,34.066206,74.81982,CO,11,27,17
India,Jharkhand,Dhanbad,"Sardar Patel Nagar, Dhanbad - JSPCB",11-03-2026 15:00,23.80569,86.44268,PM2.5,33,212,101
India,Jharkhand,Dhanbad,"Sardar Patel Nagar, Dhanbad - JSPCB",11-03-2026 15:00,23.80569,86.44268,NO2,77,91,79
India,Jharkhand,Dhanbad,"Sardar Patel Nagar, Dhanbad - JSPCB",11-03-2026 15:00,23.80569,86.44268,OZONE,1,53,27
India,Karnataka,Bagalkot,"Vidayagiri, Bagalkot - KSPCB",11-03-2026 15:00,16.172806,75.659694,NO2,11,12,12
India,Karnataka,Bagalkot,"Vidayagiri, Bagalkot - KSPCB",11-03-2026 15:00,16.172806,75.659694,NH3,1,2,1
India,Karnataka,Bengaluru,"BTM Layout, Bengaluru - CPCB",11-03-2026 15:00,12.9135218,77.5950804,PM2.5,30,50,38
India,Haryana,Gurugram,"NISE Gwal Pahari, Gurugram - IMD",11-03-2026 15:00,28.422681,77.148944,PM2.5,53,314,190
India,Haryana,Gurugram,"Sector-51, Gurugram - HSPCB",11-03-2026 15:00,28.4227,77.0667,NO2,4,10,6
India,Haryana,Gurugram,"Teri Gram, Gurugram - HSPCB",11-03-2026 15:00,28.4275,77.1465,PM10,NA,NA,NA
India,Haryana,Gurugram,"Vikas Sadan, Gurugram - HSPCB",11-03-2026 15:00,28.4501238,77.0263051,NO2,9,45,26
India,Haryana,Hisar,"Urban Estate-II, Hisar - HSPCB",11-03-2026 15:00,29.14056,75.744941,NH3,10,11,11
India,Haryana,Hisar,"Urban Estate-II, Hisar - HSPCB",11-03-2026 15:00,29.14056,75.744941,CO,28,66,33
India,Karnataka,Hubballi,"Lingaraj Nagar, Hubballi - KSPCB",11-03-2026 15:00,15.3714823,75.1160168,NO2,7,7,7
India,Karnataka,Hubballi,"Lingaraj Nagar, Hubballi - KSPCB",11-03-2026 15:00,15.3714823,75.1160168,OZONE,30,31,30
India,Karnataka,Kalaburagi,"Mahatma Basaveswar Colony, Kalaburgi - KSPCB",11-03-2026 15:00,17.336318,76.847397,OZONE,13,25,19
India,Karnataka,Madikeri,"Stuart Hill, Madikeri - KSPCB",11-03-2026 15:00,12.415911,75.73505,CO,7,23,15
India,Karnataka,Mysuru,"Hebbal 1st Stage, Mysuru - KSPCB",11-03-2026 15:00,12.21041,76.37376,NO2,11,19,17
India,Karnataka,Mysuru,"Hebbal 1st Stage, Mysuru - KSPCB",11-03-2026 15:00,12.21041,76.37376,SO2,2,9,4
India,Karnataka,Bengaluru,"Hombegowda Nagar, Bengaluru - KSPCB",11-03-2026 15:00,12.938539,77.5901,SO2,3,31,12
India,Karnataka,Bengaluru,"Jayanagar 5th Block, Bengaluru - KSPCB",11-03-2026 15:00,12.920984,77.584908,NO2,2,10,5
India,Karnataka,Bengaluru,"Jayanagar 5th Block, Bengaluru - KSPCB",11-03-2026 15:00,12.920984,77.584908,NH3,1,2,1
India,Karnataka,Bengaluru,"Jayanagar 5th Block, Bengaluru - KSPCB",11-03-2026 15:00,12.920984,77.584908,SO2,5,12,9
India,Karnataka,Bengaluru,"Shivapura_Peenya, Bengaluru - KSPCB",11-03-2026 15:00,13.0246342,77.5080115,PM10,53,73,65
India,Karnataka,Bengaluru,"Shivapura_Peenya, Bengaluru - KSPCB",11-03-2026 15:00,13.0246342,77.5080115,NO2,23,24,23
India,Karnataka,Bengaluru,"Shivapura_Peenya, Bengaluru - KSPCB",11-03-2026 15:00,13.0246342,77.5080115,NH3,4,4,4
India,Karnataka,Chamarajanagar,"Urban, Chamarajanagar - KSPCB",11-03-2026 15:00,11.55358,76.55521,NO2,15,36,28
India,Karnataka,Chikkaballapur,"Chikkaballapur Rural, Chikkaballapur - KSPCB",11-03-2026 15:00,13.428828,77.731418,OZONE,16,18,17
India,Karnataka,Chikkamagaluru,"Kalyana Nagara, Chikkamagaluru - KSPCB",11-03-2026 15:00,13.328028,75.797056,PM2.5,3,40,14
India,Karnataka,Chikkamagaluru,"Kalyana Nagara, Chikkamagaluru - KSPCB",11-03-2026 15:00,13.328028,75.797056,SO2,1,6,4
India,Karnataka,Dharwad,"Kalabhavan, Dharwad - KSPCB",11-03-2026 15:00,15.459706,75.008381,NO2,27,27,27
India,Haryana,Jind,"Police Lines, Jind - HSPCB",11-03-2026 15:00,29.307814,76.337619,PM10,88,127,107
India,Haryana,Jind,"Police Lines, Jind - HSPCB",11-03-2026 15:00,29.307814,76.337619,OZONE,4,48,35
India,Haryana,Kaithal,"Rishi Nagar, Kaithal - HSPCB",11-03-2026 15:00,29.8006,76.4155,PM10,108,151,127
India,Haryana,Karnal,"Sector-12, Karnal - HSPCB",11-03-2026 15:00,29.6953,77.0027,NH3,6,7,6
India,Haryana,Kurukshetra,"Sector-7, Kurukshetra - HSPCB",11-03-2026 15:00,29.966942,76.875879,OZONE,5,71,38
India,Karnataka,Bengaluru,"BWSSB Kadabesanahalli, Bengaluru - CPCB",11-03-2026 15:00,12.9352049,77.6814488,CO,35,38,37
India,Karnataka,Bengaluru,"City Railway Station, Bengaluru - KSPCB",11-03-2026 15:00,12.9756843,77.5660749,PM10,107,109,108
India,Karnataka,Bengaluru,"City Railway Station, Bengaluru - KSPCB",11-03-2026 15:00,12.9756843,77.5660749,NO2,42,50,46
India,Karnataka,Bengaluru,"Hebbal, Bengaluru - KSPCB",11-03-2026 15:00,13.029152,77.585901,PM10,45,110,77
India,Karnataka,Bengaluru,"Hebbal, Bengaluru - KSPCB",11-03-2026 15:00,13.029152,77.585901,NO2,28,95,56
India,Haryana,Panipat,"Sector-18, Panipat - HSPCB",11-03-2026 15:00,29.432304,76.972765,NO2,31,32,31
India,Haryana,Sonipat,"Murthal, Sonipat - HSPCB",11-03-2026 15:00,29.0272,77.0621,OZONE,25,26,26
India,Madhya Pradesh,Singrauli,"Suryakiran Bhawan NCL, Singrauli - MPPCB",11-03-2026 15:00,24.10897,82.64558,NH3,4,6,5
India,Madhya Pradesh,Singrauli,"Suryakiran Bhawan NCL, Singrauli - MPPCB",11-03-2026 15:00,24.10897,82.64558,SO2,40,118,59
India,Madhya Pradesh,Singrauli,"Suryakiran Bhawan NCL, Singrauli - MPPCB",11-03-2026 15:00,24.10897,82.64558,CO,24,79,44
India,Madhya Pradesh,Ujjain,"Mahashweta Nagar, Ujjain - MPPCB",11-03-2026 15:00,23.1633321,75.800225,CO,16,76,30
India,Madhya Pradesh,Ujjain,"Mahashweta Nagar, Ujjain - MPPCB",11-03-2026 15:00,23.1633321,75.800225,OZONE,12,88,59
India,Maharashtra,Ahmednagar,"Tarakpur, Ahmednagar - MPCB",11-03-2026 15:00,19.10122,74.73339,PM10,90,252,125
India,Maharashtra,Ahmednagar,"Tarakpur, Ahmednagar - MPCB",11-03-2026 15:00,19.10122,74.73339,NH3,5,6,6
India,Maharashtra,Akola,"Ramdaspeth, Akola - MPCB",11-03-2026 15:00,20.719516,77.000253,NH3,7,9,8
India,Maharashtra,Ambernath,"Chinchpada, Ambernath - MPCB",11-03-2026 15:00,19.215784,73.199781,PM2.5,28,354,179
India,Maharashtra,Ambernath,"Chinchpada, Ambernath - MPCB",11-03-2026 15:00,19.215784,73.199781,OZONE,6,308,304
India,Maharashtra,Amravati,"Shivneri Colony, Amravati - MPCB",11-03-2026 15:00,20.9402359,77.7895248,NH3,2,6,4
India,Kerala,Thrissur,"Corporation Ground, Thrissur - Kerala PCB",11-03-2026 15:00,10.5324,76.2159,CO,18,34,23
India,Madhya Pradesh,Bhopal,"Idgah Hills, Bhopal - MPPCB",11-03-2026 15:00,23.264759,77.381568,NH3,5,7,6
India,Madhya Pradesh,Bhopal,"Idgah Hills, Bhopal - MPPCB",11-03-2026 15:00,23.264759,77.381568,SO2,11,14,12
India,Madhya Pradesh,Bhopal,"Paryavaran Parisar, Bhopal - MPPCB",11-03-2026 15:00,23.210494,77.425409,PM10,45,279,128
India,Madhya Pradesh,Bhopal,"Paryavaran Parisar, Bhopal - MPPCB",11-03-2026 15:00,23.210494,77.425409,SO2,1,25,16
India,Madhya Pradesh,Bhopal,"T T Nagar, Bhopal - MPPCB",11-03-2026 15:00,23.233584,77.400574,PM2.5,11,146,52
India,Madhya Pradesh,Bhopal,"T T Nagar, Bhopal - MPPCB",11-03-2026 15:00,23.233584,77.400574,NO2,28,100,53
India,Madhya Pradesh,Damoh,"Shrivastav Colony, Damoh - MPPCB",11-03-2026 15:00,23.81748678,79.446246,PM2.5,67,304,134
India,Madhya Pradesh,Damoh,"Shrivastav Colony, Damoh - MPPCB",11-03-2026 15:00,23.81748678,79.446246,CO,92,102,98
India,Madhya Pradesh,Dewas,"Bhopal Chauraha, Dewas - MPPCB",11-03-2026 15:00,22.9682591,76.064118,NH3,13,17,15
India,Madhya Pradesh,Dewas,"Bhopal Chauraha, Dewas - MPPCB",11-03-2026 15:00,22.9682591,76.064118,OZONE,36,95,46
India,Kerala,Eloor,"Udyogamandal, Eloor - Kerala PCB",11-03-2026 15:00,10.073232,76.302765,NO2,6,7,7
India,Kerala,Eloor,"Udyogamandal, Eloor - Kerala PCB",11-03-2026 15:00,10.073232,76.302765,OZONE,14,16,15
India,Kerala,Kannur,"Thavakkara, Kannur - Kerala PCB",11-03-2026 15:00,11.875,75.3732,NH3,1,2,2
India,Kerala,Kollam,"Polayathode, Kollam - Kerala PCB",11-03-2026 15:00,8.8787,76.6073,NH3,1,1,1
India,Kerala,Thiruvananthapuram,"Kariavattom, Thiruvananthapuram - Kerala PCB",11-03-2026 15:00,8.5637,76.8865,PM10,41,135,95
India,Kerala,Thiruvananthapuram,"Kariavattom, Thiruvananthapuram - Kerala PCB",11-03-2026 15:00,8.5637,76.8865,NO2,6,7,6
India,Kerala,Thiruvananthapuram,"Plammoodu, Thiruvananthapuram - Kerala PCB",11-03-2026 15:00,8.5149093,76.9435879,SO2,7,27,15
India,Kerala,Thiruvananthapuram,"Plammoodu, Thiruvananthapuram - Kerala PCB",11-03-2026 15:00,8.5149093,76.9435879,CO,12,45,22
India,Kerala,Thrissur,"Corporation Ground, Thrissur - Kerala PCB",11-03-2026 15:00,10.5324,76.2159,PM2.5,42,66,52
India,Madhya Pradesh,Indore,"Maguda Nagar, Indore - IMC",11-03-2026 15:00,22.7524,75.8872,SO2,14,19,16
India,Madhya Pradesh,Indore,"Regional Park, Indore - IMC",11-03-2026 15:00,22.678,75.8559,PM2.5,22,247,85
India,Madhya Pradesh,Indore,"Regional Park, Indore - IMC",11-03-2026 15:00,22.678,75.8559,CO,9,56,21
India,Madhya Pradesh,Indore,"Regional Park, Indore - IMC",11-03-2026 15:00,22.678,75.8559,OZONE,5,12,9
India,Madhya Pradesh,Jabalpur,"Govindh Bhavan Colony, Jabalpur - JMC",11-03-2026 15:00,23.163174,79.973061,PM2.5,NA,NA,NA
India,Madhya Pradesh,Jabalpur,"Govindh Bhavan Colony, Jabalpur - JMC",11-03-2026 15:00,23.163174,79.973061,PM10,NA,NA,NA
India,Madhya Pradesh,Jabalpur,"Gupteshwar, Jabalpur - JMC",11-03-2026 15:00,23.142888,79.916147,CO,28,132,38
India,Madhya Pradesh,Jabalpur,"Marhatal, Jabalpur - MPPCB",11-03-2026 15:00,23.168606,79.932247,PM2.5,15,93,42
India,Madhya Pradesh,Jabalpur,"Marhatal, Jabalpur - MPPCB",11-03-2026 15:00,23.168606,79.932247,NH3,2,4,3
India,Madhya Pradesh,Mandideep,"Sector-D Industrial Area, Mandideep - MPPCB",11-03-2026 15:00,23.10844,77.511428,NH3,2,13,7
India,Madhya Pradesh,Pithampur,"Sector-2 Industrial Area, Pithampur - MPPCB",11-03-2026 15:00,22.624758,75.675238,PM2.5,39,301,122
India,Madhya Pradesh,Pithampur,"Sector-2 Industrial Area, Pithampur - MPPCB",11-03-2026 15:00,22.624758,75.675238,NO2,21,35,26
India,Madhya Pradesh,Pithampur,"Sector-2 Industrial Area, Pithampur - MPPCB",11-03-2026 15:00,22.624758,75.675238,CO,7,66,28
India,Madhya Pradesh,Pithampur,"Sector-2 Industrial Area, Pithampur - MPPCB",11-03-2026 15:00,22.624758,75.675238,OZONE,65,184,184
India,Madhya Pradesh,Ratlam,"Shasthri Nagar, Ratlam - IPCA Lab",11-03-2026 15:00,23.331731,75.045981,PM2.5,14,134,51
India,Madhya Pradesh,Ratlam,"Shasthri Nagar, Ratlam - IPCA Lab",11-03-2026 15:00,23.331731,75.045981,NO2,14,72,33
India,Madhya Pradesh,Ratlam,"Shasthri Nagar, Ratlam - IPCA Lab",11-03-2026 15:00,23.331731,75.045981,SO2,40,64,47
India,Madhya Pradesh,Gwalior,"City Center, Gwalior - MPPCB",11-03-2026 15:00,26.203442,78.193251,CO,NA,NA,NA
India,Madhya Pradesh,Gwalior,"Deen Dayal Nagar, Gwalior - MPPCB",11-03-2026 15:00,26.259242,78.216432,SO2,4,34,13
India,Madhya Pradesh,Gwalior,"Deen Dayal Nagar, Gwalior - MPPCB",11-03-2026 15:00,26.259242,78.216432,CO,7,110,37
India,Madhya Pradesh,Indore,"Airport Area, Indore - IMC",11-03-2026 15:00,22.7289,75.8076,PM2.5,41,316,130
India,Madhya Pradesh,Indore,"Airport Area, Indore - IMC",11-03-2026 15:00,22.7289,75.8076,PM10,35,202,86
India,Madhya Pradesh,Jabalpur,"Suhagi, Jabalpur - JMC",11-03-2026 15:00,23.218135,79.95777,PM10,28,135,73
India,Madhya Pradesh,Jabalpur,"Suhagi, Jabalpur - JMC",11-03-2026 15:00,23.218135,79.95777,NO2,7,170,30
India,Madhya Pradesh,Jabalpur,"Suhagi, Jabalpur - JMC",11-03-2026 15:00,23.218135,79.95777,OZONE,25,126,86
India,Madhya Pradesh,Katni,"Gole Bazar, Katni - MPPCB",11-03-2026 15:00,23.50016,80.23284,CO,13,96,32
India,Madhya Pradesh,Katni,"Gole Bazar, Katni - MPPCB",11-03-2026 15:00,23.50016,80.23284,OZONE,10,108,83
India,Karnataka,Shivamogga,"Vinoba Nagara, Shivamogga - KSPCB",11-03-2026 15:00,13.94,75.555917,OZONE,8,76,45
India,Karnataka,Vijayapura,"Ibrahimpur, Vijayapura - KSPCB",11-03-2026 15:00,16.802639,75.722694,NO2,11,12,11
India,Karnataka,Vijayapura,"Ibrahimpur, Vijayapura - KSPCB",11-03-2026 15:00,16.802639,75.722694,NH3,1,2,1
India,Karnataka,Yadgir,"Collector Office, Yadgir - KSPCB",11-03-2026 15:00,16.7602,77.1428,NH3,1,7,2
India,Madhya Pradesh,Sagar,"Deen Dayal Nagar, Sagar - MPPCB",11-03-2026 15:00,23.8640158,78.80289321,PM10,24,166,82
India,Madhya Pradesh,Sagar,"Deen Dayal Nagar, Sagar - MPPCB",11-03-2026 15:00,23.8640158,78.80289321,CO,18,34,27
India,Madhya Pradesh,Satna,"Bandhavgar Colony, Satna - Birla Cement",11-03-2026 15:00,24.58434363,80.8549414,NO2,12,13,12
India,Maharashtra,Mumbai,"Chembur, Mumbai - MPCB",11-03-2026 15:00,19.0364585,72.8954371,PM2.5,56,84,70
India,Maharashtra,Mumbai,"Chembur, Mumbai - MPCB",11-03-2026 15:00,19.0364585,72.8954371,NO2,16,93,51
India,Maharashtra,Mumbai,"Chembur, Mumbai - MPCB",11-03-2026 15:00,19.0364585,72.8954371,OZONE,5,101,33
India,Maharashtra,Mumbai,"Deonar, Mumbai - IITM",11-03-2026 15:00,19.04946,72.923,PM2.5,48,133,85
India,Maharashtra,Mumbai,"Deonar, Mumbai - IITM",11-03-2026 15:00,19.04946,72.923,PM10,105,165,131
India,Maharashtra,Mumbai,"Deonar, Mumbai - IITM",11-03-2026 15:00,19.04946,72.923,NO2,14,98,49
India,Maharashtra,Mumbai,"Deonar, Mumbai - IITM",11-03-2026 15:00,19.04946,72.923,SO2,1,17,5
India,Maharashtra,Mumbai,"Deonar, Mumbai - IITM",11-03-2026 15:00,19.04946,72.923,OZONE,4,112,39
India,Maharashtra,Mumbai,"Ghatkopar, Mumbai - BMC",11-03-2026 15:00,19.083694,72.920967,PM2.5,99,179,128
India,Maharashtra,Mumbai,"Ghatkopar, Mumbai - BMC",11-03-2026 15:00,19.083694,72.920967,CO,20,79,46
India,Maharashtra,Mumbai,"Kandivali East, Mumbai - MPCB",11-03-2026 15:00,19.2058,72.8682,NH3,3,3,3
India,Maharashtra,Mumbai,"Kandivali East, Mumbai - MPCB",11-03-2026 15:00,19.2058,72.8682,SO2,14,28,24
India,Maharashtra,Mumbai,"Kandivali West, Mumbai - BMC",11-03-2026 15:00,19.215859,72.831718,CO,17,82,44
India,Maharashtra,Amravati,"Shri Shivaji Science College, Amravati - MPCB",11-03-2026 15:00,20.939198,77.765701,NO2,3,30,13
India,Maharashtra,Amravati,"Shri Shivaji Science College, Amravati - MPCB",11-03-2026 15:00,20.939198,77.765701,SO2,15,30,22
India,Maharashtra,Amravati,"Shri Shivaji Science College, Amravati - MPCB",11-03-2026 15:00,20.939198,77.765701,OZONE,7,90,65
India,Maharashtra,Aurangabad,"MIDC Chilkalthana, Aurangabad - MPCB",11-03-2026 15:00,19.87562,75.38731,SO2,6,23,11
India,Maharashtra,Aurangabad,"MIDC Chilkalthana, Aurangabad - MPCB",11-03-2026 15:00,19.87562,75.38731,CO,6,14,11
India,Maharashtra,Aurangabad,"MIDC Chilkalthana, Aurangabad - MPCB",11-03-2026 15:00,19.87562,75.38731,OZONE,1,62,40
India,Maharashtra,Aurangabad,"Rachnakar Colony, Aurangabad - MPCB",11-03-2026 15:00,19.863756,75.321188,NO2,18,113,57
India,Maharashtra,Aurangabad,"Rachnakar Colony, Aurangabad - MPCB",11-03-2026 15:00,19.863756,75.321188,OZONE,15,98,72
India,Maharashtra,Badlapur,"Katrap, Badlapur - MPCB",11-03-2026 15:00,19.16485,73.23409,PM2.5,61,182,122
India,Maharashtra,Badlapur,"Katrap, Badlapur - MPCB",11-03-2026 15:00,19.16485,73.23409,NH3,3,8,5
India,Maharashtra,Badlapur,"Katrap, Badlapur - MPCB",11-03-2026 15:00,19.16485,73.23409,CO,16,62,55
India,Maharashtra,Beed,"Bir, Beed - MPCB",11-03-2026 15:00,18.988474,75.753873,PM2.5,52,308,124
India,Maharashtra,Kolhapur,"Sinchan Bhavan, Kolhapur - MPCB",11-03-2026 15:00,16.7143745,74.2426398,PM2.5,48,111,76
India,Maharashtra,Kolhapur,"Sinchan Bhavan, Kolhapur - MPCB",11-03-2026 15:00,16.7143745,74.2426398,PM10,63,110,90
India,Maharashtra,Latur,"Sawe Wadi, Latur - MPCB",11-03-2026 15:00,18.39963,76.57452,PM10,68,100,84
India,Maharashtra,Latur,"Sawe Wadi, Latur - MPCB",11-03-2026 15:00,18.39963,76.57452,NO2,21,81,48
India,Maharashtra,Latur,"Sawe Wadi, Latur - MPCB",11-03-2026 15:00,18.39963,76.57452,NH3,6,24,14
India,Maharashtra,Latur,"Sawe Wadi, Latur - MPCB",11-03-2026 15:00,18.39963,76.57452,SO2,5,11,7
India,Maharashtra,Mahad,"Kamble Tarf Birwadi, Mahad - MPCB",11-03-2026 15:00,18.1023399,73.4783687,NH3,3,11,6
India,Maharashtra,Malegaon,"Mahesh Nagar, Malegaon - MPCB",11-03-2026 15:00,20.555712,74.529236,NH3,NA,NA,NA
India,Maharashtra,Mira-Bhayandar,"Bhayandar West, Mira-Bhayandar - MPCB",11-03-2026 15:00,19.296481,72.840923,PM2.5,66,303,109
India,Maharashtra,Mumbai,"Bandra Kurla Complex, Mumbai - IITM",11-03-2026 15:00,19.053536,72.84643,NO2,28,115,72
India,Maharashtra,Mumbai,"Mindspace-Malad West, Mumbai - MPCB",11-03-2026 15:00,19.1878657,72.8304069,OZONE,1,69,5
India,Maharashtra,Mumbai,"Powai, Mumbai - MPCB",11-03-2026 15:00,19.1375,72.915056,PM2.5,68,236,140
India,Maharashtra,Mumbai,"Powai, Mumbai - MPCB",11-03-2026 15:00,19.1375,72.915056,OZONE,9,9,9
India,Maharashtra,Mumbai,"Sewri, Mumbai - BMC",11-03-2026 15:00,19.000084,72.85673,PM2.5,45,159,86
India,Maharashtra,Mumbai,"Sewri, Mumbai - BMC",11-03-2026 15:00,19.000084,72.85673,OZONE,1,44,23
India,Maharashtra,Mumbai,"Siddharth Nagar-Worli, Mumbai - IITM",11-03-2026 15:00,19.000083,72.813993,PM10,20,124,104
India,Maharashtra,Mumbai,"Siddharth Nagar-Worli, Mumbai - IITM",11-03-2026 15:00,19.000083,72.813993,CO,34,60,44
India,Maharashtra,Mumbai,"Siddharth Nagar-Worli, Mumbai - IITM",11-03-2026 15:00,19.000083,72.813993,OZONE,32,153,57
India,Maharashtra,Mumbai,"Vile Parle West, Mumbai - MPCB",11-03-2026 15:00,19.10861,72.83622,NH3,6,6,6
India,Maharashtra,Mumbai,"Worli, Mumbai -MPCB",11-03-2026 15:00,18.994218,72.8158167,PM2.5,48,102,68
India,Maharashtra,Chandrapur,"Chauhan Colony, Chandrapur - MPCB",11-03-2026 15:00,19.9629,79.298714,NH3,1,2,1
India,Maharashtra,Chandrapur,"MIDC Khutala, Chandrapur - MPCB",11-03-2026 15:00,19.9775302,79.2337086,SO2,4,98,46
India,Maharashtra,Chandrapur,"MIDC Khutala, Chandrapur - MPCB",11-03-2026 15:00,19.9775302,79.2337086,CO,35,43,40
India,Maharashtra,Chandrapur,"MIDC Khutala, Chandrapur - MPCB",11-03-2026 15:00,19.9775302,79.2337086,OZONE,1,203,91
India,Maharashtra,Dhule,"Deopur, Dhule - MPCB",11-03-2026 15:00,20.918946,74.776388,NH3,2,3,2
India,Maharashtra,Dhule,"Deopur, Dhule - MPCB",11-03-2026 15:00,20.918946,74.776388,CO,9,116,21
India,Maharashtra,Dombivli,"Kalu Nagar, Dombivli - MPCB",11-03-2026 15:00,19.2268427,73.0788456,SO2,11,52,23
India,Maharashtra,Hingoli,"Ashta Vinayak Nagar, Hingoli - MPCB",11-03-2026 15:00,19.710842,77.151824,NH3,3,5,4
India,Maharashtra,Mumbai,"Kherwadi_Bandra East, Mumbai - MPCB",11-03-2026 15:00,19.0632143,72.8456324,OZONE,3,120,32
India,Maharashtra,Mumbai,"Khindipada-Bhandup West, Mumbai - IITM",11-03-2026 15:00,19.1653323,72.922099,OZONE,4,151,54
India,Maharashtra,Mumbai,"Kurla, Mumbai - MPCB",11-03-2026 15:00,19.0863,72.8888,NO2,6,9,7
India,Maharashtra,Mumbai,"Kurla, Mumbai - MPCB",11-03-2026 15:00,19.0863,72.8888,CO,13,26,16
India,Maharashtra,Mumbai,"Mazgaon, Mumbai - IITM",11-03-2026 15:00,18.96702,72.84214,NO2,NA,NA,NA
India,Maharashtra,Mumbai,"Mazgaon, Mumbai - IITM",11-03-2026 15:00,18.96702,72.84214,CO,44,84,74
India,Maharashtra,Mumbai,"Mindspace-Malad West, Mumbai - MPCB",11-03-2026 15:00,19.1878657,72.8304069,NO2,6,99,35
India,Maharashtra,Mumbai,"Mindspace-Malad West, Mumbai - MPCB",11-03-2026 15:00,19.1878657,72.8304069,NH3,1,10,3
India,Maharashtra,Jalna,"Old MIDC, Jalna - MPCB",11-03-2026 15:00,19.854616,75.905894,PM10,34,151,66
India,Maharashtra,Jalna,"Old MIDC, Jalna - MPCB",11-03-2026 15:00,19.854616,75.905894,NO2,4,15,9
India,Maharashtra,Jalna,"Old MIDC, Jalna - MPCB",11-03-2026 15:00,19.854616,75.905894,NH3,2,5,4
India,Maharashtra,Kalyan,"Khadakpada, Kalyan - MPCB",11-03-2026 15:00,19.25292,73.142019,NH3,1,1,1
India,Maharashtra,Kalyan,"Pimpleshwar Mandir, Kalyan - MPCB",11-03-2026 15:00,19.192056,72.9585188,PM10,18,179,143
India,Maharashtra,Kalyan,"Pimpleshwar Mandir, Kalyan - MPCB",11-03-2026 15:00,19.192056,72.9585188,NO2,8,16,13
India,Maharashtra,Kolhapur,"Shivaji University, Kolhapur - MPCB",11-03-2026 15:00,16.6870449,74.2505872,SO2,1,3,1
India,Maharashtra,Kolhapur,"Shivaji University, Kolhapur - MPCB",11-03-2026 15:00,16.6870449,74.2505872,CO,12,45,28
India,Maharashtra,Beed,"Bir, Beed - MPCB",11-03-2026 15:00,18.988474,75.753873,SO2,9,49,20
India,Maharashtra,Belapur,"CBD Belapur, Belapur - MPCB",11-03-2026 15:00,19.0243902,73.0406721,PM10,84,197,126
India,Maharashtra,Belapur,"CBD Belapur, Belapur - MPCB",11-03-2026 15:00,19.0243902,73.0406721,CO,9,73,37
India,Maharashtra,Bhiwandi,"Gokul Nagar, Bhiwandi - MPCB",11-03-2026 15:00,19.309073,73.057223,PM10,63,224,147
India,Maharashtra,Bhiwandi,"Gokul Nagar, Bhiwandi - MPCB",11-03-2026 15:00,19.309073,73.057223,NH3,3,9,5
India,Maharashtra,Bhiwandi,"Gokul Nagar, Bhiwandi - MPCB",11-03-2026 15:00,19.309073,73.057223,SO2,6,18,12
India,Maharashtra,Chandrapur,"Chauhan Colony, Chandrapur - MPCB",11-03-2026 15:00,19.9629,79.298714,PM10,123,240,158
India,Maharashtra,Mumbai,"Bandra Kurla Complex, Mumbai - IITM",11-03-2026 15:00,19.053536,72.84643,OZONE,2,139,27
India,Maharashtra,Mumbai,"Borivali East, Mumbai - IITM",11-03-2026 15:00,19.23241,72.86895,PM10,104,155,126
India,Maharashtra,Mumbai,"Borivali East, Mumbai - IITM",11-03-2026 15:00,19.23241,72.86895,OZONE,15,46,20
India,Maharashtra,Mumbai,"Borivali East, Mumbai - MPCB",11-03-2026 15:00,19.2243333,72.8658113,CO,12,18,14
India,Maharashtra,Mumbai,"Byculla, Mumbai - BMC",11-03-2026 15:00,18.9767,72.838,PM2.5,86,224,137
India,Maharashtra,Navi Mumbai,"Tondare-Taloja, Navi Mumbai - MPCB",11-03-2026 15:00,19.063,73.1209,PM2.5,51,301,166
India,Maharashtra,Navi Mumbai,"Tondare-Taloja, Navi Mumbai - MPCB",11-03-2026 15:00,19.063,73.1209,NO2,9,42,27
India,Maharashtra,Navi Mumbai,"Tondare-Taloja, Navi Mumbai - MPCB",11-03-2026 15:00,19.063,73.1209,NH3,7,24,12
India,Maharashtra,Navi Mumbai,"Tondare-Taloja, Navi Mumbai - MPCB",11-03-2026 15:00,19.063,73.1209,OZONE,1,47,23
India,Maharashtra,Parbhani,"Masoom Colony, Parbhani - MPCB",11-03-2026 15:00,19.265594,76.761463,PM10,33,192,96
India,Maharashtra,Parbhani,"Masoom Colony, Parbhani - MPCB",11-03-2026 15:00,19.265594,76.761463,NH3,3,5,4
India,Maharashtra,Parbhani,"Masoom Colony, Parbhani - MPCB",11-03-2026 15:00,19.265594,76.761463,SO2,2,15,9
India,Maharashtra,Pimpri-Chinchwad,"Gavalinagar, Pimpri Chinchwad - MPCB",11-03-2026 15:00,18.63673,73.82487,CO,18,102,40
India,Maharashtra,Pimpri-Chinchwad,"Gavalinagar, Pimpri Chinchwad - MPCB",11-03-2026 15:00,18.63673,73.82487,OZONE,1,93,54
India,Maharashtra,Pimpri-Chinchwad,"Park Street Wakad, Pimpri Chinchwad - MPCB",11-03-2026 15:00,18.59051,73.77946,PM10,83,214,138
India,Maharashtra,Pimpri-Chinchwad,"Park Street Wakad, Pimpri Chinchwad - MPCB",11-03-2026 15:00,18.59051,73.77946,SO2,4,15,10
India,Mizoram,Aizawl,"Sikulpuikawn, Aizawl - Mizoram PCB",11-03-2026 15:00,23.7176342,92.7192841,CO,3,4,3
India,Nagaland,Kohima,"PWD Junction, Kohima - NPCB",11-03-2026 15:00,25.6635413,94.0989878,PM2.5,1,137,25
India,Nagaland,Kohima,"PWD Junction, Kohima - NPCB",11-03-2026 15:00,25.6635413,94.0989878,NO2,3,4,4
India,Odisha,Angul,"Hakimapada, Angul - OSPCB",11-03-2026 15:00,20.832874,85.104082,NH3,5,13,8
India,Odisha,Balasore,"Kalidaspur, Balasore - OSPCB",11-03-2026 15:00,21.51161,86.89088,NO2,3,30,13
India,Odisha,Barbil,"Forest Office, Barbil - OSPCB",11-03-2026 15:00,22.1166054,85.3945546,NH3,2,6,3
India,Odisha,Barbil,"Forest Office, Barbil - OSPCB",11-03-2026 15:00,22.1166054,85.3945546,SO2,13,101,34
India,Odisha,Barbil,"Forest Office, Barbil - OSPCB",11-03-2026 15:00,22.1166054,85.3945546,CO,31,86,54
India,Odisha,Baripada,"Meher Colony, Baripada - OSPCB",11-03-2026 15:00,21.941841,86.728318,PM2.5,63,103,82
India,Maharashtra,Thane,"Upvan Fort, Thane - MPCB",11-03-2026 15:00,19.222279,72.957979,PM10,104,156,133
India,Maharashtra,Thane,"Upvan Fort, Thane - MPCB",11-03-2026 15:00,19.222279,72.957979,SO2,6,78,23
India,Maharashtra,Ulhasnagar,"Vithalwadi, Ulhasnagar - MPCB",11-03-2026 15:00,19.2307571,73.155192,SO2,NA,NA,NA
India,Maharashtra,Ulhasnagar,"Vithalwadi, Ulhasnagar - MPCB",11-03-2026 15:00,19.2307571,73.155192,OZONE,NA,NA,NA
India,Maharashtra,Virar,"Bolinj, Virar - MPCB",11-03-2026 15:00,19.445821,72.7988231,PM10,96,167,123
India,Maharashtra,Virar,"Bolinj, Virar - MPCB",11-03-2026 15:00,19.445821,72.7988231,SO2,2,14,8
India,Maharashtra,Virar,"Bolinj, Virar - MPCB",11-03-2026 15:00,19.445821,72.7988231,OZONE,3,83,37
India,Meghalaya,Shillong,"Lumpyngngad, Shillong - Meghalaya PCB",11-03-2026 15:00,25.5586,91.8985,PM10,5,74,20
India,Maharashtra,Pune,"Savitribai Phule Pune University, Pune - MPCB",11-03-2026 15:00,18.547056,73.826908,PM10,55,151,115
India,Maharashtra,Pune,"Savitribai Phule Pune University, Pune - MPCB",11-03-2026 15:00,18.547056,73.826908,SO2,2,8,5
India,Maharashtra,Sangli,"Vijay Nagar, Sangli - MPCB",11-03-2026 15:00,16.5038,74.3623,NH3,3,6,4
India,Maharashtra,Solapur,"Ratandeep Housing Society, Solapur - MPCB",11-03-2026 15:00,17.65439,75.90649,NH3,3,6,4
India,Maharashtra,Thane,"Kasarvadavali, Thane - MPCB",11-03-2026 15:00,19.26777,72.97182,PM2.5,49,191,89
India,Maharashtra,Thane,"Kasarvadavali, Thane - MPCB",11-03-2026 15:00,19.26777,72.97182,NH3,7,22,13
India,Maharashtra,Nashik,"Hirawadi, Nashik - MPCB",11-03-2026 15:00,20.021503,73.813844,SO2,NA,NA,NA
India,Maharashtra,Nashik,"MIDC Ambad, Nashik - MPCB",11-03-2026 15:00,19.95022,73.73148,NO2,7,64,32
India,Maharashtra,Nashik,"Pandav Nagari, Nashik - MPCB",11-03-2026 15:00,19.9591346,73.7788008,NO2,NA,NA,NA
India,Maharashtra,Nashik,"Pandav Nagari, Nashik - MPCB",11-03-2026 15:00,19.9591346,73.7788008,NH3,NA,NA,NA
India,Maharashtra,Navi Mumbai,"Kopripada-Vashi, Navi Mumbai - MPCB",11-03-2026 15:00,19.090337,73.014232,PM2.5,53,353,139
India,Maharashtra,Pune,"Dhankawadi, Pune - IITM",11-03-2026 15:00,18.459883,73.852193,CO,20,107,69
India,Maharashtra,Pune,"Dhankawadi, Pune - IITM",11-03-2026 15:00,18.459883,73.852193,OZONE,14,113,64
India,Maharashtra,Pune,"Katraj Dairy, Pune - MPCB",11-03-2026 15:00,18.45445,73.854155,NH3,NA,NA,NA
India,Maharashtra,Pune,"Katraj Dairy, Pune - MPCB",11-03-2026 15:00,18.45445,73.854155,SO2,NA,NA,NA
India,Maharashtra,Pune,"Mhada Colony, Pune - IITM",11-03-2026 15:00,18.57304,73.927715,CO,8,73,42
India,Maharashtra,Pune,"Mhada Colony, Pune - IITM",11-03-2026 15:00,18.57304,73.927715,OZONE,11,89,62
India,Maharashtra,Navi Mumbai,"Kopripada-Vashi, Navi Mumbai - MPCB",11-03-2026 15:00,19.090337,73.014232,NH3,1,14,8
India,Maharashtra,Navi Mumbai,"Mahape, Navi Mumbai - MPCB",11-03-2026 15:00,19.1135051,73.008978,OZONE,7,13,10
India,Maharashtra,Navi Mumbai,"Nerul, Navi Mumbai - MPCB",11-03-2026 15:00,19.008751,73.01662,NH3,NA,NA,NA
India,Maharashtra,Navi Mumbai,"Sanpada, Navi Mumbai - MPCB",11-03-2026 15:00,19.0575752,73.0151367,PM10,87,183,139
India,Maharashtra,Mumbai,"Worli, Mumbai -MPCB",11-03-2026 15:00,18.994218,72.8158167,OZONE,4,159,57
India,Maharashtra,Nagpur,"Ambazari, Nagpur - MPCB",11-03-2026 15:00,21.121801,79.04952,NH3,1,16,5
India,Maharashtra,Nagpur,"Mahal, Nagpur - MPCB",11-03-2026 15:00,21.14472,79.107595,OZONE,15,58,33
India,Maharashtra,Nagpur,"Ram Nagar, Nagpur - MPCB",11-03-2026 15:00,21.143383,79.048912,PM2.5,45,146,89
India,Maharashtra,Pimpri-Chinchwad,"Thergaon, Pimpri Chinchwad - MPCB",11-03-2026 15:00,18.616318,73.765797,PM10,15,166,127
India,Maharashtra,Pune,"Bhosari, Pune - IITM",11-03-2026 15:00,18.640051,73.848956,PM2.5,37,216,122
India,Maharashtra,Pune,"Bhosari, Pune - IITM",11-03-2026 15:00,18.640051,73.848956,CO,NA,NA,NA
India,Odisha,Baripada,"Meher Colony, Baripada - OSPCB",11-03-2026 15:00,21.941841,86.728318,NH3,2,5,4
India,Odisha,Baripada,"Meher Colony, Baripada - OSPCB",11-03-2026 15:00,21.941841,86.728318,SO2,2,10,6
India,Odisha,Baripada,"Meher Colony, Baripada - OSPCB",11-03-2026 15:00,21.941841,86.728318,CO,106,120,117
India,Odisha,Baripada,"Meher Colony, Baripada - OSPCB",11-03-2026 15:00,21.941841,86.728318,OZONE,1,40,22
India,Odisha,Bhubaneswar,"Lingraj Mandir, Bhubaneswar - OSPCB",11-03-2026 15:00,20.24079,85.836784,CO,38,76,66
India,Odisha,Bhubaneswar,"Patia, Bhubaneswar - OSPCB",11-03-2026 15:00,20.34652,85.8163,PM2.5,65,103,83
India,Odisha,Bhubaneswar,"Patia, Bhubaneswar - OSPCB",11-03-2026 15:00,20.34652,85.8163,OZONE,20,44,35
India,Odisha,Bileipada,"Tata Township, Bileipada - OSPCB",11-03-2026 15:00,22.06156703,85.47409613,CO,22,56,45
India,Odisha,Brajrajnagar,"GM Office, Brajrajnagar - OSPCB",11-03-2026 15:00,21.8004996,83.8396977,CO,18,52,41
India,Odisha,Brajrajnagar,"GM Office, Brajrajnagar - OSPCB",11-03-2026 15:00,21.8004996,83.8396977,OZONE,20,194,163
India,Rajasthan,Banswara,"Rati Talai, Banswara - RSPCB",11-03-2026 15:00,23.55519,74.44001,PM2.5,12,73,35
India,Rajasthan,Banswara,"Rati Talai, Banswara - RSPCB",11-03-2026 15:00,23.55519,74.44001,PM10,31,139,80
India,Rajasthan,Baran,"Bamboliya, Baran - RSPCB",11-03-2026 15:00,25.106006,76.469948,SO2,5,20,13
India,Rajasthan,Baran,"Bamboliya, Baran - RSPCB",11-03-2026 15:00,25.106006,76.469948,OZONE,10,149,102
India,Rajasthan,Barmer,"Railway Colony, Barmer - RSPCB",11-03-2026 15:00,25.747299,71.393989,PM2.5,27,87,45
India,Rajasthan,Bharatpur,"Krishna Nagar, Bharatpur - RSPCB",11-03-2026 15:00,27.215415,77.50873,PM2.5,20,181,69
India,Rajasthan,Bharatpur,"Krishna Nagar, Bharatpur - RSPCB",11-03-2026 15:00,27.215415,77.50873,NO2,11,105,43
India,Rajasthan,Bharatpur,"Krishna Nagar, Bharatpur - RSPCB",11-03-2026 15:00,27.215415,77.50873,OZONE,8,159,100
India,Rajasthan,Bhilwara,"Pratap Nagar, Bhilwara - RSPCB",11-03-2026 15:00,25.339605,74.618883,PM2.5,20,287,102
India,Rajasthan,Bhilwara,"Pratap Nagar, Bhilwara - RSPCB",11-03-2026 15:00,25.339605,74.618883,OZONE,1,64,48
India,Rajasthan,Jaipur,"Adarsh Nagar, Jaipur - RSPCB",11-03-2026 15:00,26.902909,75.836858,NO2,16,90,54
India,Rajasthan,Jaipur,"Adarsh Nagar, Jaipur - RSPCB",11-03-2026 15:00,26.902909,75.836858,CO,22,104,52
India,Rajasthan,Jaipur,"Mansarovar Sector-12, Jaipur - RSPCB",11-03-2026 15:00,26.843698,75.766894,PM2.5,12,304,126
India,Rajasthan,Jaipur,"Mansarovar Sector-12, Jaipur - RSPCB",11-03-2026 15:00,26.843698,75.766894,SO2,2,21,8
India,Rajasthan,Jaipur,"Police Commissionerate, Jaipur - RSPCB",11-03-2026 15:00,26.9164092,75.7994901,SO2,6,57,29
India,Rajasthan,Jaipur,"RIICO Sitapura, Jaipur - RSPCB",11-03-2026 15:00,26.786682,75.827928,PM10,49,351,191
India,Rajasthan,Jaipur,"RIICO Sitapura, Jaipur - RSPCB",11-03-2026 15:00,26.786682,75.827928,CO,46,151,80
India,Rajasthan,Jaipur,"Sector-2 Murlipura, Jaipur - RSPCB",11-03-2026 15:00,26.960669,75.771817,PM10,30,243,122
India,Rajasthan,Jaipur,"Sector-2 Murlipura, Jaipur - RSPCB",11-03-2026 15:00,26.960669,75.771817,NH3,5,9,7
India,Rajasthan,Dausa,"Khatikan Mohalla, Dausa - RSPCB",11-03-2026 15:00,26.895552,76.334753,SO2,2,9,4
India,Rajasthan,Dausa,"Khatikan Mohalla, Dausa - RSPCB",11-03-2026 15:00,26.895552,76.334753,CO,14,114,43
India,Rajasthan,Dholpur,"Raja Ganj, Dholpur - RSPCB",11-03-2026 15:00,26.699557,77.898881,PM2.5,20,157,68
India,Rajasthan,Dholpur,"Raja Ganj, Dholpur - RSPCB",11-03-2026 15:00,26.699557,77.898881,PM10,59,176,110
India,Rajasthan,Dholpur,"Raja Ganj, Dholpur - RSPCB",11-03-2026 15:00,26.699557,77.898881,NO2,17,64,38
India,Rajasthan,Dholpur,"Raja Ganj, Dholpur - RSPCB",11-03-2026 15:00,26.699557,77.898881,CO,26,59,44
India,Rajasthan,Dungarpur,"Bhoiwada, Dungarpur - RSPCB",11-03-2026 15:00,23.837789,73.714926,PM10,48,163,96
India,Rajasthan,Hanumangarh,"Housing Board, Hanumangarh - RSPCB",11-03-2026 15:00,29.61075,74.283608,NO2,6,93,33
India,Rajasthan,Hanumangarh,"Housing Board, Hanumangarh - RSPCB",11-03-2026 15:00,29.61075,74.283608,NH3,2,15,5
India,Punjab,Mandi Gobindgarh,"RIMT University, Mandi Gobindgarh - PPCB",11-03-2026 15:00,30.649961,76.331442,CO,8,111,66
India,Punjab,Rupnagar,"Ratanpura, Rupnagar - Ambuja Cements",11-03-2026 15:00,31.0325454,76.5623046,PM10,55,192,123
India,Punjab,Rupnagar,"Ratanpura, Rupnagar - Ambuja Cements",11-03-2026 15:00,31.0325454,76.5623046,SO2,11,28,22
India,Punjab,Rupnagar,"Ratanpura, Rupnagar - Ambuja Cements",11-03-2026 15:00,31.0325454,76.5623046,CO,24,32,29
India,Rajasthan,Ajmer,"Civil Lines,  Ajmer - RSPCB",11-03-2026 15:00,26.470859,74.646594,NO2,24,37,30
India,Rajasthan,Ajmer,"Civil Lines,  Ajmer - RSPCB",11-03-2026 15:00,26.470859,74.646594,SO2,11,15,13
India,Rajasthan,Ajmer,"Civil Lines,  Ajmer - RSPCB",11-03-2026 15:00,26.470859,74.646594,OZONE,4,41,19
India,Rajasthan,Alwar,"Moti Doongri, Alwar - RSPCB",11-03-2026 15:00,27.554793,76.611536,NH3,10,15,12
India,Punjab,Amritsar,"Golden Temple, Amritsar - PPCB",11-03-2026 15:00,31.62,74.876512,PM2.5,53,112,75
India,Punjab,Amritsar,"Golden Temple, Amritsar - PPCB",11-03-2026 15:00,31.62,74.876512,NO2,3,35,9
India,Punjab,Jalandhar,"Civil Line, Jalandhar - PPCB",11-03-2026 15:00,31.321907,75.578914,PM10,86,186,122
India,Punjab,Jalandhar,"Civil Line, Jalandhar - PPCB",11-03-2026 15:00,31.321907,75.578914,OZONE,39,43,41
India,Punjab,Ludhiana,"Punjab Agricultural University, Ludhiana - PPCB",11-03-2026 15:00,30.9028,75.8086,PM10,114,143,122
India,Punjab,Ludhiana,"Punjab Agricultural University, Ludhiana - PPCB",11-03-2026 15:00,30.9028,75.8086,NO2,37,44,40
India,Punjab,Ludhiana,"Punjab Agricultural University, Ludhiana - PPCB",11-03-2026 15:00,30.9028,75.8086,CO,29,122,72
India,Punjab,Mandi Gobindgarh,"RIMT University, Mandi Gobindgarh - PPCB",11-03-2026 15:00,30.649961,76.331442,PM2.5,30,118,54
India,Odisha,Keonjhar,"Jagamohanpur, Keonjhar - OSPCB",11-03-2026 15:00,21.6439,85.599355,PM2.5,77,147,101
India,Odisha,Keonjhar,"Jagamohanpur, Keonjhar - OSPCB",11-03-2026 15:00,21.6439,85.599355,NH3,5,5,5
India,Odisha,Keonjhar,"Jagamohanpur, Keonjhar - OSPCB",11-03-2026 15:00,21.6439,85.599355,CO,18,28,22
India,Odisha,Nayagarh,"Dabuna, Nayagarh - OSPCB",11-03-2026 15:00,21.847279,85.416905,PM10,101,131,112
India,Odisha,Rourkela,"Fertilizer Township, Rourkela - OSPCB",11-03-2026 15:00,22.18972222,84.86277778,NO2,11,11,11
India,Odisha,Rourkela,"Fertilizer Township, Rourkela - OSPCB",11-03-2026 15:00,22.18972222,84.86277778,SO2,4,8,5
India,Rajasthan,Bhiwadi,"RIICO Ind. Area III, Bhiwadi - RSPCB",11-03-2026 15:00,28.194909,76.862296,NH3,7,25,14
India,Rajasthan,Bhiwadi,"Vasundhara Nagar_UIT, Bhiwadi - RSPCB",11-03-2026 15:00,28.207266,76.829265,CO,16,130,36
India,Rajasthan,Bundi,"New Colony, Bundi - RSPCB",11-03-2026 15:00,25.435774,75.644272,CO,12,98,27
India,Rajasthan,Chittorgarh,"Shastri Nagar, Chittorgarh - RSPCB",11-03-2026 15:00,24.892047,74.623527,SO2,3,34,8
India,Odisha,Rourkela,"Raghunathpali, Rourkela - OSPCB",11-03-2026 15:00,22.220833,84.809444,CO,46,107,94
India,Puducherry,Puducherry,"Jawahar Nagar, Puducherry - PPCC",11-03-2026 15:00,11.9309,79.8027,CO,13,26,20
India,TamilNadu,Chennai,"Perungudi, Chennai - TNPCB",11-03-2026 15:00,12.9533,80.2357,SO2,2,8,5
India,TamilNadu,Chennai,"Royapuram, Chennai - TNPCB",11-03-2026 15:00,13.1036,80.2909,PM10,27,362,85
India,TamilNadu,Chennai,"Royapuram, Chennai - TNPCB",11-03-2026 15:00,13.1036,80.2909,SO2,4,7,6
India,TamilNadu,Chennai,"Royapuram, Chennai - TNPCB",11-03-2026 15:00,13.1036,80.2909,CO,46,70,52
India,TamilNadu,Coimbatore,"PSG College of Arts and Science, Coimbatore - TNPCB",11-03-2026 15:00,11.0328,77.0349,NH3,1,1,1
India,TamilNadu,Coimbatore,"PSG College of Arts and Science, Coimbatore - TNPCB",11-03-2026 15:00,11.0328,77.0349,OZONE,3,6,5
India,TamilNadu,Coimbatore,"SIDCO Kurichi, Coimbatore - TNPCB",11-03-2026 15:00,10.942451,76.978996,PM2.5,26,50,37
India,TamilNadu,Gummidipoondi,"Anthoni Pillai Nagar, Gummidipoondi - TNPCB",11-03-2026 15:00,13.4127,80.1081,NO2,12,36,23
India,Rajasthan,Jaipur,"Shastri Nagar, Jaipur - RSPCB",11-03-2026 15:00,26.9502929,75.730943,NH3,8,37,15
India,Rajasthan,Jaisalmer,"Sadar Bazar, Jaisalmer - RSPCB",11-03-2026 15:00,26.912329,70.909168,OZONE,29,122,69
India,Rajasthan,Jalore,"Mudtra Sili, Jalore - RSPCB",11-03-2026 15:00,25.344694,72.626208,PM10,54,220,109
India,Rajasthan,Jalore,"Mudtra Sili, Jalore - RSPCB",11-03-2026 15:00,25.344694,72.626208,SO2,3,23,7
India,Rajasthan,Jhalawar,"Rajlaxmi Nagar, Jhalawar - RSPCB",11-03-2026 15:00,24.588397,76.172782,PM10,51,199,118
India,Rajasthan,Jhunjhunu,"Indra Nagar, Jhunjhunu - RSPCB",11-03-2026 15:00,28.108988,75.386577,PM10,67,245,128
India,Rajasthan,Jhunjhunu,"Indra Nagar, Jhunjhunu - RSPCB",11-03-2026 15:00,28.108988,75.386577,NO2,8,112,31
India,Rajasthan,Rajsamand,"Dhoinda, Rajsamand - RSPCB",11-03-2026 15:00,25.03636,73.883502,PM2.5,3,207,64
India,Rajasthan,Sawai Madhopur,"Sahu Nagar, Sawai Madhopur - RSPCB",11-03-2026 15:00,26.031443,76.359327,NO2,3,121,42
India,Rajasthan,Sikar,"Radhakishan Pura, Sikar - RSPCB",11-03-2026 15:00,27.608912,75.153302,NH3,7,19,13
India,Rajasthan,Sikar,"Radhakishan Pura, Sikar - RSPCB",11-03-2026 15:00,27.608912,75.153302,SO2,4,36,8
India,Rajasthan,Sri Ganganagar,"Old City, Sri Ganganagar - RSPCB",11-03-2026 15:00,29.931624,73.864511,PM10,76,410,169
India,Rajasthan,Sri Ganganagar,"Old City, Sri Ganganagar - RSPCB",11-03-2026 15:00,29.931624,73.864511,SO2,2,5,3
India,Rajasthan,Kota,"Dhanmandi, Kota - RSPCB",11-03-2026 15:00,25.16409,75.858137,SO2,3,126,31
India,Rajasthan,Kota,"Nayapura, Kota - RSPCB",11-03-2026 15:00,25.196024,75.855668,NH3,2,20,8
India,Rajasthan,Kota,"Nayapura, Kota - RSPCB",11-03-2026 15:00,25.196024,75.855668,SO2,4,108,21
India,Rajasthan,Kota,"Shrinath Puram, Kota - RSPCB",11-03-2026 15:00,25.14389,75.821256,NO2,5,12,8
India,Rajasthan,Kota,"Shrinath Puram, Kota - RSPCB",11-03-2026 15:00,25.14389,75.821256,CO,4,123,29
India,Rajasthan,Nagaur,"Karni Colony, Nagaur - RSPCB",11-03-2026 15:00,27.213494,73.734444,PM2.5,28,233,87
India,Rajasthan,Udaipur,"Ashok Nagar, Udaipur - RSPCB",11-03-2026 15:00,24.5886166,73.6321397,SO2,4,11,8
India,Rajasthan,Udaipur,"Ashok Nagar, Udaipur - RSPCB",11-03-2026 15:00,24.5886166,73.6321397,OZONE,4,114,74
India,Sikkim,Gangtok,"Zero Point GICI, Gangtok - SSPCB",11-03-2026 15:00,27.33853,88.614099,PM10,47,99,75
India,Rajasthan,Jodhpur,"Collectorate, Jodhpur - RSPCB",11-03-2026 15:00,26.268249,73.0193853,OZONE,6,136,77
India,Rajasthan,Jodhpur,"Digari Kalan, Jodhpur - RSPCB",11-03-2026 15:00,26.29581,73.082283,PM2.5,20,197,88
India,Rajasthan,Jodhpur,"Jhalamand, Jodhpur - RSPCB",11-03-2026 15:00,26.215415,73.070156,SO2,4,14,7
India,TamilNadu,Chennai,"Manali Village, Chennai - TNPCB",11-03-2026 15:00,13.1662,80.2584,NH3,1,2,2
India,TamilNadu,Chennai,"Manali Village, Chennai - TNPCB",11-03-2026 15:00,13.1662,80.2584,SO2,14,18,16
India,TamilNadu,Chennai,"Manali, Chennai - CPCB",11-03-2026 15:00,13.164544,80.26285,PM2.5,44,302,134
India,TamilNadu,Chennai,"Arumbakkam, Chennai - TNPCB",11-03-2026 15:00,13.0664,80.2112,PM10,42,185,78
India,TamilNadu,Chennai,"Kodungaiyur, Chennai - TNPCB",11-03-2026 15:00,13.1278,80.2642,PM10,41,199,97
India,TamilNadu,Chennai,"Manali Village, Chennai - TNPCB",11-03-2026 15:00,13.1662,80.2584,PM10,35,158,81
India,Rajasthan,Pali,"Indira Colony Vistar, Pali - RSPCB",11-03-2026 15:00,25.771061,73.340227,NO2,4,36,22
India,Rajasthan,Pratapgarh,"Pragati Nagar, Pratapgarh - RSPCB",11-03-2026 15:00,24.041198,74.780702,PM10,50,132,84
India,Uttar_Pradesh,Hapur,"Anand Vihar, Hapur - UPPCB",11-03-2026 15:00,28.725645,77.749675,PM10,111,416,212
India,Uttar_Pradesh,Hapur,"Anand Vihar, Hapur - UPPCB",11-03-2026 15:00,28.725645,77.749675,NH3,15,27,20
India,Uttar_Pradesh,Hapur,"Anand Vihar, Hapur - UPPCB",11-03-2026 15:00,28.725645,77.749675,CO,40,114,76
India,Uttar_Pradesh,Jhansi,"Shivaji Nagar, Jhansi - UPPCB",11-03-2026 15:00,25.4547,78.6039,NO2,5,6,6
India,Uttar_Pradesh,Jhansi,"Shivaji Nagar, Jhansi - UPPCB",11-03-2026 15:00,25.4547,78.6039,OZONE,2,21,8
India,Uttar_Pradesh,Kanpur,"FTI Kidwai Nagar, Kanpur - UPPCB",11-03-2026 15:00,26.428282,80.327067,PM10,68,144,112
India,Uttar_Pradesh,Kanpur,"FTI Kidwai Nagar, Kanpur - UPPCB",11-03-2026 15:00,26.428282,80.327067,NO2,27,27,27
India,Uttar_Pradesh,Kanpur,"NSI Kalyanpur, Kanpur - UPPCB",11-03-2026 15:00,26.509954,80.249612,PM10,92,166,128
India,Uttar_Pradesh,Kanpur,"NSI Kalyanpur, Kanpur - UPPCB",11-03-2026 15:00,26.509954,80.249612,NO2,25,25,25
India,Uttar_Pradesh,Kanpur,"NSI Kalyanpur, Kanpur - UPPCB",11-03-2026 15:00,26.509954,80.249612,CO,10,50,32
India,Uttar_Pradesh,Kanpur,"Nehru Nagar, Kanpur - UPPCB",11-03-2026 15:00,26.4703136,80.3229863,PM2.5,65,324,198
India,Uttar_Pradesh,Kanpur,"Nehru Nagar, Kanpur - UPPCB",11-03-2026 15:00,26.4703136,80.3229863,PM10,59,185,120
India,Uttar_Pradesh,Kanpur,"Nehru Nagar, Kanpur - UPPCB",11-03-2026 15:00,26.4703136,80.3229863,OZONE,16,18,16
India,Telangana,Hyderabad,"Zoo Park, Hyderabad - TSPCB",11-03-2026 15:00,17.349694,78.451437,PM2.5,30,115,64
India,Tripura,Agartala,"Bardowali, Agartala - Tripura SPCB",11-03-2026 15:00,23.8175497,91.2726974,NH3,7,10,9
India,Tripura,Agartala,"Bardowali, Agartala - Tripura SPCB",11-03-2026 15:00,23.8175497,91.2726974,CO,15,36,21
India,Uttar_Pradesh,Agra,"Manoharpur, Agra - UPPCB",11-03-2026 15:00,27.23711,78.01936,SO2,8,15,10
India,Uttar_Pradesh,Agra,"Manoharpur, Agra - UPPCB",11-03-2026 15:00,27.23711,78.01936,OZONE,6,6,6
India,Uttar_Pradesh,Agra,"Rohta, Agra - UPPCB",11-03-2026 15:00,27.106972,78.000111,NO2,13,14,14
India,Uttar_Pradesh,Agra,"Rohta, Agra - UPPCB",11-03-2026 15:00,27.106972,78.000111,NH3,5,5,5
India,Uttar_Pradesh,Agra,"Sanjay Palace, Agra - UPPCB",11-03-2026 15:00,27.19865833,78.00598056,PM10,117,467,165
India,Uttar_Pradesh,Agra,"Sanjay Palace, Agra - UPPCB",11-03-2026 15:00,27.19865833,78.00598056,SO2,17,19,18
India,Uttar_Pradesh,Agra,"Sector-3B Avas Vikas Colony, Agra - UPPCB",11-03-2026 15:00,27.19412,77.96237,PM10,145,430,260
India,Uttar_Pradesh,Bulandshahr,"Yamunapuram, Bulandshahr - UPPCB",11-03-2026 15:00,28.406963,77.849831,PM10,148,324,217
India,Uttar_Pradesh,Bulandshahr,"Yamunapuram, Bulandshahr - UPPCB",11-03-2026 15:00,28.406963,77.849831,OZONE,2,81,46
India,Uttar_Pradesh,Firozabad,"Nagla Bhau, Firozabad - UPPCB",11-03-2026 15:00,27.168897,78.37696,PM10,50,273,128
India,Uttar_Pradesh,Firozabad,"Nagla Bhau, Firozabad - UPPCB",11-03-2026 15:00,27.168897,78.37696,NH3,2,2,2
India,Uttar_Pradesh,Firozabad,"Nagla Bhau, Firozabad - UPPCB",11-03-2026 15:00,27.168897,78.37696,SO2,5,86,26
India,Uttar_Pradesh,Firozabad,"Nagla Bhau, Firozabad - UPPCB",11-03-2026 15:00,27.168897,78.37696,CO,4,78,33
India,Uttar_Pradesh,Firozabad,"Vibhab Nagar, Firozabad - UPPCB",11-03-2026 15:00,27.1594,78.3953,PM2.5,40,99,64
India,Uttar_Pradesh,Firozabad,"Vibhab Nagar, Firozabad - UPPCB",11-03-2026 15:00,27.1594,78.3953,NH3,2,2,2
India,Uttar_Pradesh,Ghaziabad,"Loni, Ghaziabad - UPPCB",11-03-2026 15:00,28.757294,77.278792,PM10,171,440,329
India,Uttar_Pradesh,Ghaziabad,"Loni, Ghaziabad - UPPCB",11-03-2026 15:00,28.757294,77.278792,SO2,13,37,23
India,Uttar_Pradesh,Ghaziabad,"Loni, Ghaziabad - UPPCB",11-03-2026 15:00,28.757294,77.278792,CO,38,106,54
India,Uttar_Pradesh,Ghaziabad,"Loni, Ghaziabad - UPPCB",11-03-2026 15:00,28.757294,77.278792,OZONE,5,94,58
India,Telangana,Hyderabad,"Kompally Municipal Office, Hyderabad - TSPCB",11-03-2026 15:00,17.544899,78.486949,PM2.5,44,68,54
India,Telangana,Hyderabad,"Kompally Municipal Office, Hyderabad - TSPCB",11-03-2026 15:00,17.544899,78.486949,CO,8,30,11
India,Telangana,Hyderabad,"New Malakpet, Hyderabad - TSPCB",11-03-2026 15:00,17.37206,78.50864,PM10,75,99,84
India,Telangana,Hyderabad,"New Malakpet, Hyderabad - TSPCB",11-03-2026 15:00,17.37206,78.50864,NO2,15,19,16
India,Telangana,Hyderabad,"New Malakpet, Hyderabad - TSPCB",11-03-2026 15:00,17.37206,78.50864,NH3,2,4,3
India,Telangana,Hyderabad,"Ramachandrapuram, Hyderabad - TSPCB",11-03-2026 15:00,17.528544,78.286195,PM2.5,39,58,51
India,Telangana,Hyderabad,"Ramachandrapuram, Hyderabad - TSPCB",11-03-2026 15:00,17.528544,78.286195,NO2,11,17,15
India,Telangana,Hyderabad,"Ramachandrapuram, Hyderabad - TSPCB",11-03-2026 15:00,17.528544,78.286195,NH3,3,5,4
India,Telangana,Hyderabad,"Sanathnagar, Hyderabad - TSPCB",11-03-2026 15:00,17.4559458,78.4332152,PM2.5,11,55,38
India,Telangana,Hyderabad,"Sanathnagar, Hyderabad - TSPCB",11-03-2026 15:00,17.4559458,78.4332152,CO,40,53,49
India,Telangana,Hyderabad,"Sanathnagar, Hyderabad - TSPCB",11-03-2026 15:00,17.4559458,78.4332152,OZONE,13,17,15
India,Uttar_Pradesh,Agra,"Sector-3B Avas Vikas Colony, Agra - UPPCB",11-03-2026 15:00,27.19412,77.96237,OZONE,2,18,7
India,Uttar_Pradesh,Agra,"Shahjahan Garden, Agra - UPPCB",11-03-2026 15:00,27.169338,78.03582,PM2.5,42,338,195
India,Uttar_Pradesh,Agra,"Shahjahan Garden, Agra - UPPCB",11-03-2026 15:00,27.169338,78.03582,CO,8,20,17
India,Uttar_Pradesh,Agra,"Shastripuram, Agra - UPPCB",11-03-2026 15:00,27.19862,77.92066,OZONE,12,13,13
India,Uttar_Pradesh,Baghpat,"Sardar Patel Inter College, Baghpat - UPPCB",11-03-2026 15:00,28.964949,77.278761,PM2.5,85,325,225
India,Uttar_Pradesh,Baghpat,"Sardar Patel Inter College, Baghpat - UPPCB",11-03-2026 15:00,28.964949,77.278761,NH3,2,9,4
India,Uttar_Pradesh,Baghpat,"Sardar Patel Inter College, Baghpat - UPPCB",11-03-2026 15:00,28.964949,77.278761,OZONE,1,84,60
India,Uttar_Pradesh,Bareilly,"Civil Lines, Bareilly - UPPCB",11-03-2026 15:00,28.359581,79.414455,SO2,70,97,83
India,Uttar_Pradesh,Khurja,"Kalindi Kunj, Khurja - UPPCB",11-03-2026 15:00,28.2348927,77.8683002,OZONE,13,30,23
India,Uttar_Pradesh,Lucknow,"B R Ambedkar University, Lucknow - UPPCB",11-03-2026 15:00,26.766433,80.927299,OZONE,15,84,65
India,Uttar_Pradesh,Lucknow,"Gomti Nagar, Lucknow - UPPCB",11-03-2026 15:00,26.86812,81.005119,PM2.5,127,251,192
India,Uttar_Pradesh,Lucknow,"Gomti Nagar, Lucknow - UPPCB",11-03-2026 15:00,26.86812,81.005119,PM10,82,117,102
India,Uttar_Pradesh,Lucknow,"Gomti Nagar, Lucknow - UPPCB",11-03-2026 15:00,26.86812,81.005119,SO2,11,12,11
India,Uttar_Pradesh,Lucknow,"Kendriya Vidyalaya, Lucknow - CPCB",11-03-2026 15:00,26.906111,80.948222,PM2.5,151,330,290
India,Uttar_Pradesh,Lucknow,"Kendriya Vidyalaya, Lucknow - CPCB",11-03-2026 15:00,26.906111,80.948222,CO,16,66,44
India,TamilNadu,Perundurai,"SIPCOT Industrial Park, Perundurai - TNPCB",11-03-2026 15:00,11.258242,77.552761,NH3,2,3,3
India,TamilNadu,Perundurai,"SIPCOT Industrial Park, Perundurai - TNPCB",11-03-2026 15:00,11.258242,77.552761,SO2,15,16,15
India,TamilNadu,Thoothukudi,"Meelavittan, Thoothukudi - TNPCB",11-03-2026 15:00,8.816428,78.099039,CO,27,54,36
India,Telangana,Hyderabad,"ECIL Kapra, Hyderabad - TSPCB",11-03-2026 15:00,17.470431,78.566959,NO2,14,43,26
India,Telangana,Hyderabad,"ICRISAT Patancheru, Hyderabad - TSPCB",11-03-2026 15:00,17.5184,78.278777,NO2,3,20,9
India,Telangana,Hyderabad,"IDA Pashamylaram, Hyderabad - TSPCB",11-03-2026 15:00,17.5316895,78.218939,NO2,6,7,7
India,Uttar_Pradesh,Gorakhpur,"Madan Mohan Malaviya University of Technology, Gorakhpur - UPPCB",11-03-2026 15:00,26.730136,83.433859,NO2,11,12,11
India,Uttar_Pradesh,Greater Noida,"Knowledge Park - III, Greater Noida - UPPCB",11-03-2026 15:00,28.47272,77.482,SO2,10,28,16
India,Uttar_Pradesh,Greater Noida,"Knowledge Park - V, Greater Noida - UPPCB",11-03-2026 15:00,28.557054,77.453663,PM10,221,500,394
India,Telangana,Hyderabad,"Kokapet, Hyderabad - TSPCB",11-03-2026 15:00,17.393559,78.339194,NO2,13,16,14
India,Uttar_Pradesh,Varanasi,"IESD Banaras Hindu University, Varanasi - UPPCB",11-03-2026 15:00,25.262326,82.995408,NH3,1,4,2
India,Uttar_Pradesh,Varanasi,"IESD Banaras Hindu University, Varanasi - UPPCB",11-03-2026 15:00,25.262326,82.995408,CO,8,34,12
India,Uttar_Pradesh,Varanasi,"Maldahiya, Varanasi - UPPCB",11-03-2026 15:00,25.32393,82.99687,NO2,1,4,2
India,Uttar_Pradesh,Varanasi,"Maldahiya, Varanasi - UPPCB",11-03-2026 15:00,25.32393,82.99687,SO2,30,33,30
India,Uttar_Pradesh,Vrindavan,"Omex Eternity, Vrindavan - UPPCB",11-03-2026 15:00,27.571409,77.655757,PM2.5,21,124,65
India,Uttar_Pradesh,Vrindavan,"Omex Eternity, Vrindavan - UPPCB",11-03-2026 15:00,27.571409,77.655757,NH3,4,8,7
India,Uttarakhand,Kashipur,"Govt. Girls Inter College, Kashipur - UKPCB",11-03-2026 15:00,29.2124114,78.9611753,SO2,6,10,8
India,Uttarakhand,Rishikesh,"Shivaji Nagar, Rishikesh - UKPCB",11-03-2026 15:00,30.075911,78.2859547,PM10,72,91,89
India,Uttarakhand,Rishikesh,"Shivaji Nagar, Rishikesh - UKPCB",11-03-2026 15:00,30.075911,78.2859547,NH3,14,19,15
India,Uttarakhand,Rishikesh,"Shivaji Nagar, Rishikesh - UKPCB",11-03-2026 15:00,30.075911,78.2859547,CO,37,37,37
India,Uttarakhand,Rishikesh,"Shivaji Nagar, Rishikesh - UKPCB",11-03-2026 15:00,30.075911,78.2859547,OZONE,129,175,163
India,Uttar_Pradesh,Noida,"Sector-116, Noida - UPPCB",11-03-2026 15:00,28.56923,77.393848,SO2,5,29,15
India,Uttar_Pradesh,Prayagraj,"Jhunsi, Prayagraj - UPPCB",11-03-2026 15:00,25.425602,81.917152,NO2,6,6,6
India,Uttar_Pradesh,Prayagraj,"Jhunsi, Prayagraj - UPPCB",11-03-2026 15:00,25.425602,81.917152,CO,18,18,18
India,Uttar_Pradesh,Prayagraj,"Jhunsi, Prayagraj - UPPCB",11-03-2026 15:00,25.425602,81.917152,OZONE,73,75,74
India,Uttar_Pradesh,Prayagraj,"Nagar Nigam, Prayagraj - UPPCB",11-03-2026 15:00,25.44919916,81.82735986,PM2.5,36,124,82
India,Uttar_Pradesh,Prayagraj,"Nagar Nigam, Prayagraj - UPPCB",11-03-2026 15:00,25.44919916,81.82735986,PM10,35,105,88
India,Uttar_Pradesh,Prayagraj,"Nagar Nigam, Prayagraj - UPPCB",11-03-2026 15:00,25.44919916,81.82735986,NO2,5,5,5
India,Uttar_Pradesh,Prayagraj,"Nagar Nigam, Prayagraj - UPPCB",11-03-2026 15:00,25.44919916,81.82735986,OZONE,11,12,12
India,Uttar_Pradesh,Raebareli," Indira Nagar, Raebareli - NTPC Unchahar",11-03-2026 15:00,26.207781,81.245571,PM10,111,143,120
India,Uttar_Pradesh,Varanasi,"Ardhali Bazar, Varanasi - UPPCB",11-03-2026 15:00,25.3505986,82.9083074,PM2.5,80,180,112
India,Uttar_Pradesh,Varanasi,"Ardhali Bazar, Varanasi - UPPCB",11-03-2026 15:00,25.3505986,82.9083074,PM10,103,156,125
India,Uttar_Pradesh,Varanasi,"Ardhali Bazar, Varanasi - UPPCB",11-03-2026 15:00,25.3505986,82.9083074,CO,10,18,15
India,West_Bengal,Asansol,"Evelyn Lodge, Asansol - WBPCB",11-03-2026 15:00,23.697936,86.944395,CO,15,54,32
India,West_Bengal,Asansol,"Trivenidevi Bhalotia College, Asansol - WBPCB",11-03-2026 15:00,23.616515,87.119133,PM2.5,42,86,58
India,West_Bengal,Asansol,"Trivenidevi Bhalotia College, Asansol - WBPCB",11-03-2026 15:00,23.616515,87.119133,PM10,50,71,60
India,West_Bengal,Asansol,"Trivenidevi Bhalotia College, Asansol - WBPCB",11-03-2026 15:00,23.616515,87.119133,NO2,9,84,22
India,West_Bengal,Barrackpore,"SVSPA Campus, Barrackpore - WBPCB",11-03-2026 15:00,22.7605581,88.3617589,PM10,50,69,60
India,West_Bengal,Barrackpore,"SVSPA Campus, Barrackpore - WBPCB",11-03-2026 15:00,22.7605581,88.3617589,NO2,10,23,18
India,West_Bengal,Barrackpore,"SVSPA Campus, Barrackpore - WBPCB",11-03-2026 15:00,22.7605581,88.3617589,NH3,1,7,6
India,West_Bengal,Barrackpore,"SVSPA Campus, Barrackpore - WBPCB",11-03-2026 15:00,22.7605581,88.3617589,CO,22,34,24
India,West_Bengal,Durgapur,"Mahishkapur Road_B-Zone, Durgapur - WBPCB",11-03-2026 15:00,23.567923,87.306843,NH3,2,6,4
India,West_Bengal,Durgapur,"PCBL Residential Complex, Durgapur - WBPCB",11-03-2026 15:00,23.508764,87.35444,PM2.5,49,101,75
India,West_Bengal,Durgapur,"PCBL Residential Complex, Durgapur - WBPCB",11-03-2026 15:00,23.508764,87.35444,PM10,58,114,83
India,Uttar_Pradesh,Lucknow,"Kukrail Picnic Spot-1, Lucknow - UPPCB",11-03-2026 15:00,26.90723,80.98579,OZONE,8,44,33
India,Uttar_Pradesh,Lucknow,"Talkatora District Industries Center, Lucknow - CPCB",11-03-2026 15:00,26.83399722,80.8917361,PM2.5,187,317,276
India,Uttar_Pradesh,Lucknow,"Talkatora District Industries Center, Lucknow - CPCB",11-03-2026 15:00,26.83399722,80.8917361,PM10,136,171,152
India,Uttar_Pradesh,Lucknow,"Talkatora District Industries Center, Lucknow - CPCB",11-03-2026 15:00,26.83399722,80.8917361,NO2,31,36,34
India,Uttar_Pradesh,Lucknow,"Talkatora District Industries Center, Lucknow - CPCB",11-03-2026 15:00,26.83399722,80.8917361,NH3,8,10,9
India,Uttar_Pradesh,Lucknow,"Talkatora District Industries Center, Lucknow - CPCB",11-03-2026 15:00,26.83399722,80.8917361,OZONE,9,58,36
India,Uttar_Pradesh,Meerut,"Ganga Nagar, Meerut - UPPCB",11-03-2026 15:00,28.999264,77.7590354,PM10,NA,NA,NA
India,Uttar_Pradesh,Meerut,"Ganga Nagar, Meerut - UPPCB",11-03-2026 15:00,28.999264,77.7590354,OZONE,6,35,15
India,Uttar_Pradesh,Meerut,"Jai Bhim Nagar, Meerut - UPPCB",11-03-2026 15:00,28.9535882,77.7622941,OZONE,3,202,202
India,Uttar_Pradesh,Meerut,"Pallavpuram Phase 2, Meerut - UPPCB",11-03-2026 15:00,29.06351,77.709723,NO2,29,138,65
India,Uttar_Pradesh,Meerut,"Pallavpuram Phase 2, Meerut - UPPCB",11-03-2026 15:00,29.06351,77.709723,NH3,9,15,12
India,Uttar_Pradesh,Moradabad,"Transport Nagar, Moradabad - UPPCB",11-03-2026 15:00,28.802625,78.753728,OZONE,27,44,34
India,Uttar_Pradesh,Muzaffarnagar,"New Mandi, Muzaffarnagar - UPPCB",11-03-2026 15:00,29.4723508,77.7194031,PM2.5,102,354,279
India,Uttar_Pradesh,Muzaffarnagar,"New Mandi, Muzaffarnagar - UPPCB",11-03-2026 15:00,29.4723508,77.7194031,PM10,107,266,176
India,Uttar_Pradesh,Muzaffarnagar,"New Mandi, Muzaffarnagar - UPPCB",11-03-2026 15:00,29.4723508,77.7194031,NH3,9,18,15
India,Uttar_Pradesh,Muzaffarnagar,"New Mandi, Muzaffarnagar - UPPCB",11-03-2026 15:00,29.4723508,77.7194031,CO,32,113,89
India,Uttar_Pradesh,Noida,"Sector - 125, Noida - UPPCB",11-03-2026 15:00,28.5447608,77.3231257,SO2,2,9,6
India,Uttar_Pradesh,Noida,"Sector-1, Noida - UPPCB",11-03-2026 15:00,28.5898,77.3101,OZONE,4,240,153
India,Uttar_Pradesh,Noida,"Sector-116, Noida - UPPCB",11-03-2026 15:00,28.56923,77.393848,PM2.5,65,358,272
India,West_Bengal,Haldia,"Priyambada Housing Estate, Haldia - WBPCB",11-03-2026 15:00,22.06047,88.109737,PM10,48,97,71
India,West_Bengal,Haldia,"Priyambada Housing Estate, Haldia - WBPCB",11-03-2026 15:00,22.06047,88.109737,NO2,7,18,11
India,West_Bengal,Haldia,"Priyambada Housing Estate, Haldia - WBPCB",11-03-2026 15:00,22.06047,88.109737,OZONE,25,32,29
India,West_Bengal,Howrah,"Belur Math, Howrah - WBPCB",11-03-2026 15:00,22.629801,88.352017,OZONE,3,30,19
India,West_Bengal,Howrah,"Botanical Garden, Howrah - WBPCB",11-03-2026 15:00,22.554954,88.292568,NO2,6,24,11
India,Uttar_Pradesh,Moradabad,"Eco Herbal Park, Moradabad - UPPCB",11-03-2026 15:00,28.840739,78.697531,OZONE,2,66,32
India,Uttar_Pradesh,Moradabad,"Kashiram Nagar, Moradabad - UPPCB",11-03-2026 15:00,28.849399,78.742362,CO,33,70,42
India,Uttar_Pradesh,Moradabad,"Kashiram Nagar, Moradabad - UPPCB",11-03-2026 15:00,28.849399,78.742362,OZONE,5,54,23
India,Uttar_Pradesh,Moradabad,"Transport Nagar, Moradabad - UPPCB",11-03-2026 15:00,28.802625,78.753728,PM2.5,48,164,91
India,West_Bengal,Asansol,"Asansol Court Area, Asansol - WBPCB",11-03-2026 15:00,23.685297,86.945968,PM2.5,60,183,87
India,West_Bengal,Asansol,"Asansol Court Area, Asansol - WBPCB",11-03-2026 15:00,23.685297,86.945968,PM10,66,101,83
India,West_Bengal,Asansol,"Asansol Court Area, Asansol - WBPCB",11-03-2026 15:00,23.685297,86.945968,NO2,15,28,23
India,West_Bengal,Asansol,"Asansol Court Area, Asansol - WBPCB",11-03-2026 15:00,23.685297,86.945968,OZONE,15,46,33
India,West_Bengal,Howrah,"Dasnagar, Howrah - WBPCB",11-03-2026 15:00,22.6025571,88.3105664,SO2,4,34,12
India,West_Bengal,Howrah,"Ghusuri, Howrah - WBPCB",11-03-2026 15:00,22.611968,88.347422,PM2.5,62,94,73
India,West_Bengal,Howrah,"Ghusuri, Howrah - WBPCB",11-03-2026 15:00,22.611968,88.347422,SO2,9,14,11
India,West_Bengal,Howrah,"Padmapukur, Howrah - WBPCB",11-03-2026 15:00,22.5687319,88.2797276,PM10,68,114,95
India,West_Bengal,Kolkata,"Ballygunge, Kolkata - WBPCB",11-03-2026 15:00,22.5367507,88.3638022,PM10,58,96,72
India,West_Bengal,Kolkata,"Ballygunge, Kolkata - WBPCB",11-03-2026 15:00,22.5367507,88.3638022,NO2,16,29,20
India,West_Bengal,Kolkata,"Ballygunge, Kolkata - WBPCB",11-03-2026 15:00,22.5367507,88.3638022,NH3,6,7,6
India,West_Bengal,Kolkata,"Ballygunge, Kolkata - WBPCB",11-03-2026 15:00,22.5367507,88.3638022,CO,16,22,18
India,West_Bengal,Kolkata,"Bidhannagar, Kolkata - WBPCB",11-03-2026 15:00,22.58157048,88.41002457,NH3,6,7,6
India,West_Bengal,Kolkata,"Bidhannagar, Kolkata - WBPCB",11-03-2026 15:00,22.58157048,88.41002457,SO2,3,9,6
India,West_Bengal,Kolkata,"Fort William, Kolkata - WBPCB",11-03-2026 15:00,22.55664,88.342674,CO,18,32,21
India,West_Bengal,Kolkata,"Rabindra Bharati University, Kolkata - WBPCB",11-03-2026 15:00,22.627847,88.380669,PM2.5,67,86,76
India,West_Bengal,Kolkata,"Rabindra Bharati University, Kolkata - WBPCB",11-03-2026 15:00,22.627847,88.380669,NO2,22,80,50
India,West_Bengal,Kolkata,"Rabindra Sarobar, Kolkata - WBPCB",11-03-2026 15:00,22.51106,88.35142,NO2,41,128,80
India,West_Bengal,Kolkata,"Rabindra Sarobar, Kolkata - WBPCB",11-03-2026 15:00,22.51106,88.35142,SO2,4,23,10
India,West_Bengal,Kolkata,"Victoria, Kolkata - WBPCB",11-03-2026 15:00,22.5448082,88.3403691,PM2.5,34,68,54
India,West_Bengal,Siliguri,"Ward-32 Bapupara, Siliguri - WBPCB",11-03-2026 15:00,26.6879226,88.4152495,PM2.5,78,143,106
India,West_Bengal,Siliguri,"Ward-32 Bapupara, Siliguri - WBPCB",11-03-2026 15:00,26.6879226,88.4152495,NO2,18,89,54
India,West_Bengal,Siliguri,"Ward-32 Bapupara, Siliguri - WBPCB",11-03-2026 15:00,26.6879226,88.4152495,CO,23,96,34
